{"name": null, "run_number": 0, "data_file_name": "", "date_iso": "2022-03-28", "author": "Jonas", "description": "ohne nina daten", "architecture": [64, 40, 40, 30, 20, 10, 11], "bias_list": [1, 1, 1, 1, 1, 1], "train_acc": 0.9557986226199683, "loss_function": "categorical_cross_entropy", "activation_functions": ["relu", "relu", "relu", "relu", "relu", "softmax"], "lr": 0.003041, "epochs": 10, "batch_size": 512, "num_samples": 135765, "scaler": {"mean": [1.0152314661363392e-05, 2.4167134386623978e-05, 4.7004912900968665e-05, 5.6104003240894095e-05, 2.9654594335800848e-05, 6.15297904467278e-05, 0.00021792593820204028, 0.00020742369535594596, 7.524451810113066e-05, -3.1962361433359328e-06, -2.6371995727912204e-05, -0.00011976948403491328, -0.00024724914374102327, -0.0003718111221596142, -0.00048215798622619976, 9.048083084742019e-05, 0.00035774788789452375, 0.0005070152763967149, 0.0005804859278901043, 0.0007672428976540344, 1.4916355467167526e-05, 3.619510183036863e-05, 8.709760984053335e-05, 0.00010078042205281187, 9.33132913490221e-05, 4.72446948771775e-05, 0.00019036330423894215, 0.0001564746215887747, 0.00010322195705815199, -5.2269310941700634e-05, -6.570191139100654e-05, -0.00025855694766692454, -0.0005304637424962252, -0.000767861606452326, -0.0009775123411777703, 7.504142452031083e-05, 0.00023858718373660377, 0.00020442309873678794, 0.00017102337863219539, 0.00016218800132582016, 6.64326004493058e-05, 7.360089124590283e-05, 4.516868854270241e-05, 5.896864434869073e-05, 3.5676499834273697e-06, 3.654041174087581e-05, 7.1461466504622e-05, 0.00010054733546937714, 0.00019361955585018228, 0.00015117595109196026, 0.03384847459949177, 0.13819354069163628, 0.29029379947703754, 0.43254732860457407, 0.5758973848488197, -0.014647720472875927, -0.01250496546237985, -0.029602061002467497, -0.012301382101425258, -0.017495228505137548, 0.08305978960704156, -0.7843002002504327, -0.07890319850476928, -0.829329334209848], "std": [0.016630055074737173, 0.035335499834037824, 0.053640125498500425, 0.07035930600825532, 0.08696623573534074, 0.026669310819152584, 0.05059101663324514, 0.06826407519745714, 0.08549032202302646, 0.10126256003269167, 0.013998192969715351, 0.03183771851453885, 0.0487772885269321, 0.06509728448462893, 0.08014619615427836, 0.024709645553988812, 0.04853880820028597, 0.06981822362216267, 0.08953379759940544, 0.10715539364215063, 0.021265025052509386, 0.049460586145570626, 0.07711177446507045, 0.1038808554662707, 0.12740936559561689, 0.04263811717521937, 0.09335881293306196, 0.13877515536776242, 0.1800733620232183, 0.22027316866074084, 0.02309995031314027, 0.05876526126653375, 0.09537409198317504, 0.1270120641134338, 0.15375989444553037, 0.04227810439115921, 0.09878592773483644, 0.15635958530538824, 0.21208065963191045, 0.2646711869828876, 0.023410150813214427, 0.05199662080137292, 0.07528702247320768, 0.09305844305571384, 0.10684780060118265, 0.02428196809855898, 0.04997078440939507, 0.06831792597060292, 0.08039830685454956, 0.0876050957528968, 7.486039570893032, 25.917204379365003, 55.06802219115899, 81.26367953741999, 104.40594177996827, 4.133250333354104, 4.829264696570928, 5.370658827287476, 6.8377929003041835, 8.002284161262672, 0.1469569268435295, 0.6242719505604084, 0.1541969925392551, 0.6121553814204888]}, "loss_hist": [0.19245362718352055, 0.14765480322210006, 0.14907351979778183, 0.1301183246260594, 0.09472956454368688, 0.10813152555231252, 0.09195325408804947, 0.10354894683745189, 0.11706928634868542, 0.11661503441615813], "acc_hist": [0.9293337752734504, 0.9463263727764888, 0.9477184841453983, 0.9532869296210363, 0.9619857842595662, 0.9584281663167974, 0.9624350900452988, 0.9589879571318086, 0.9560416896843811, 0.9557986226199683], "val_acc_hist": [0.9068928287305376, 0.931867257642914, 0.9323786793953859, 0.9428344130014774, 0.9526082509376066, 0.9464427775883623, 0.9536310944425503, 0.94672690078418, 0.9468973747016707, 0.9441982043414024], "f1_score_hist": [[0.960349634280115, 0.7697828817513009, 0.7538100820633059, 0.8475538160469668, 0.5250272034820457, 0.42021803766105054, 0.7709320695102685, 0.8712629652226969, 0.7766618842659015, 0.7604224569205114, 0.7371900826446282], [0.968477198128361, 0.7826243044336744, 0.7997646597372033, 0.8741834706049418, 0.8182941903584673, 0.8054187192118226, 0.7884615384615384, 0.8144220572640508, 0.8242312987608996, 0.8935336381450033, 0.8209435811283773], [0.9694618086693293, 0.8157750593390543, 0.7750045545636727, 0.866161846546848, 0.7969289827255279, 0.7735537190082643, 0.7914746543778802, 0.8679033164699269, 0.8898809523809524, 0.8883280757097792, 0.8486084802564478], [0.9724685834881267, 0.8501577287066245, 0.802870090634441, 0.845162429378531, 0.9032116146062473, 0.8596601636249214, 0.8237162519851774, 0.8812572759022119, 0.8852781880846874, 0.8515439429928741, 0.8396078988492683], [0.9776629546626903, 0.8289693593314764, 0.8152299961345186, 0.8982791586998089, 0.9201176736818284, 0.8506024096385542, 0.8789659224441834, 0.8722566122678672, 0.9205366357069145, 0.9168303863785199, 0.8656364974245769], [0.9756916068230425, 0.8343283582089551, 0.7930971176794565, 0.8884857742982623, 0.8947600176133863, 0.8188529244747303, 0.8053142565150742, 0.8671171171171171, 0.9314495028780743, 0.8852056476365869, 0.8821843415296425], [0.9778927359366727, 0.8279668813247469, 0.8219389725762843, 0.8789245925789523, 0.9392491467576792, 0.8846398980242192, 0.8574537540805223, 0.887218045112782, 0.9006490264603095, 0.9141381536475145, 0.8936040299190963], [0.9759800471013547, 0.8002131060202451, 0.8310502283105023, 0.8999616711383671, 0.9388888888888889, 0.7511737089201879, 0.8754491017964071, 0.8274406332453826, 0.9370409233997902, 0.8922305764411028, 0.8538681948424068], [0.973999808116665, 0.8278133577310155, 0.7857401375316685, 0.9044965411222138, 0.9075520833333334, 0.868923076923077, 0.8415474297827239, 0.7819623389494549, 0.8799222168206126, 0.9059936908517351, 0.8465578424414478], [0.973878594583746, 0.7946412832716376, 0.7997777366178922, 0.8824289405684754, 0.8658511300020734, 0.7919826652221018, 0.8347457627118644, 0.868788386376326, 0.9151670951156812, 0.894088669950739, 0.9108515216723025]],