{"name": null, "run_number": 0, "data_file_name": "", "date_iso": "2022-03-28", "author": "Jonas", "description": "ohne nina daten", "architecture": [64, 40, 40, 30, 20, 10, 11], "bias_list": [1, 1, 1, 1, 1, 1], "train_acc": 0.9643722608919825, "loss_function": "categorical_cross_entropy", "activation_functions": ["relu", "relu", "relu", "relu", "relu", "softmax"], "lr": 0.00317, "epochs": 10, "batch_size": 64, "num_samples": 135765, "scaler": {"mean": [1.0152314661363392e-05, 2.4167134386623978e-05, 4.7004912900968665e-05, 5.6104003240894095e-05, 2.9654594335800848e-05, 6.15297904467278e-05, 0.00021792593820204028, 0.00020742369535594596, 7.524451810113066e-05, -3.1962361433359328e-06, -2.6371995727912204e-05, -0.00011976948403491328, -0.00024724914374102327, -0.0003718111221596142, -0.00048215798622619976, 9.048083084742019e-05, 0.00035774788789452375, 0.0005070152763967149, 0.0005804859278901043, 0.0007672428976540344, 1.4916355467167526e-05, 3.619510183036863e-05, 8.709760984053335e-05, 0.00010078042205281187, 9.33132913490221e-05, 4.72446948771775e-05, 0.00019036330423894215, 0.0001564746215887747, 0.00010322195705815199, -5.2269310941700634e-05, -6.570191139100654e-05, -0.00025855694766692454, -0.0005304637424962252, -0.000767861606452326, -0.0009775123411777703, 7.504142452031083e-05, 0.00023858718373660377, 0.00020442309873678794, 0.00017102337863219539, 0.00016218800132582016, 6.64326004493058e-05, 7.360089124590283e-05, 4.516868854270241e-05, 5.896864434869073e-05, 3.5676499834273697e-06, 3.654041174087581e-05, 7.1461466504622e-05, 0.00010054733546937714, 0.00019361955585018228, 0.00015117595109196026, 0.03384847459949177, 0.13819354069163628, 0.29029379947703754, 0.43254732860457407, 0.5758973848488197, -0.014647720472875927, -0.01250496546237985, -0.029602061002467497, -0.012301382101425258, -0.017495228505137548, 0.08305978960704156, -0.7843002002504327, -0.07890319850476928, -0.829329334209848], "std": [0.016630055074737173, 0.035335499834037824, 0.053640125498500425, 0.07035930600825532, 0.08696623573534074, 0.026669310819152584, 0.05059101663324514, 0.06826407519745714, 0.08549032202302646, 0.10126256003269167, 0.013998192969715351, 0.03183771851453885, 0.0487772885269321, 0.06509728448462893, 0.08014619615427836, 0.024709645553988812, 0.04853880820028597, 0.06981822362216267, 0.08953379759940544, 0.10715539364215063, 0.021265025052509386, 0.049460586145570626, 0.07711177446507045, 0.1038808554662707, 0.12740936559561689, 0.04263811717521937, 0.09335881293306196, 0.13877515536776242, 0.1800733620232183, 0.22027316866074084, 0.02309995031314027, 0.05876526126653375, 0.09537409198317504, 0.1270120641134338, 0.15375989444553037, 0.04227810439115921, 0.09878592773483644, 0.15635958530538824, 0.21208065963191045, 0.2646711869828876, 0.023410150813214427, 0.05199662080137292, 0.07528702247320768, 0.09305844305571384, 0.10684780060118265, 0.02428196809855898, 0.04997078440939507, 0.06831792597060292, 0.08039830685454956, 0.0876050957528968, 7.486039570893032, 25.917204379365003, 55.06802219115899, 81.26367953741999, 104.40594177996827, 4.133250333354104, 4.829264696570928, 5.370658827287476, 6.8377929003041835, 8.002284161262672, 0.1469569268435295, 0.6242719505604084, 0.1541969925392551, 0.6121553814204888]}, "loss_hist": [0.2143304064677267, 0.1289666832072695, 0.11767342540133333, 0.11868436865706225, 0.10749775485876052, 0.08867084989482465, 0.09104930991637646, 0.09852160886138363, 0.10702650827031404, 0.08634751297744633], "acc_hist": [0.9209811070599934, 0.9504806098773616, 0.9533679519758406, 0.9541708098552646, 0.9563363164291239, 0.9619047619047619, 0.9647552756601481, 0.9605273818730895, 0.9559385703237211, 0.9643722608919825], "val_acc_hist": [0.9000738720309126, 0.9420388680531878, 0.942152517331515, 0.9470678486191613, 0.9467837254233435, 0.9537447437208774, 0.9532049096488238, 0.9524946016592795, 0.9485168769178316, 0.9561313785657461], "f1_score_hist": [[0.953444883201336, 0.7846422338568936, 0.7728449870514243, 0.8077577407281388, 0.7854810831572883, 0.5467497773820125, 0.5542707944796716, 0.7117863720073665, 0.8700380641653072, 0.7820372398685651, 0.779723991507431], [0.9708037484388784, 0.8283499446290145, 0.8010550113036926, 0.8490347833822613, 0.9291301256221853, 0.788857938718663, 0.8403361344537814, 0.8470066518847006, 0.8646034816247582, 0.8946047678795483, 0.8094846491228069], [0.9724363252504896, 0.8307407407407408, 0.8180235931154516, 0.8563218390804597, 0.8388388388388389, 0.8674101610904584, 0.8574622694242595, 0.864225352112676, 0.92594510616261, 0.915032679738562, 0.8414528682617469], [0.9731070097836272, 0.805793991416309, 0.8007476635514019, 0.8855467272039349, 0.8893280632411067, 0.8691931540342298, 0.795, 0.8880643166357453, 0.912977099236641, 0.8753056234718827, 0.8282234355312894], [0.9743895746404523, 0.8131512756018685, 0.8263332682164485, 0.8623969562460367, 0.9326521133302369, 0.8246013667425969, 0.8471232876712329, 0.8500823723228995, 0.9376664890783164, 0.8989328311362209, 0.843616718794427], [0.9776397676926475, 0.8057502246181492, 0.8101361573373677, 0.8919946757938771, 0.9286518118388476, 0.8847150259067358, 0.8815111619919863, 0.8689265536723164, 0.9324827219564061, 0.8954838709677418, 0.8834414043966472], [0.9793415413623252, 0.8263800327928583, 0.8237816764132553, 0.8884709422606732, 0.9475125513464172, 0.8972691807542263, 0.8833238474672738, 0.8840413318025258, 0.9350237717908083, 0.9210866752910738, 0.8851504367518602], [0.9767783044255777, 0.8263494967978042, 0.7920646583394563, 0.8903458760927404, 0.9489747257987602, 0.8977777777777777, 0.8922702373706634, 0.8508530544854155, 0.9217301750772401, 0.8969394128669581, 0.856854548075537], [0.9743681350999264, 0.8535469107551488, 0.7703467799009199, 0.9018188930177979, 0.9039913700107876, 0.7295666483817882, 0.8491978609625669, 0.8504366812227074, 0.8690647482014389, 0.8664259927797835, 0.8536236035519907], [0.9791506862375462, 0.8702713408595761, 0.8141660319878141, 0.9035230872612077, 0.8996986655187258, 0.8749244712990937, 0.8768529076396806, 0.892434988179669, 0.9110212335692619, 0.9026098026734564, 0.8777531411677754]],