{"name": null, "run_number": 0, "data_file_name": "", "date_iso": "2022-03-28", "author": "Jonas", "description": "ohne nina daten", "architecture": [64, 40, 40, 30, 20, 10, 11], "bias_list": [1, 1, 1, 1, 1, 1], "train_acc": 0.9650130740617979, "loss_function": "categorical_cross_entropy", "activation_functions": ["relu", "relu", "relu", "relu", "relu", "softmax"], "lr": 0.004206, "epochs": 10, "batch_size": 512, "num_samples": 135765, "scaler": {"mean": [1.0152314661363392e-05, 2.4167134386623978e-05, 4.7004912900968665e-05, 5.6104003240894095e-05, 2.9654594335800848e-05, 6.15297904467278e-05, 0.00021792593820204028, 0.00020742369535594596, 7.524451810113066e-05, -3.1962361433359328e-06, -2.6371995727912204e-05, -0.00011976948403491328, -0.00024724914374102327, -0.0003718111221596142, -0.00048215798622619976, 9.048083084742019e-05, 0.00035774788789452375, 0.0005070152763967149, 0.0005804859278901043, 0.0007672428976540344, 1.4916355467167526e-05, 3.619510183036863e-05, 8.709760984053335e-05, 0.00010078042205281187, 9.33132913490221e-05, 4.72446948771775e-05, 0.00019036330423894215, 0.0001564746215887747, 0.00010322195705815199, -5.2269310941700634e-05, -6.570191139100654e-05, -0.00025855694766692454, -0.0005304637424962252, -0.000767861606452326, -0.0009775123411777703, 7.504142452031083e-05, 0.00023858718373660377, 0.00020442309873678794, 0.00017102337863219539, 0.00016218800132582016, 6.64326004493058e-05, 7.360089124590283e-05, 4.516868854270241e-05, 5.896864434869073e-05, 3.5676499834273697e-06, 3.654041174087581e-05, 7.1461466504622e-05, 0.00010054733546937714, 0.00019361955585018228, 0.00015117595109196026, 0.03384847459949177, 0.13819354069163628, 0.29029379947703754, 0.43254732860457407, 0.5758973848488197, -0.014647720472875927, -0.01250496546237985, -0.029602061002467497, -0.012301382101425258, -0.017495228505137548, 0.08305978960704156, -0.7843002002504327, -0.07890319850476928, -0.829329334209848], "std": [0.016630055074737173, 0.035335499834037824, 0.053640125498500425, 0.07035930600825532, 0.08696623573534074, 0.026669310819152584, 0.05059101663324514, 0.06826407519745714, 0.08549032202302646, 0.10126256003269167, 0.013998192969715351, 0.03183771851453885, 0.0487772885269321, 0.06509728448462893, 0.08014619615427836, 0.024709645553988812, 0.04853880820028597, 0.06981822362216267, 0.08953379759940544, 0.10715539364215063, 0.021265025052509386, 0.049460586145570626, 0.07711177446507045, 0.1038808554662707, 0.12740936559561689, 0.04263811717521937, 0.09335881293306196, 0.13877515536776242, 0.1800733620232183, 0.22027316866074084, 0.02309995031314027, 0.05876526126653375, 0.09537409198317504, 0.1270120641134338, 0.15375989444553037, 0.04227810439115921, 0.09878592773483644, 0.15635958530538824, 0.21208065963191045, 0.2646711869828876, 0.023410150813214427, 0.05199662080137292, 0.07528702247320768, 0.09305844305571384, 0.10684780060118265, 0.02428196809855898, 0.04997078440939507, 0.06831792597060292, 0.08039830685454956, 0.0876050957528968, 7.486039570893032, 25.917204379365003, 55.06802219115899, 81.26367953741999, 104.40594177996827, 4.133250333354104, 4.829264696570928, 5.370658827287476, 6.8377929003041835, 8.002284161262672, 0.1469569268435295, 0.6242719505604084, 0.1541969925392551, 0.6121553814204888]}, "loss_hist": [0.2172181254315275, 0.128329868530419, 0.13172688437305635, 0.12692259214682952, 0.0994512441752923, 0.10392447051913481, 0.08808036011834938, 0.08623382513943471, 0.11602872287135775, 0.09119716313012241], "acc_hist": [0.9248407174161235, 0.9531617132545207, 0.9521305196479211, 0.9542297352042132, 0.9597539866681398, 0.9585165543402202, 0.96335579862262, 0.9647037159798181, 0.9591573675100358, 0.9650130740617979], "val_acc_hist": [0.9058131605864302, 0.9438288441868394, 0.9398795317649733, 0.9430332992385498, 0.9472099102170701, 0.9468405500625071, 0.951812705989317, 0.9547107625866575, 0.9489146493919763, 0.9548244118649847], "f1_score_hist": [[0.9579192888262993, 0.7754189944134078, 0.7584869059165859, 0.7220260936300843, 0.8491668470028133, 0.30425963488843816, 0.6276870163370594, 0.8677635588056064, 0.7866728366496992, 0.8649334178820547, 0.7803040495089466], [0.9726134517303399, 0.8110924995347105, 0.819016527239339, 0.8694606346563049, 0.9067431850789096, 0.8065494238932687, 0.8328579577866514, 0.8709865732632809, 0.8509433962264151, 0.8987012987012987, 0.8075027382256299], [0.9720492965426982, 0.8242085661080075, 0.7635782747603834, 0.881897115115302, 0.8709812108559499, 0.8589185829707894, 0.8477987421383647, 0.814621409921671, 0.8918650793650793, 0.8868159203980099, 0.8289436420277542], [0.9729819225926201, 0.8095323418742162, 0.8149728471683476, 0.8509045539613225, 0.9460561016542797, 0.8707395498392282, 0.8696138780078344, 0.9007263922518158, 0.8835616438356164, 0.8766788766788768, 0.8233499722684414], [0.976440541033593, 0.8558611273649307, 0.8262578616352201, 0.8803131991051454, 0.9356994699239456, 0.7648305084745763, 0.8328884143085957, 0.8512035010940918, 0.9086294416243655, 0.8875230485556238, 0.8645406670567584], [0.9755405822759482, 0.8119920534585515, 0.8132200188857412, 0.8789582162263444, 0.9276785714285715, 0.8395061728395062, 0.865771812080537, 0.8714205502526671, 0.9264475743348983, 0.898989898989899, 0.8616681197326359], [0.9784273756342976, 0.860650945234847, 0.8412986489211535, 0.8795801878107162, 0.9182058047493403, 0.8818407960199005, 0.8137506413545407, 0.9052757793764987, 0.9146341463414633, 0.8984962406015038, 0.8871233698096238], [0.9793359466265154, 0.8666532985762982, 0.8334323628441276, 0.8749770178341607, 0.9524036173250833, 0.8605378361475923, 0.8855602156980228, 0.8611111111111112, 0.9183359013867489, 0.8764455264759585, 0.8920060331825037], [0.9759496809385235, 0.849754624386561, 0.7933369943254621, 0.9118998728854992, 0.9320695102685624, 0.8590203106332138, 0.8697086311159978, 0.855726872246696, 0.909367088607595, 0.8657074340527577, 0.8216350123864575], [0.9794341798382132, 0.8650425367362722, 0.8544978868987725, 0.9044976076555025, 0.9025177533892835, 0.8643457382953182, 0.8633641807294502, 0.8852266038846381, 0.9130434782608695, 0.8657074340527577, 0.8794682422451995]],