{"name": null, "run_number": 0, "data_file_name": "", "date_iso": "2022-03-28", "author": "Jonas", "description": "ohne nina daten", "architecture": [64, 40, 40, 30, 20, 10, 11], "bias_list": [1, 1, 1, 1, 1, 1], "train_acc": 0.9563436820977425, "loss_function": "categorical_cross_entropy", "activation_functions": ["relu", "relu", "relu", "relu", "relu", "softmax"], "lr": 0.004821, "epochs": 10, "batch_size": 512, "num_samples": 135765, "scaler": {"mean": [1.0152314661363392e-05, 2.4167134386623978e-05, 4.7004912900968665e-05, 5.6104003240894095e-05, 2.9654594335800848e-05, 6.15297904467278e-05, 0.00021792593820204028, 0.00020742369535594596, 7.524451810113066e-05, -3.1962361433359328e-06, -2.6371995727912204e-05, -0.00011976948403491328, -0.00024724914374102327, -0.0003718111221596142, -0.00048215798622619976, 9.048083084742019e-05, 0.00035774788789452375, 0.0005070152763967149, 0.0005804859278901043, 0.0007672428976540344, 1.4916355467167526e-05, 3.619510183036863e-05, 8.709760984053335e-05, 0.00010078042205281187, 9.33132913490221e-05, 4.72446948771775e-05, 0.00019036330423894215, 0.0001564746215887747, 0.00010322195705815199, -5.2269310941700634e-05, -6.570191139100654e-05, -0.00025855694766692454, -0.0005304637424962252, -0.000767861606452326, -0.0009775123411777703, 7.504142452031083e-05, 0.00023858718373660377, 0.00020442309873678794, 0.00017102337863219539, 0.00016218800132582016, 6.64326004493058e-05, 7.360089124590283e-05, 4.516868854270241e-05, 5.896864434869073e-05, 3.5676499834273697e-06, 3.654041174087581e-05, 7.1461466504622e-05, 0.00010054733546937714, 0.00019361955585018228, 0.00015117595109196026, 0.03384847459949177, 0.13819354069163628, 0.29029379947703754, 0.43254732860457407, 0.5758973848488197, -0.014647720472875927, -0.01250496546237985, -0.029602061002467497, -0.012301382101425258, -0.017495228505137548, 0.08305978960704156, -0.7843002002504327, -0.07890319850476928, -0.829329334209848], "std": [0.016630055074737173, 0.035335499834037824, 0.053640125498500425, 0.07035930600825532, 0.08696623573534074, 0.026669310819152584, 0.05059101663324514, 0.06826407519745714, 0.08549032202302646, 0.10126256003269167, 0.013998192969715351, 0.03183771851453885, 0.0487772885269321, 0.06509728448462893, 0.08014619615427836, 0.024709645553988812, 0.04853880820028597, 0.06981822362216267, 0.08953379759940544, 0.10715539364215063, 0.021265025052509386, 0.049460586145570626, 0.07711177446507045, 0.1038808554662707, 0.12740936559561689, 0.04263811717521937, 0.09335881293306196, 0.13877515536776242, 0.1800733620232183, 0.22027316866074084, 0.02309995031314027, 0.05876526126653375, 0.09537409198317504, 0.1270120641134338, 0.15375989444553037, 0.04227810439115921, 0.09878592773483644, 0.15635958530538824, 0.21208065963191045, 0.2646711869828876, 0.023410150813214427, 0.05199662080137292, 0.07528702247320768, 0.09305844305571384, 0.10684780060118265, 0.02428196809855898, 0.04997078440939507, 0.06831792597060292, 0.08039830685454956, 0.0876050957528968, 7.486039570893032, 25.917204379365003, 55.06802219115899, 81.26367953741999, 104.40594177996827, 4.133250333354104, 4.829264696570928, 5.370658827287476, 6.8377929003041835, 8.002284161262672, 0.1469569268435295, 0.6242719505604084, 0.1541969925392551, 0.6121553814204888]}, "loss_hist": [0.1738979931860561, 0.1288912142657118, 0.13808946343278183, 0.1360335749882039, 0.10753535479824422, 0.10221231588140618, 0.10707651223661047, 0.10080769825360249, 0.11877233810573866, 0.11071523911940158], "acc_hist": [0.937900047876846, 0.9523809523809523, 0.9509225499944758, 0.9481530585938939, 0.9570728832909807, 0.9575958457628991, 0.9589732257945714, 0.9576105771001363, 0.9549883990719258, 0.9563436820977425], "val_acc_hist": [0.9243664052733265, 0.9406182520740993, 0.9367541766109785, 0.9349926127969087, 0.9435447209910217, 0.9451358108876009, 0.9425787021252415, 0.9489430617115582, 0.9442834413001477, 0.942891237640641], "f1_score_hist": [[0.9658223734101792, 0.7754293262879789, 0.7753067484662578, 0.8175153158581903, 0.8351449275362319, 0.35644768856447684, 0.7181467181467182, 0.8606701940035273, 0.8751334044823906, 0.782014797951053, 0.7703664645399418], [0.9720705394010329, 0.8299080054805246, 0.7921508858830252, 0.8738300262074129, 0.9284549056164063, 0.7544331004836109, 0.8198689956331877, 0.8547008547008547, 0.8638542665388302, 0.889589905362776, 0.8075596634018486], [0.9714113594992078, 0.8148012456493864, 0.7878899082568808, 0.8863144014316662, 0.8404981920449979, 0.7916666666666667, 0.8083028083028084, 0.8627893845285151, 0.9015075376884422, 0.8928344958782499, 0.8170070862859524], [0.9693267651888342, 0.812623985572588, 0.7915898192548875, 0.8318860715526224, 0.9247985675917637, 0.8037825059101654, 0.8468271334792123, 0.8735763097949887, 0.8957298907646475, 0.8092031425364759, 0.8250140213123949], [0.9748019782600186, 0.8230316409124355, 0.8242924528301886, 0.8962480857580397, 0.9018229738633867, 0.7103984450923225, 0.8340425531914893, 0.8839080459770116, 0.9181677817807515, 0.8983818770226537, 0.8487031700288186], [0.9750569064644874, 0.8196242932701077, 0.8112206216830934, 0.8677806029785688, 0.928266246908028, 0.8256772673733805, 0.8204592901878914, 0.87450312322544, 0.9147524247064829, 0.8940438871473355, 0.875226586102719], [0.9759517383159696, 0.8324384373264211, 0.8297151961760606, 0.863397865026235, 0.9305586971273468, 0.8761651131824234, 0.8004104669061056, 0.8770114942528735, 0.9134419551934826, 0.9081567116249196, 0.8643671441099094], [0.9749763866581354, 0.8319109461966606, 0.8122590593677718, 0.8565299007776883, 0.9199644286349488, 0.8231850117096019, 0.8935185185185186, 0.8691746209994384, 0.9365333333333333, 0.8877805486284289, 0.8684827182190977], [0.9733950714173599, 0.8215132178669098, 0.7506453278265358, 0.9081832419733751, 0.9323410013531801, 0.7793326157158235, 0.8651010376843256, 0.8757799205899036, 0.8994497248624312, 0.860202260559191, 0.8390642615558063], [0.9743424350062108, 0.7933566433566434, 0.8137199166192912, 0.9115035613230558, 0.9078661451542807, 0.6681901279707495, 0.8370607028753995, 0.8864678899082568, 0.873062015503876, 0.8311239193083573, 0.8964996982498491]],