{"name": null, "run_number": 0, "data_file_name": "", "date_iso": "2022-03-29", "author": "Jonas", "description": "alle daten", "architecture": [52, 40, 30, 20, 10, 4], "bias_list": [1, 1, 1, 1, 1], "train_acc": 0.8475398002739555, "loss_function": "categorical_cross_entropy", "activation_functions": ["sigmoid", "sigmoid", "sigmoid", "sigmoid", "softmax"], "lr": 0.000655, "epochs": 80, "batch_size": 64, "num_samples": 175941, "scaler": {"mean": [7.145534014243414e-05, 0.000214723731250817, 0.0002962366077264539, 0.00028962320323290205, 0.00020473225683609845, 0.0005377527466593915, 0.0007857292899324205, 0.0009979586338602145, -9.789758498587594e-05, -0.0002813267515814961, -0.0005339877061060243, -0.0009100138910202851, 0.00022351264912669582, 0.0005792480376944544, 0.0009174120983738869, 0.0013180990218311821, 0.00010581294865892545, 0.0003001874378342741, 0.00042514588981533576, 0.0004994684127065322, 0.0003244190438840292, 0.0009335439891781904, 0.001378535736411638, 0.0019132967187864113, -0.00013363630421561775, -0.0004159266913340268, -0.0007995690600826413, -0.0012652502713977982, 0.000330358193940014, 0.0008745539754804167, 0.0013460370578773566, 0.0019443878913954114, 0.00020750479422078995, 0.0005117411234447911, 0.0007435049874673896, 0.0010395394365156504, 0.00016838653866921296, 0.0004775128878430838, 0.0007466974951830443, 0.001072848193428479, 0.040515172245241295, 0.15569370814648098, 0.3255709493750745, 0.49476294283879246, -0.014382112441102414, -0.04076613622180162, -0.07670976829732694, -0.0636619687281532, 0.07296218944418868, -0.7827176576750159, -0.06406082311115659, -0.8201569928328246], "std": [0.0451672455401864, 0.07667305396123224, 0.09644837322340365, 0.11577331882617709, 0.04823251839431375, 0.0810169862297191, 0.1103593971889606, 0.1352344690646171, 0.047750888410549926, 0.07498652186571288, 0.10533130758708839, 0.12777795418109966, 0.05057434687973171, 0.07977739090553518, 0.11292171302365904, 0.14317390835328775, 0.05164281292461256, 0.08697618311692276, 0.112888519684835, 0.13685154814636621, 0.07200327557411249, 0.13061454906830514, 0.18648873303125896, 0.23707345272077518, 0.05261773179060906, 0.08885798723742322, 0.13082555160128834, 0.1633833412117642, 0.08191118447906211, 0.1417805882102565, 0.20738622077121388, 0.2703755374723751, 0.037827524758807365, 0.06878732916150937, 0.0937614933914955, 0.11443066371580439, 0.03543388578062412, 0.06536679157984299, 0.08608064733718998, 0.10145928453077022, 8.611797742106258, 24.6458371615954, 50.548251966329666, 73.85426862400588, 5.8556762426565525, 9.75107382879198, 12.41373658384884, 15.835755828950415, 0.15067176815151623, 0.5850823722634543, 0.1521215518880569, 0.5779450673972657]}, "loss_hist": [0.5517089706122855, 0.5565786257128683, 0.5719380168028647, 0.565239160116667, 0.5614952703128234, 0.565085685833525, 0.5469301733584297, 0.5636179281162289, 0.5490914700842174, 0.5429204214892821, 0.5517998802240136, 0.557638265263794, 0.5545511623738684, 0.5651776704664943, 0.5641660288469759, 0.5552834696319382, 0.5509235372836517, 0.5712010889942375, 0.555265741805899, 0.5634953023115657, 0.5451521742862631, 0.5601044967322736, 0.5653026992684594, 0.5484955583472599, 0.56197285243226, 0.5674198299507873, 0.5539217363981508, 0.5644780929861544, 0.5528135081461195, 0.5448168310602798, 0.5517056722206117, 0.5522862209135169, 0.5555678679645414, 0.5518836766510515, 0.5531807336170065, 0.539650037519903, 0.5647774181788985, 0.5729664289245292, 0.560209033014764, 0.5569262145863406, 0.5617056092765944, 0.5592161061091584, 0.5876335799466389, 0.5503691725945177, 0.5555136487198621, 0.5591124379218333, 0.5610207707971601, 0.552364511665001, 0.565076108237795, 0.5673606160981309, 0.5329729763131594, 0.5564320417100027, 0.5630937329643325, 0.5480613482094093, 0.5551369626713728, 0.5594585054473964, 0.5450217412182655, 0.5512681561468317, 0.5669939095647109, 0.55592661318876, 0.5405720115767133, 0.5623315947555101, 0.5517393400465368, 0.5530809745909948, 0.5768712504336436, 0.5617530741125811, 0.5325404429953075, 0.5581881770015885, 0.5578046922907832, 0.5693676683093265, 0.5692061089580397, 0.5533493465160021, 0.5681000366079324, 0.5592932451572814, 0.5597688944001281, 0.5556614271258528, 0.5629621464190051, 0.5552018929394459, 0.5596393472943721, 0.5543475844445429], "acc_hist": [0.8475398002739555, 0.8475398002739555, 0.8475398002739555, 0.8475398002739555, 0.8475398002739555, 0.8475398002739555, 0.8475398002739555, 0.8475398002739555, 0.8475398002739555, 0.8475398002739555, 0.8475398002739555, 0.8475398002739555, 0.8475398002739555, 0.8475398002739555, 0.8475398002739555, 0.8475398002739555, 0.8475398002739555, 0.8475398002739555, 0.8475398002739555, 0.8475398002739555, 0.8475398002739555, 0.8475398002739555, 0.8475398002739555, 0.8475398002739555, 0.8475398002739555, 0.8475398002739555, 0.8475398002739555, 0.8475398002739555, 0.8475398002739555, 0.8475398002739555, 0.8475398002739555, 0.8475398002739555, 0.8475398002739555, 0.8475398002739555, 0.8475398002739555, 0.8475398002739555, 0.8475398002739555, 0.8475398002739555, 0.8475398002739555, 0.8475398002739555, 0.8475398002739555, 0.8475398002739555, 0.8475398002739555, 0.8475398002739555, 0.8475398002739555, 0.8475398002739555, 0.8475398002739555, 0.8475398002739555, 0.8475398002739555, 0.8475398002739555, 0.8475398002739555, 0.8475398002739555, 0.8475398002739555, 0.8475398002739555, 0.8475398002739555, 0.8475398002739555, 0.8475398002739555, 0.8475398002739555, 0.8475398002739555, 0.8475398002739555, 0.8475398002739555, 0.8475398002739555, 0.8475398002739555, 0.8475398002739555, 0.8475398002739555, 0.8475398002739555, 0.8475398002739555, 0.8475398002739555, 0.8475398002739555, 0.8475398002739555, 0.8475398002739555, 0.8475398002739555, 0.8475398002739555, 0.8475398002739555, 0.8475398002739555, 0.8475398002739555, 0.8475398002739555, 0.8475398002739555, 0.8475398002739555, 0.8475398002739555], "val_acc_hist": [0.8448929111289974, 0.8448929111289974, 0.8448929111289974, 0.8448929111289974, 0.8448929111289974, 0.8448929111289974, 0.8448929111289974, 0.8448929111289974, 0.8448929111289974, 0.8448929111289974, 0.8448929111289974, 0.8448929111289974, 0.8448929111289974, 0.8448929111289974, 0.8448929111289974, 0.8448929111289974, 0.8448929111289974, 0.8448929111289974, 0.8448929111289974, 0.8448929111289974, 0.8448929111289974, 0.8448929111289974, 0.8448929111289974, 0.8448929111289974, 0.8448929111289974, 0.8448929111289974, 0.8448929111289974, 0.8448929111289974, 0.8448929111289974, 0.8448929111289974, 0.8448929111289974, 0.8448929111289974, 0.8448929111289974, 0.8448929111289974, 0.8448929111289974, 0.8448929111289974, 0.8448929111289974, 0.8448929111289974, 0.8448929111289974, 0.8448929111289974, 0.8448929111289974, 0.8448929111289974, 0.8448929111289974, 0.8448929111289974, 0.8448929111289974, 0.8448929111289974, 0.8448929111289974, 0.8448929111289974, 0.8448929111289974, 0.8448929111289974, 0.8448929111289974, 0.8448929111289974, 0.8448929111289974, 0.8448929111289974, 0.8448929111289974, 0.8448929111289974, 0.8448929111289974, 0.8448929111289974, 0.8448929111289974, 0.8448929111289974, 0.8448929111289974, 0.8448929111289974, 0.8448929111289974, 0.8448929111289974, 0.8448929111289974, 0.8448929111289974, 0.8448929111289974, 0.8448929111289974, 0.8448929111289974, 0.8448929111289974, 0.8448929111289974, 0.8448929111289974, 0.8448929111289974, 0.8448929111289974, 0.8448929111289974, 0.8448929111289974, 0.8448929111289974, 0.8448929111289974, 0.8448929111289974, 0.8448929111289974],