{"name": null, "run_number": 0, "data_file_name": "", "date_iso": "2022-03-28", "author": "Jonas", "description": "ohne nina daten", "architecture": [64, 40, 40, 30, 20, 10, 11], "bias_list": [1, 1, 1, 1, 1, 1], "train_acc": 0.9591279048355614, "loss_function": "categorical_cross_entropy", "activation_functions": ["leaky_relu", "leaky_relu", "leaky_relu", "leaky_relu", "leaky_relu", "softmax"], "lr": 0.000827, "epochs": 10, "batch_size": 64, "num_samples": 135765, "scaler": {"mean": [1.0152314661363392e-05, 2.4167134386623978e-05, 4.7004912900968665e-05, 5.6104003240894095e-05, 2.9654594335800848e-05, 6.15297904467278e-05, 0.00021792593820204028, 0.00020742369535594596, 7.524451810113066e-05, -3.1962361433359328e-06, -2.6371995727912204e-05, -0.00011976948403491328, -0.00024724914374102327, -0.0003718111221596142, -0.00048215798622619976, 9.048083084742019e-05, 0.00035774788789452375, 0.0005070152763967149, 0.0005804859278901043, 0.0007672428976540344, 1.4916355467167526e-05, 3.619510183036863e-05, 8.709760984053335e-05, 0.00010078042205281187, 9.33132913490221e-05, 4.72446948771775e-05, 0.00019036330423894215, 0.0001564746215887747, 0.00010322195705815199, -5.2269310941700634e-05, -6.570191139100654e-05, -0.00025855694766692454, -0.0005304637424962252, -0.000767861606452326, -0.0009775123411777703, 7.504142452031083e-05, 0.00023858718373660377, 0.00020442309873678794, 0.00017102337863219539, 0.00016218800132582016, 6.64326004493058e-05, 7.360089124590283e-05, 4.516868854270241e-05, 5.896864434869073e-05, 3.5676499834273697e-06, 3.654041174087581e-05, 7.1461466504622e-05, 0.00010054733546937714, 0.00019361955585018228, 0.00015117595109196026, 0.03384847459949177, 0.13819354069163628, 0.29029379947703754, 0.43254732860457407, 0.5758973848488197, -0.014647720472875927, -0.01250496546237985, -0.029602061002467497, -0.012301382101425258, -0.017495228505137548, 0.08305978960704156, -0.7843002002504327, -0.07890319850476928, -0.829329334209848], "std": [0.016630055074737173, 0.035335499834037824, 0.053640125498500425, 0.07035930600825532, 0.08696623573534074, 0.026669310819152584, 0.05059101663324514, 0.06826407519745714, 0.08549032202302646, 0.10126256003269167, 0.013998192969715351, 0.03183771851453885, 0.0487772885269321, 0.06509728448462893, 0.08014619615427836, 0.024709645553988812, 0.04853880820028597, 0.06981822362216267, 0.08953379759940544, 0.10715539364215063, 0.021265025052509386, 0.049460586145570626, 0.07711177446507045, 0.1038808554662707, 0.12740936559561689, 0.04263811717521937, 0.09335881293306196, 0.13877515536776242, 0.1800733620232183, 0.22027316866074084, 0.02309995031314027, 0.05876526126653375, 0.09537409198317504, 0.1270120641134338, 0.15375989444553037, 0.04227810439115921, 0.09878592773483644, 0.15635958530538824, 0.21208065963191045, 0.2646711869828876, 0.023410150813214427, 0.05199662080137292, 0.07528702247320768, 0.09305844305571384, 0.10684780060118265, 0.02428196809855898, 0.04997078440939507, 0.06831792597060292, 0.08039830685454956, 0.0876050957528968, 7.486039570893032, 25.917204379365003, 55.06802219115899, 81.26367953741999, 104.40594177996827, 4.133250333354104, 4.829264696570928, 5.370658827287476, 6.8377929003041835, 8.002284161262672, 0.1469569268435295, 0.6242719505604084, 0.1541969925392551, 0.6121553814204888]}, "loss_hist": [0.17350712855072375, 0.1661914727776004, 0.12049987569255237, 0.12389628547078069, 0.10389780664133352, 0.10121912486589817, 0.12213061869608009, 0.10457264096161453, 0.11007136460902825, 0.1046924510370539], "acc_hist": [0.9427392921592458, 0.9379074135454646, 0.9534563399992634, 0.9547011379958016, 0.9591500018414172, 0.9579714948624461, 0.9537804294184805, 0.9601149044304497, 0.9571318086399293, 0.9591279048355614], "val_acc_hist": [0.9244516422320719, 0.9239686327991817, 0.9418683941356972, 0.945988180475054, 0.9479486305261962, 0.9479486305261962, 0.9434878963518581, 0.9507898624843732, 0.9476360950107967, 0.9508466871235368], "f1_score_hist": [[0.9671758121044097, 0.8058023572076156, 0.7843518878941222, 0.859267521844209, 0.8241275710654032, 0.6002265005662514, 0.7738951695786228, 0.8142934488359501, 0.9144773616545556, 0.8283671036948749, 0.7780494430861179], [0.9635649953187019, 0.8084797970646856, 0.7387640449438203, 0.8537110075295805, 0.7844217151848938, 0.6366530241018644, 0.7948717948717948, 0.8503401360544217, 0.9026007139214687, 0.8445783132530119, 0.8028594995875721], [0.9729285014691479, 0.8415841584158416, 0.8034351145038167, 0.8886776309535127, 0.862133499688085, 0.6702386751095958, 0.8430379746835444, 0.8654173764906303, 0.9056795131845842, 0.9027777777777777, 0.8264392324093818], [0.9733963397122942, 0.8281133482475764, 0.8104549854791868, 0.8700284743271791, 0.925536774783006, 0.8453074433656957, 0.8426035502958579, 0.8884934756820878, 0.8952095808383234, 0.8947700063011974, 0.8009721847150959], [0.9759665077172959, 0.8156891229344471, 0.8284469096671949, 0.8968875310292153, 0.9302221225039263, 0.8587641866330392, 0.8601276842716191, 0.8310991957104557, 0.9106598984771574, 0.8875154511742893, 0.8364672364672365], [0.9753516997554714, 0.8373232799245995, 0.8157389635316699, 0.8740011150343802, 0.8980740099545552, 0.8049209138840069, 0.8450860632981678, 0.873642081189251, 0.9334055224688683, 0.9087353324641461, 0.8532938564026646], [0.97268107565811, 0.7705862419518807, 0.8181991970942458, 0.8599694217105854, 0.9218161683277961, 0.8456117873158232, 0.8493746601413812, 0.8530386740331493, 0.9126016260162602, 0.8544266191325015, 0.8689634421543554], [0.9765325026357007, 0.8417293233082705, 0.8058635594813005, 0.9120879120879121, 0.9449715370018975, 0.8523153942428036, 0.8736717827626919, 0.8544755628775398, 0.9108409321175278, 0.7947019867549668, 0.8371634005357396], [0.9748163373731128, 0.8516451799114874, 0.8006669136717303, 0.9068958856480587, 0.9286508112913981, 0.7598719316969049, 0.8345864661654137, 0.8745762711864407, 0.9187242798353908, 0.8651887357699222, 0.8141882673942701], [0.9759280363993841, 0.851823708206687, 0.8272412466333207, 0.8999046711153479, 0.9161742175530749, 0.7794759825327511, 0.8907265209686946, 0.8900462962962964, 0.9054325955734406, 0.8941765810895428, 0.8190188264394669]],