{"name": null, "run_number": 0, "data_file_name": "", "date_iso": "2022-03-28", "author": "Jonas", "description": "ohne nina daten", "architecture": [64, 40, 40, 30, 20, 10, 11], "bias_list": [1, 1, 1, 1, 1, 1], "train_acc": 0.96345891798328, "loss_function": "categorical_cross_entropy", "activation_functions": ["relu", "relu", "relu", "relu", "relu", "softmax"], "lr": 0.002481, "epochs": 10, "batch_size": 128, "num_samples": 135765, "scaler": {"mean": [1.0152314661363392e-05, 2.4167134386623978e-05, 4.7004912900968665e-05, 5.6104003240894095e-05, 2.9654594335800848e-05, 6.15297904467278e-05, 0.00021792593820204028, 0.00020742369535594596, 7.524451810113066e-05, -3.1962361433359328e-06, -2.6371995727912204e-05, -0.00011976948403491328, -0.00024724914374102327, -0.0003718111221596142, -0.00048215798622619976, 9.048083084742019e-05, 0.00035774788789452375, 0.0005070152763967149, 0.0005804859278901043, 0.0007672428976540344, 1.4916355467167526e-05, 3.619510183036863e-05, 8.709760984053335e-05, 0.00010078042205281187, 9.33132913490221e-05, 4.72446948771775e-05, 0.00019036330423894215, 0.0001564746215887747, 0.00010322195705815199, -5.2269310941700634e-05, -6.570191139100654e-05, -0.00025855694766692454, -0.0005304637424962252, -0.000767861606452326, -0.0009775123411777703, 7.504142452031083e-05, 0.00023858718373660377, 0.00020442309873678794, 0.00017102337863219539, 0.00016218800132582016, 6.64326004493058e-05, 7.360089124590283e-05, 4.516868854270241e-05, 5.896864434869073e-05, 3.5676499834273697e-06, 3.654041174087581e-05, 7.1461466504622e-05, 0.00010054733546937714, 0.00019361955585018228, 0.00015117595109196026, 0.03384847459949177, 0.13819354069163628, 0.29029379947703754, 0.43254732860457407, 0.5758973848488197, -0.014647720472875927, -0.01250496546237985, -0.029602061002467497, -0.012301382101425258, -0.017495228505137548, 0.08305978960704156, -0.7843002002504327, -0.07890319850476928, -0.829329334209848], "std": [0.016630055074737173, 0.035335499834037824, 0.053640125498500425, 0.07035930600825532, 0.08696623573534074, 0.026669310819152584, 0.05059101663324514, 0.06826407519745714, 0.08549032202302646, 0.10126256003269167, 0.013998192969715351, 0.03183771851453885, 0.0487772885269321, 0.06509728448462893, 0.08014619615427836, 0.024709645553988812, 0.04853880820028597, 0.06981822362216267, 0.08953379759940544, 0.10715539364215063, 0.021265025052509386, 0.049460586145570626, 0.07711177446507045, 0.1038808554662707, 0.12740936559561689, 0.04263811717521937, 0.09335881293306196, 0.13877515536776242, 0.1800733620232183, 0.22027316866074084, 0.02309995031314027, 0.05876526126653375, 0.09537409198317504, 0.1270120641134338, 0.15375989444553037, 0.04227810439115921, 0.09878592773483644, 0.15635958530538824, 0.21208065963191045, 0.2646711869828876, 0.023410150813214427, 0.05199662080137292, 0.07528702247320768, 0.09305844305571384, 0.10684780060118265, 0.02428196809855898, 0.04997078440939507, 0.06831792597060292, 0.08039830685454956, 0.0876050957528968, 7.486039570893032, 25.917204379365003, 55.06802219115899, 81.26367953741999, 104.40594177996827, 4.133250333354104, 4.829264696570928, 5.370658827287476, 6.8377929003041835, 8.002284161262672, 0.1469569268435295, 0.6242719505604084, 0.1541969925392551, 0.6121553814204888]}, "loss_hist": [0.14364789716356538, 0.11929480656276485, 0.12437039386646949, 0.11641726886451965, 0.09693848552231898, 0.10748516818710817, 0.12058290378921466, 0.11851778002795917, 0.10030934392336882, 0.08913301462828317], "acc_hist": [0.9514970721467241, 0.9546127499723788, 0.953890914447759, 0.957205465326115, 0.9591794645158914, 0.9575369204139506, 0.9542960262217803, 0.9528744521783965, 0.9597466209995212, 0.96345891798328], "val_acc_hist": [0.9395101716104103, 0.9464711899079441, 0.9416410955790431, 0.9496533697011024, 0.9478065689282873, 0.9483748153199227, 0.9418399818161155, 0.9447096260938743, 0.9511592226389363, 0.9557620184111831], "f1_score_hist": [[0.9721062882582081, 0.8401030315038637, 0.7766653831343858, 0.8714097991364745, 0.8683163941670349, 0.7791563275434243, 0.7837699024139702, 0.8679464805119255, 0.9011776753712238, 0.8552311435523114, 0.8079800498753118], [0.9734442433523598, 0.8435963013968129, 0.7938241385803051, 0.8673664993153811, 0.9101553704120693, 0.8086904043452022, 0.8420448018380241, 0.864957264957265, 0.899248120300752, 0.9124423963133641, 0.817791326035749], [0.9729746217667155, 0.8202411399342345, 0.8016024418161007, 0.87678554971892, 0.8879880520588862, 0.7439871726349545, 0.8576709796672828, 0.8453947368421053, 0.9151670951156812, 0.9120521172638435, 0.8369098712446353], [0.9748671612067241, 0.8345780433159075, 0.8165657354952139, 0.872733965215791, 0.9266968325791856, 0.8668896321070235, 0.8204581779435269, 0.8732071141709695, 0.8927507447864944, 0.8917910447761195, 0.8353891960867716], [0.9760227751088197, 0.8422247446083996, 0.821804666529011, 0.8868812347073217, 0.9216035634743875, 0.7952888390353338, 0.8443473511742218, 0.8133676092544987, 0.9283489096573209, 0.9009126466753585, 0.8530486913291416], [0.975069131637072, 0.7913719943422914, 0.8047404063205418, 0.8887615773894777, 0.9374999999999999, 0.8501529051987766, 0.8424543946932007, 0.8308668076109936, 0.9165808444902163, 0.8812729498164015, 0.8630036630036629], [0.9729814612868047, 0.7590221187427241, 0.8054247504238086, 0.8658039996380419, 0.922092253365703, 0.8294392523364484, 0.8418286915396742, 0.8807758128921849, 0.9223504721930745, 0.903430749682338, 0.8780637254901961], [0.9721061616174846, 0.8413922859830668, 0.8228483211115399, 0.799465463960578, 0.9454965357967668, 0.8720200752823086, 0.8362295945234334, 0.869467787114846, 0.9230769230769231, 0.9141025641025642, 0.85842501447597], [0.9764147867331546, 0.8636186010160218, 0.7873154729360305, 0.9058676173041719, 0.9321880650994575, 0.7106699751861043, 0.8890153671030165, 0.8524590163934427, 0.8982035928143713, 0.882101405009163, 0.8662197610026232], [0.9785176342919154, 0.8662813102119461, 0.8439053489759395, 0.8898620946701454, 0.9238263950398583, 0.7835497835497836, 0.8875, 0.8790960451977401, 0.9349422875131165, 0.9345549738219894, 0.864456079115765]],