{"name": null, "run_number": 7, "data_file_name": "test", "date_iso": "2022-04-01", "author": "Nina", "description": "test", "architecture": [4, 4, 1], "bias_list": [1, 1], "train_acc": 0.4532669205977146, "loss_function": "cross_entropy", "activation_functions": ["relu", "sigmoid"], "lr": 0.03, "epochs": 100, "batch_size": 64, "num_samples": 3413, "scaler": {"mean": [0.03454695309441603, 0.02538592130102554, 0.004370594770754168, -0.004790437022636319], "std": [0.03586054575773483, 0.025850688232078332, 0.018410306987455476, 0.015995577554033007]}, "loss_hist": [0.12689568430535986, 0.11817879380701983, 0.11564890961403493, 0.12037419978879693, 0.11701911282513125, 0.11148134726083476, 0.10902555192317871, 0.11609855011116375, 0.10859196054682034, 0.10575310565750977, 0.10875452229825175, 0.10702161410746432, 0.10616571245264389, 0.11002853254719398, 0.10556876638719316, 0.10880273877509723, 0.10256965637610643, 0.10470066796785388, 0.10308311301794357, 0.10231906057167439, 0.10239686100724299, 0.10885422397565826, 0.10392237258850154, 0.10324845219498704, 0.10091484669471074, 0.10101042237429761, 0.09814035650254813, 0.10302848805804628, 0.10086513610376151, 0.09976050061911504, 0.09792474089536156, 0.09700971588335333, 0.10807417501635934, 0.10229096948789881, 0.0965671023702942, 0.10405495973628989, 0.10418035365371708, 0.09912120983505941, 0.0965546252776848, 0.10153501807358907, 0.10225035032808465, 0.09796309028404356, 0.09874845671512163, 0.0971754589539616, 0.09946886544830447, 0.09728865199434442, 0.1073699640915378, 0.09575956301988689, 0.09619406083011423, 0.09687283599018066, 0.09474114291015252, 0.09813435264335249, 0.09739316642181085, 0.09345401442135129, 0.0932294112114045, 0.09424028154416021, 0.09332382282545837, 0.09599016957826378, 0.09337484463546962, 0.09356121905508823, 0.09376531556983969, 0.09483695468264834, 0.09908305060372388, 0.09375263527971417, 0.09243816618791358, 0.09306458863860761, 0.09359228395222317, 0.09645326125993815, 0.09212735084635061, 0.09416484375953399, 0.09241476664504596, 0.09267252811982025, 0.09204515268494569, 0.09220137044168673, 0.09434091944860645, 0.09321947641226046, 0.09135894593251816, 0.09445440177056348, 0.0921179044964878, 0.0923543604432156, 0.09327834950441574, 0.09223861729230065, 0.09338863963950314, 0.09495929366478162, 0.09452180138736509, 0.09614913638110309, 0.09415935081287753, 0.09108111969560238, 0.09234486521585042, 0.09562809576199945, 0.09445122136681654, 0.09183684081989123, 0.09439581352983208, 0.09219372699371098, 0.09798626634627007, 0.09385496001428183, 0.09320051534286608, 0.09219084807350823, 0.10148541983379171, 0.09728784523602665], "acc_hist": [0.4532669205977146, 0.4532669205977146, 0.4532669205977146, 0.4532669205977146, 0.4532669205977146, 0.4532669205977146, 0.4532669205977146, 0.4532669205977146, 0.4532669205977146, 0.4532669205977146, 0.4532669205977146, 0.4532669205977146, 0.4532669205977146, 0.4532669205977146, 0.4532669205977146, 0.4532669205977146, 0.4532669205977146, 0.4532669205977146, 0.4532669205977146, 0.4532669205977146, 0.4532669205977146, 0.4532669205977146, 0.4532669205977146, 0.4532669205977146, 0.4532669205977146, 0.4532669205977146, 0.4532669205977146, 0.4532669205977146, 0.4532669205977146, 0.4532669205977146, 0.4532669205977146, 0.4532669205977146, 0.4532669205977146, 0.4532669205977146, 0.4532669205977146, 0.4532669205977146, 0.4532669205977146, 0.4532669205977146, 0.4532669205977146, 0.4532669205977146, 0.4532669205977146, 0.4532669205977146, 0.4532669205977146, 0.4532669205977146, 0.4532669205977146, 0.4532669205977146, 0.4532669205977146, 0.4532669205977146, 0.4532669205977146, 0.4532669205977146, 0.4532669205977146, 0.4532669205977146, 0.4532669205977146, 0.4532669205977146, 0.4532669205977146, 0.4532669205977146, 0.4532669205977146, 0.4532669205977146, 0.4532669205977146, 0.4532669205977146, 0.4532669205977146, 0.4532669205977146, 0.4532669205977146, 0.4532669205977146, 0.4532669205977146, 0.4532669205977146, 0.4532669205977146, 0.4532669205977146, 0.4532669205977146, 0.4532669205977146, 0.4532669205977146, 0.4532669205977146, 0.4532669205977146, 0.4532669205977146, 0.4532669205977146, 0.4532669205977146, 0.4532669205977146, 0.4532669205977146, 0.4532669205977146, 0.4532669205977146, 0.4532669205977146, 0.4532669205977146, 0.4532669205977146, 0.4532669205977146, 0.4532669205977146, 0.4532669205977146, 0.4532669205977146, 0.4532669205977146, 0.4532669205977146, 0.4532669205977146, 0.4532669205977146, 0.4532669205977146, 0.4532669205977146, 0.4532669205977146, 0.4532669205977146, 0.4532669205977146, 0.4532669205977146, 0.4532669205977146, 0.4532669205977146, 0.4532669205977146], "val_acc_hist": [0.5408245755860954, 0.5408245755860954, 0.5408245755860954, 0.5408245755860954, 0.5408245755860954, 0.5408245755860954, 0.5408245755860954, 0.5408245755860954, 0.5408245755860954, 0.5408245755860954, 0.5408245755860954, 0.5408245755860954, 0.5408245755860954, 0.5408245755860954, 0.5408245755860954, 0.5408245755860954, 0.5408245755860954, 0.5408245755860954, 0.5408245755860954, 0.5408245755860954, 0.5408245755860954, 0.5408245755860954, 0.5408245755860954, 0.5408245755860954, 0.5408245755860954, 0.5408245755860954, 0.5408245755860954, 0.5408245755860954, 0.5408245755860954, 0.5408245755860954, 0.5408245755860954, 0.5408245755860954, 0.5408245755860954, 0.5408245755860954, 0.5408245755860954, 0.5408245755860954, 0.5408245755860954, 0.5408245755860954, 0.5408245755860954, 0.5408245755860954, 0.5408245755860954, 0.5408245755860954, 0.5408245755860954, 0.5408245755860954, 0.5408245755860954, 0.5408245755860954, 0.5408245755860954, 0.5408245755860954, 0.5408245755860954, 0.5408245755860954, 0.5408245755860954, 0.5408245755860954, 0.5408245755860954, 0.5408245755860954, 0.5408245755860954, 0.5408245755860954, 0.5408245755860954, 0.5408245755860954, 0.5408245755860954, 0.5408245755860954, 0.5408245755860954, 0.5408245755860954, 0.5408245755860954, 0.5408245755860954, 0.5408245755860954, 0.5408245755860954, 0.5408245755860954, 0.5408245755860954, 0.5408245755860954, 0.5408245755860954, 0.5408245755860954, 0.5408245755860954, 0.5408245755860954, 0.5408245755860954, 0.5408245755860954, 0.5408245755860954, 0.5408245755860954, 0.5408245755860954, 0.5408245755860954, 0.5408245755860954, 0.5408245755860954, 0.5408245755860954, 0.5408245755860954, 0.5408245755860954, 0.5408245755860954, 0.5408245755860954, 0.5408245755860954, 0.5408245755860954, 0.5408245755860954, 0.5408245755860954, 0.5408245755860954, 0.5408245755860954, 0.5408245755860954, 0.5408245755860954, 0.5408245755860954, 0.5408245755860954, 0.5408245755860954, 0.5408245755860954, 0.5408245755860954, 0.5408245755860954], "f1_score_hist": [[1.0], [1.0], [1.0], [1.0], [1.0], [1.0], [1.0], [1.0], [1.0], [1.0], [1.0], [1.0], [1.0], [1.0], [1.0], [1.0], [1.0], [1.0], [1.0], [1.0], [1.0], [1.0], [1.0], [1.0], [1.0], [1.0], [1.0], [1.0], [1.0], [1.0], [1.0], [1.0], [1.0], [1.0], [1.0], [1.0], [1.0], [1.0], [1.0], [1.0], [1.0], [1.0], [1.0], [1.0], [1.0], [1.0], [1.0], [1.0], [1.0], [1.0], [1.0], [1.0], [1.0], [1.0], [1.0], [1.0], [1.0], [1.0], [1.0], [1.0], [1.0], [1.0], [1.0], [1.0], [1.0], [1.0], [1.0], [1.0], [1.0], [1.0], [1.0], [1.0], [1.0], [1.0], [1.0], [1.0], [1.0], [1.0], [1.0], [1.0], [1.0], [1.0], [1.0], [1.0], [1.0], [1.0], [1.0], [1.0], [1.0], [1.0], [1.0], [1.0], [1.0], [1.0], [1.0], [1.0], [1.0], [1.0], [1.0], [1.0]],