{"name": null, "run_number": 0, "data_file_name": "", "date_iso": "2022-03-28", "author": "Jonas", "description": "ohne nina daten", "architecture": [64, 40, 40, 30, 20, 10, 11], "bias_list": [1, 1, 1, 1, 1, 1], "train_acc": 0.9606820609140795, "loss_function": "categorical_cross_entropy", "activation_functions": ["relu", "relu", "relu", "relu", "relu", "softmax"], "lr": 0.001256, "epochs": 10, "batch_size": 64, "num_samples": 135765, "scaler": {"mean": [1.0152314661363392e-05, 2.4167134386623978e-05, 4.7004912900968665e-05, 5.6104003240894095e-05, 2.9654594335800848e-05, 6.15297904467278e-05, 0.00021792593820204028, 0.00020742369535594596, 7.524451810113066e-05, -3.1962361433359328e-06, -2.6371995727912204e-05, -0.00011976948403491328, -0.00024724914374102327, -0.0003718111221596142, -0.00048215798622619976, 9.048083084742019e-05, 0.00035774788789452375, 0.0005070152763967149, 0.0005804859278901043, 0.0007672428976540344, 1.4916355467167526e-05, 3.619510183036863e-05, 8.709760984053335e-05, 0.00010078042205281187, 9.33132913490221e-05, 4.72446948771775e-05, 0.00019036330423894215, 0.0001564746215887747, 0.00010322195705815199, -5.2269310941700634e-05, -6.570191139100654e-05, -0.00025855694766692454, -0.0005304637424962252, -0.000767861606452326, -0.0009775123411777703, 7.504142452031083e-05, 0.00023858718373660377, 0.00020442309873678794, 0.00017102337863219539, 0.00016218800132582016, 6.64326004493058e-05, 7.360089124590283e-05, 4.516868854270241e-05, 5.896864434869073e-05, 3.5676499834273697e-06, 3.654041174087581e-05, 7.1461466504622e-05, 0.00010054733546937714, 0.00019361955585018228, 0.00015117595109196026, 0.03384847459949177, 0.13819354069163628, 0.29029379947703754, 0.43254732860457407, 0.5758973848488197, -0.014647720472875927, -0.01250496546237985, -0.029602061002467497, -0.012301382101425258, -0.017495228505137548, 0.08305978960704156, -0.7843002002504327, -0.07890319850476928, -0.829329334209848], "std": [0.016630055074737173, 0.035335499834037824, 0.053640125498500425, 0.07035930600825532, 0.08696623573534074, 0.026669310819152584, 0.05059101663324514, 0.06826407519745714, 0.08549032202302646, 0.10126256003269167, 0.013998192969715351, 0.03183771851453885, 0.0487772885269321, 0.06509728448462893, 0.08014619615427836, 0.024709645553988812, 0.04853880820028597, 0.06981822362216267, 0.08953379759940544, 0.10715539364215063, 0.021265025052509386, 0.049460586145570626, 0.07711177446507045, 0.1038808554662707, 0.12740936559561689, 0.04263811717521937, 0.09335881293306196, 0.13877515536776242, 0.1800733620232183, 0.22027316866074084, 0.02309995031314027, 0.05876526126653375, 0.09537409198317504, 0.1270120641134338, 0.15375989444553037, 0.04227810439115921, 0.09878592773483644, 0.15635958530538824, 0.21208065963191045, 0.2646711869828876, 0.023410150813214427, 0.05199662080137292, 0.07528702247320768, 0.09305844305571384, 0.10684780060118265, 0.02428196809855898, 0.04997078440939507, 0.06831792597060292, 0.08039830685454956, 0.0876050957528968, 7.486039570893032, 25.917204379365003, 55.06802219115899, 81.26367953741999, 104.40594177996827, 4.133250333354104, 4.829264696570928, 5.370658827287476, 6.8377929003041835, 8.002284161262672, 0.1469569268435295, 0.6242719505604084, 0.1541969925392551, 0.6121553814204888]}, "loss_hist": [0.19098623579696558, 0.15710002067491893, 0.1339333422571973, 0.13179784008718656, 0.11140656045695106, 0.09796787032887726, 0.12339622440458549, 0.1065381304085934, 0.10075730322186495, 0.09654015016576864], "acc_hist": [0.9372739660442677, 0.9436673664051854, 0.9519242809266011, 0.9519390122638383, 0.9568298162265679, 0.9613376054211321, 0.95512098110706, 0.958656502043973, 0.9605642102161823, 0.9606820609140795], "val_acc_hist": [0.9199909080577339, 0.9326343902716218, 0.940277304239118, 0.944255028980566, 0.9457608819183998, 0.950818274803955, 0.9442834413001477, 0.9470394362995795, 0.9497954312990112, 0.9501647914535742], "f1_score_hist": [[0.9638732563995883, 0.7836486968939665, 0.7797248916525343, 0.846329646219947, 0.8187486562029672, 0.6063947078280043, 0.6392352452202826, 0.8050660792951541, 0.8810958904109589, 0.8439450686641697, 0.7960735517765796], [0.9667559242535615, 0.7919177596596952, 0.8003827751196171, 0.8107878169133912, 0.9018885306310456, 0.7447608812466416, 0.8034188034188035, 0.8666666666666667, 0.9018621036738802, 0.8824688115561391, 0.8037280701754386], [0.9716962188872301, 0.8158753171438926, 0.8030188679245284, 0.8782794104014091, 0.8443728608818201, 0.8122827346465816, 0.7848748083801738, 0.8752913752913752, 0.8976930792377131, 0.8828939301042306, 0.8437499999999999], [0.9718380502527467, 0.8292591199699134, 0.7980643960543459, 0.8678900757783256, 0.9226804123711342, 0.8467692307692307, 0.8148936170212766, 0.8847352024922118, 0.8423507462686567, 0.8634996993385449, 0.801078167115903], [0.9745546963057091, 0.8227547100786538, 0.825147347740668, 0.8832789939450397, 0.9393518518518518, 0.8469750889679715, 0.8343423225096313, 0.858100558659218, 0.814781433077963, 0.885981308411215, 0.8440262332477901], [0.9774445204471266, 0.8387096774193549, 0.785649244217811, 0.8922144345519986, 0.921409214092141, 0.8077922077922078, 0.8763005780346821, 0.8790322580645161, 0.9306818181818182, 0.8946047678795483, 0.8815686274509804], [0.973502665412355, 0.7396949042518663, 0.815975539843302, 0.8829078801331852, 0.9367829021372328, 0.825287356321839, 0.8684834123222748, 0.7643373493975902, 0.907070707070707, 0.8843788437884379, 0.9024509008277877], [0.9757133181668199, 0.8107714701601164, 0.8028539241457003, 0.8883686083536243, 0.9421686746987952, 0.8207171314741035, 0.8680753854940034, 0.8143082588111521, 0.893939393939394, 0.8635265700483091, 0.8810851544837981], [0.9769436671127875, 0.8476263399693721, 0.8018570102135562, 0.8914575697772765, 0.943344709897611, 0.7876995860437611, 0.8632855567805954, 0.8607875762617858, 0.9175991861648015, 0.9201817001946787, 0.8570193139233208], [0.9768475047817772, 0.8239795918367347, 0.8090772693173293, 0.8912024010504596, 0.924031007751938, 0.8755364806866953, 0.8655700510493478, 0.8970414201183431, 0.9230769230769231, 0.8894440974391006, 0.8656672973366322]],