{"name": null, "run_number": 0, "data_file_name": "", "date_iso": "2022-03-26", "author": "Jonas", "description": "erster Grid Search vamos", "architecture": [76, 40, 40, 30, 20, 10, 11], "bias_list": [1, 1, 1, 1, 1, 1], "train_acc": 0.9794, "loss_function": "categorical_cross_entropy", "activation_functions": ["leaky_relu", "leaky_relu", "leaky_relu", "leaky_relu", "leaky_relu", "softmax"], "lr": 0.001, "epochs": 10, "batch_size": 300, "num_samples": 10000, "scaler": {"mean": [-1.326130000000004e-05, -2.4643900000000064e-05, -2.9884399999999856e-05, -3.617369999999992e-05, -4.233119999999973e-05, -4.73265e-05, 3.8515399999999994e-05, 8.362819999999994e-05, 0.00012546729999999995, 0.00016942930000000004, 0.00021386779999999997, 0.0002557695, -1.2125800000000008e-05, -2.687330000000004e-05, -4.113190000000005e-05, -6.128579999999994e-05, -8.684400000000012e-05, -0.00011475910000000005, -6.653689999999998e-05, -0.00013789839999999996, -0.00019883660000000005, -0.00025365609999999987, -0.0003014082000000001, -0.00035251410000000004, -2.326010000000004e-05, -4.514430000000016e-05, -6.193680000000007e-05, -7.541730000000003e-05, -8.618629999999962e-05, -9.442189999999964e-05, 2.9982799999999994e-05, 6.673120000000006e-05, 9.694980000000008e-05, 0.00013272550000000002, 0.0001706484, 0.00020878770000000007, -5.4019499999999987e-05, -0.0001296239999999999, -0.00021136570000000025, -0.0003111980999999998, -0.00042000990000000014, -0.0005314732999999999, -0.0001907050000000001, -0.00040058599999999965, -0.0006166841999999999, -0.0008293044999999997, -0.0010332491999999998, -0.0012311346999999994, -4.562719999999998e-05, -9.865200000000004e-05, -0.00016131180000000006, -0.0002214166, -0.000278791, -0.00033084, -1.2670600000000012e-05, -2.47774e-05, -4.0891e-05, -5.3439599999999935e-05, -6.383619999999999e-05, -7.116580000000002e-05, -0.033601117099999994, -0.0667739144, -0.0996333202, -0.1328677325, -0.1660532509, -0.199591919, 0.0007124044999999999, 0.0014941078999999994, 0.002254744100000001, 0.0029381737999999995, 0.0035526917000000004, 0.004277700999999999, 0.1037418801, -0.7726710877, -0.0480369992, -1.0525890033], "std": [0.014115068889517413, 0.02187288730780856, 0.028799079280883905, 0.034852050974789536, 0.04104239217945156, 0.047370871901565186, 0.011479478345533077, 0.017647229067390857, 0.02164794204959748, 0.02391123248696314, 0.025724279719877934, 0.027288479912431357, 0.014760782696787265, 0.024097681084354304, 0.03296731024936221, 0.041215489415945536, 0.04951994263873358, 0.05780754861159628, 0.015255702889386592, 0.027252098334496693, 0.03845470169771052, 0.0490213478641299, 0.05937037724959791, 0.06941083166071417, 0.015397134899196278, 0.02296456880369578, 0.029839493353916145, 0.03630803602299305, 0.04229031348409222, 0.048340656985840606, 0.03037835954688311, 0.04266041687351574, 0.049780906379449145, 0.05403408194842353, 0.05637520349748263, 0.05728886346301372, 0.025477053156605842, 0.045962003757917515, 0.06582713816427663, 0.08489178224030791, 0.10351660844223502, 0.12144581287290596, 0.05166942208765621, 0.08985406655705462, 0.12689466056104753, 0.16286651308607603, 0.19867775153151473, 0.23366337477576918, 0.02372954317484473, 0.038168363202192676, 0.051323706261354324, 0.06264799229836536, 0.07220606559725658, 0.08009098921943966, 0.01230134268486557, 0.01513305036411527, 0.017907409544094283, 0.019756776551789815, 0.02144121134162829, 0.022808043857729457, 0.13083990342100757, 0.2218012356970467, 0.3135871318822312, 0.39405551767045915, 0.4749338689403917, 0.544023768030371, 0.11936209790723971, 0.16811585169530227, 0.20625501643058095, 0.2388560556486529, 0.2637149147483222, 0.28444446171276316, 0.17252773570218766, 0.4140172759786758, 0.02955255816170572, 0.051551993513547945]}, "loss_hist": [1.066934564558235, 0.18608912008599796, 0.10078375455561116, 0.10482037045254049, 0.07414464363086595, 0.0675468431963975, 0.06542278544096418, 0.06076067360896087, 0.06222599431511446, 0.054712583729530105], "acc_hist": [0.8389, 0.9551, 0.97, 0.9656, 0.9739, 0.9754, 0.9753, 0.9762, 0.9761, 0.9794], "val_acc_hist": [0.2793, 0.7289, 0.7521, 0.7533, 0.7829, 0.8111, 0.8211, 0.8203, 0.8407, 0.833], "f1_score_hist": [[0.8919574296106696, NaN, 0.7105263157894737, 0.6867650203121659, NaN, NaN, NaN, NaN, NaN, NaN, NaN], [0.972005736018455, NaN, 0.828054298642534, 0.8940039784029553, NaN, NaN, NaN, NaN, NaN, NaN, NaN], [0.9814723320158102, NaN, 0.8479262672811059, 0.9306461173681091, NaN, NaN, NaN, NaN, NaN, NaN, NaN], [0.9785963165754107, NaN, 0.8471615720524018, 0.9210374639769453, NaN, NaN, NaN, NaN, NaN, NaN, NaN], [0.9838599962896544, NaN, 0.8547368421052631, 0.9427549194991055, NaN, NaN, NaN, NaN, NaN, NaN, NaN], [0.9847979236188357, NaN, 0.8464730290456431, 0.9484412470023981, NaN, NaN, NaN, NaN, NaN, NaN, NaN], [0.9847276324738762, NaN, 0.8333333333333334, 0.9505247376311844, NaN, NaN, NaN, NaN, NaN, NaN, NaN], [0.9852759218015342, NaN, 0.8879120879120879, 0.9446909198461994, NaN, NaN, NaN, NaN, NaN, NaN, NaN], [0.9852076499350126, NaN, 0.8686440677966102, 0.9474933254227232, NaN, NaN, NaN, NaN, NaN, NaN, NaN], [0.9872776679841897, NaN, 0.8971553610503282, 0.9525514771709938, NaN, NaN, NaN, NaN, NaN, NaN, NaN]], "f1_score_val_hist": [[0.3916108258637195, NaN, 0.19641170915958447, 0.12407407407407406, NaN, NaN, NaN, NaN, NaN, NaN, NaN], [0.8345980628046147, NaN, 0.41066140177690025, 0.24717348927875246, NaN, NaN, NaN, NaN, NaN, NaN, NaN], [0.8526041350876129, NaN, 0.5238095238095238, 0.2395118230358505, NaN, NaN, NaN, NaN, NaN, NaN, NaN], [0.8527715378544107, NaN, 0.5040650406504065, 0.2513576415826222, NaN, NaN, NaN, NaN, NaN, NaN, NaN], [0.872774900279812, NaN, 0.4666666666666667, 0.28440366972477066, NaN, NaN, NaN, NaN, NaN, NaN, NaN], [0.8909591609538876, NaN, 0.553314121037464, 0.3119447186574531, NaN, NaN, NaN, NaN, NaN, NaN, NaN], [0.8973777545206116, NaN, 0.5047489823609227, 0.33279308481901676, NaN, NaN, NaN, NaN, NaN, NaN, NaN], [0.8970973183642604, NaN, 0.6171003717472119, 0.31681243926141883, NaN, NaN, NaN, NaN, NaN, NaN, NaN], [0.9096458393319896, NaN, 0.6039603960396039, 0.35903083700440525, NaN, NaN, NaN, NaN, NaN, NaN, NaN], [0.904916136495084, NaN, 0.656934306569343, 0.33555669574140584, NaN, NaN, NaN, NaN, NaN, NaN, NaN]]}