{"name": null, "run_number": 0, "data_file_name": "", "date_iso": "2022-03-28", "author": "Jonas", "description": "ohne nina daten", "architecture": [64, 40, 40, 30, 20, 10, 11], "bias_list": [1, 1, 1, 1, 1, 1], "train_acc": 0.9648510293521895, "loss_function": "categorical_cross_entropy", "activation_functions": ["relu", "relu", "relu", "relu", "relu", "softmax"], "lr": 0.001266, "epochs": 10, "batch_size": 64, "num_samples": 135765, "scaler": {"mean": [1.0152314661363392e-05, 2.4167134386623978e-05, 4.7004912900968665e-05, 5.6104003240894095e-05, 2.9654594335800848e-05, 6.15297904467278e-05, 0.00021792593820204028, 0.00020742369535594596, 7.524451810113066e-05, -3.1962361433359328e-06, -2.6371995727912204e-05, -0.00011976948403491328, -0.00024724914374102327, -0.0003718111221596142, -0.00048215798622619976, 9.048083084742019e-05, 0.00035774788789452375, 0.0005070152763967149, 0.0005804859278901043, 0.0007672428976540344, 1.4916355467167526e-05, 3.619510183036863e-05, 8.709760984053335e-05, 0.00010078042205281187, 9.33132913490221e-05, 4.72446948771775e-05, 0.00019036330423894215, 0.0001564746215887747, 0.00010322195705815199, -5.2269310941700634e-05, -6.570191139100654e-05, -0.00025855694766692454, -0.0005304637424962252, -0.000767861606452326, -0.0009775123411777703, 7.504142452031083e-05, 0.00023858718373660377, 0.00020442309873678794, 0.00017102337863219539, 0.00016218800132582016, 6.64326004493058e-05, 7.360089124590283e-05, 4.516868854270241e-05, 5.896864434869073e-05, 3.5676499834273697e-06, 3.654041174087581e-05, 7.1461466504622e-05, 0.00010054733546937714, 0.00019361955585018228, 0.00015117595109196026, 0.03384847459949177, 0.13819354069163628, 0.29029379947703754, 0.43254732860457407, 0.5758973848488197, -0.014647720472875927, -0.01250496546237985, -0.029602061002467497, -0.012301382101425258, -0.017495228505137548, 0.08305978960704156, -0.7843002002504327, -0.07890319850476928, -0.829329334209848], "std": [0.016630055074737173, 0.035335499834037824, 0.053640125498500425, 0.07035930600825532, 0.08696623573534074, 0.026669310819152584, 0.05059101663324514, 0.06826407519745714, 0.08549032202302646, 0.10126256003269167, 0.013998192969715351, 0.03183771851453885, 0.0487772885269321, 0.06509728448462893, 0.08014619615427836, 0.024709645553988812, 0.04853880820028597, 0.06981822362216267, 0.08953379759940544, 0.10715539364215063, 0.021265025052509386, 0.049460586145570626, 0.07711177446507045, 0.1038808554662707, 0.12740936559561689, 0.04263811717521937, 0.09335881293306196, 0.13877515536776242, 0.1800733620232183, 0.22027316866074084, 0.02309995031314027, 0.05876526126653375, 0.09537409198317504, 0.1270120641134338, 0.15375989444553037, 0.04227810439115921, 0.09878592773483644, 0.15635958530538824, 0.21208065963191045, 0.2646711869828876, 0.023410150813214427, 0.05199662080137292, 0.07528702247320768, 0.09305844305571384, 0.10684780060118265, 0.02428196809855898, 0.04997078440939507, 0.06831792597060292, 0.08039830685454956, 0.0876050957528968, 7.486039570893032, 25.917204379365003, 55.06802219115899, 81.26367953741999, 104.40594177996827, 4.133250333354104, 4.829264696570928, 5.370658827287476, 6.8377929003041835, 8.002284161262672, 0.1469569268435295, 0.6242719505604084, 0.1541969925392551, 0.6121553814204888]}, "loss_hist": [0.20454574211782034, 0.13647249402827477, 0.14557960277683255, 0.1214372907279171, 0.09862653962332293, 0.09273266303031151, 0.09826155709962195, 0.10067821295914613, 0.08758628976386941, 0.08692777607099593], "acc_hist": [0.9316613265569182, 0.9492652745552977, 0.9462821787647774, 0.9536257503774905, 0.9591058078297058, 0.9613523367583693, 0.9605863072220381, 0.9601738297793982, 0.9640923654844769, 0.9648510293521895], "val_acc_hist": [0.9120638708944199, 0.9390271621775201, 0.9347369019206728, 0.94399931810433, 0.9479486305261962, 0.950818274803955, 0.9488010001136493, 0.9509603364018638, 0.9523241277417889, 0.9532617342879872], "f1_score_hist": [[0.9601525865440818, 0.8030563514804202, 0.7751819226350056, 0.8235710493717926, 0.8310064596790998, 0.5560324272770625, 0.5782101167315175, 0.7809917355371901, 0.8685344827586207, 0.8243642814902424, 0.7940651188350049], [0.9701875013642416, 0.8354820088512602, 0.7895327102803739, 0.8660396310839192, 0.91636690647482, 0.7317073170731707, 0.7536671724835609, 0.8287596048298573, 0.8896725440806046, 0.889183808891838, 0.8048212573620052], [0.9681496306092867, 0.8132825258573761, 0.7885819521178637, 0.8698592579053188, 0.7832927514515826, 0.8167848699763594, 0.8260869565217391, 0.8384991843393148, 0.8878923766816142, 0.8277456647398844, 0.8386254893431927], [0.9728479590236764, 0.8254318265343623, 0.8031854379977246, 0.8772220687114304, 0.8989169675090253, 0.8615591397849462, 0.8536036036036037, 0.886029411764706, 0.8954282711508146, 0.8847583643122677, 0.7935071846726983], [0.9758870673319309, 0.8309911242603549, 0.8249899879855827, 0.8793788705055919, 0.9183943537715044, 0.8411104548139398, 0.8400435255712732, 0.8459444746869896, 0.9272632129774986, 0.8994307400379506, 0.8610745132484263], [0.9773183190859738, 0.8073755818116721, 0.8143185298621746, 0.8992942971581156, 0.9223927062486101, 0.8571428571428571, 0.8509951586874662, 0.8559954102122777, 0.9223691776883266, 0.8818800247371676, 0.8864967547886655], [0.9767862028829408, 0.8184937691890916, 0.8158748330471284, 0.8770702981229296, 0.9315190720499666, 0.8683886838868389, 0.805498981670061, 0.8460698689956332, 0.9416175682913764, 0.9074664964901085, 0.9027645376549094], [0.9766091515067352, 0.8353726362625139, 0.7881809787626962, 0.8819218996382524, 0.9480582524271846, 0.823803967327888, 0.884781269254467, 0.8599779492833518, 0.9365165491047205, 0.8759830611010285, 0.8758344459279038], [0.978940888834943, 0.8539797671311319, 0.8005210271678451, 0.902506963788301, 0.9464775846294601, 0.7982261640798226, 0.8956109134045076, 0.8790459965928449, 0.9329815303430079, 0.9032663316582914, 0.8849821215733015], [0.9793282213774539, 0.8552456839309429, 0.8412034269774856, 0.8956038783771062, 0.956562137049942, 0.8559473998804543, 0.8787366046249294, 0.8937426210153483, 0.9019999999999999, 0.9248856956237753, 0.8599423631123919]],