{"name": null, "run_number": 0, "data_file_name": "", "date_iso": "2022-03-28", "author": "Jonas", "description": "ohne nina daten", "architecture": [64, 40, 40, 30, 20, 10, 11], "bias_list": [1, 1, 1, 1, 1, 1], "train_acc": 0.9621846573122675, "loss_function": "categorical_cross_entropy", "activation_functions": ["relu", "relu", "relu", "relu", "relu", "softmax"], "lr": 0.000903, "epochs": 10, "batch_size": 64, "num_samples": 135765, "scaler": {"mean": [1.0152314661363392e-05, 2.4167134386623978e-05, 4.7004912900968665e-05, 5.6104003240894095e-05, 2.9654594335800848e-05, 6.15297904467278e-05, 0.00021792593820204028, 0.00020742369535594596, 7.524451810113066e-05, -3.1962361433359328e-06, -2.6371995727912204e-05, -0.00011976948403491328, -0.00024724914374102327, -0.0003718111221596142, -0.00048215798622619976, 9.048083084742019e-05, 0.00035774788789452375, 0.0005070152763967149, 0.0005804859278901043, 0.0007672428976540344, 1.4916355467167526e-05, 3.619510183036863e-05, 8.709760984053335e-05, 0.00010078042205281187, 9.33132913490221e-05, 4.72446948771775e-05, 0.00019036330423894215, 0.0001564746215887747, 0.00010322195705815199, -5.2269310941700634e-05, -6.570191139100654e-05, -0.00025855694766692454, -0.0005304637424962252, -0.000767861606452326, -0.0009775123411777703, 7.504142452031083e-05, 0.00023858718373660377, 0.00020442309873678794, 0.00017102337863219539, 0.00016218800132582016, 6.64326004493058e-05, 7.360089124590283e-05, 4.516868854270241e-05, 5.896864434869073e-05, 3.5676499834273697e-06, 3.654041174087581e-05, 7.1461466504622e-05, 0.00010054733546937714, 0.00019361955585018228, 0.00015117595109196026, 0.03384847459949177, 0.13819354069163628, 0.29029379947703754, 0.43254732860457407, 0.5758973848488197, -0.014647720472875927, -0.01250496546237985, -0.029602061002467497, -0.012301382101425258, -0.017495228505137548, 0.08305978960704156, -0.7843002002504327, -0.07890319850476928, -0.829329334209848], "std": [0.016630055074737173, 0.035335499834037824, 0.053640125498500425, 0.07035930600825532, 0.08696623573534074, 0.026669310819152584, 0.05059101663324514, 0.06826407519745714, 0.08549032202302646, 0.10126256003269167, 0.013998192969715351, 0.03183771851453885, 0.0487772885269321, 0.06509728448462893, 0.08014619615427836, 0.024709645553988812, 0.04853880820028597, 0.06981822362216267, 0.08953379759940544, 0.10715539364215063, 0.021265025052509386, 0.049460586145570626, 0.07711177446507045, 0.1038808554662707, 0.12740936559561689, 0.04263811717521937, 0.09335881293306196, 0.13877515536776242, 0.1800733620232183, 0.22027316866074084, 0.02309995031314027, 0.05876526126653375, 0.09537409198317504, 0.1270120641134338, 0.15375989444553037, 0.04227810439115921, 0.09878592773483644, 0.15635958530538824, 0.21208065963191045, 0.2646711869828876, 0.023410150813214427, 0.05199662080137292, 0.07528702247320768, 0.09305844305571384, 0.10684780060118265, 0.02428196809855898, 0.04997078440939507, 0.06831792597060292, 0.08039830685454956, 0.0876050957528968, 7.486039570893032, 25.917204379365003, 55.06802219115899, 81.26367953741999, 104.40594177996827, 4.133250333354104, 4.829264696570928, 5.370658827287476, 6.8377929003041835, 8.002284161262672, 0.1469569268435295, 0.6242719505604084, 0.1541969925392551, 0.6121553814204888]}, "loss_hist": [0.20514981859638518, 0.1665283964698942, 0.12084478646124108, 0.14276573572614992, 0.10775886016531333, 0.09511325791892418, 0.11595848135442322, 0.10437732570424174, 0.10637769607821755, 0.09650073845497806], "acc_hist": [0.9341951165617058, 0.9427098294847714, 0.9545538246234302, 0.9490590358339779, 0.9586859647184474, 0.9610503443450079, 0.9545464589548116, 0.9607409862630281, 0.9588406437594372, 0.9621846573122675], "val_acc_hist": [0.9118081600181839, 0.9269235140356858, 0.940277304239118, 0.9358165700647801, 0.9466700761450165, 0.9482043414024321, 0.9421809296510967, 0.9524661893396977, 0.9471530855779066, 0.9551369473803841], "f1_score_hist": [[0.9626585827433939, 0.7454895778595201, 0.7116628781255464, 0.8674012158054711, 0.7327095199349064, 0.6118067978533095, 0.7507418397626112, 0.8372093023255813, 0.9173014145810664, 0.7847105115233277, 0.7874829931972789], [0.9665469201787436, 0.8193815987933635, 0.7753501400560223, 0.8408039843472075, 0.8871296086858177, 0.6155210643015521, 0.7632367632367633, 0.8632429313329486, 0.890664003994009, 0.8734335839598998, 0.8000543699877668], [0.9734111994986858, 0.8141270708174041, 0.7925311203319504, 0.8931166347992352, 0.8630079597821534, 0.7979033197437392, 0.8535469107551489, 0.8710601719197708, 0.9093686354378818, 0.8797038864898211, 0.8356005788712012], [0.9700341305877366, 0.8162962962962963, 0.7857274232113297, 0.8758435795507072, 0.8931868131868131, 0.8388301182327318, 0.8334280841387152, 0.8754365541327124, 0.8364983788791107, 0.8666264333132168, 0.7829977628635346], [0.9757735626399181, 0.8520869397961146, 0.8270766773162939, 0.8673926969891095, 0.9344106463878327, 0.8686468646864686, 0.8397609994568168, 0.8064348728593669, 0.9099283520982601, 0.921715452688904, 0.840343347639485], [0.9772299545291321, 0.8392141903490368, 0.8111025443330763, 0.881595034327095, 0.9170013386880858, 0.8571428571428571, 0.8571428571428572, 0.8729344729344729, 0.9024390243902438, 0.8818011257035647, 0.8751541307028361], [0.9732348247326744, 0.7360594795539034, 0.8221574344023322, 0.8664253393665158, 0.8994617868675996, 0.8724489795918368, 0.8701223063482819, 0.8568257491675916, 0.9291338582677166, 0.9251968503937008, 0.8728419654714475], [0.9774145294512975, 0.855, 0.7915975677169707, 0.9027335071959819, 0.9210009813542689, 0.8262638001162115, 0.823593664664118, 0.8606465997770346, 0.9167523124357657, 0.9187096774193548, 0.8460768900957554], [0.9757597904866313, 0.8448210922787195, 0.7989643055298686, 0.8977879481311976, 0.9333333333333333, 0.8219653179190751, 0.8478260869565217, 0.8573014991671294, 0.9063291139240506, 0.9165596919127087, 0.8362614195361912], [0.9777741134813324, 0.8468908510238587, 0.822260735605623, 0.903695194332759, 0.9473441108545035, 0.8463385354141657, 0.8840161569532602, 0.8960960960960961, 0.901705115346038, 0.9212752114508783, 0.8293700458906966]],