{"name": null, "run_number": 0, "data_file_name": "", "date_iso": "2022-03-28", "author": "Jonas", "description": "ohne nina daten", "architecture": [64, 40, 40, 30, 20, 10, 11], "bias_list": [1, 1, 1, 1, 1, 1], "train_acc": 0.9585018230029831, "loss_function": "categorical_cross_entropy", "activation_functions": ["leaky_relu", "leaky_relu", "leaky_relu", "leaky_relu", "leaky_relu", "softmax"], "lr": 0.003426, "epochs": 10, "batch_size": 128, "num_samples": 135765, "scaler": {"mean": [1.0152314661363392e-05, 2.4167134386623978e-05, 4.7004912900968665e-05, 5.6104003240894095e-05, 2.9654594335800848e-05, 6.15297904467278e-05, 0.00021792593820204028, 0.00020742369535594596, 7.524451810113066e-05, -3.1962361433359328e-06, -2.6371995727912204e-05, -0.00011976948403491328, -0.00024724914374102327, -0.0003718111221596142, -0.00048215798622619976, 9.048083084742019e-05, 0.00035774788789452375, 0.0005070152763967149, 0.0005804859278901043, 0.0007672428976540344, 1.4916355467167526e-05, 3.619510183036863e-05, 8.709760984053335e-05, 0.00010078042205281187, 9.33132913490221e-05, 4.72446948771775e-05, 0.00019036330423894215, 0.0001564746215887747, 0.00010322195705815199, -5.2269310941700634e-05, -6.570191139100654e-05, -0.00025855694766692454, -0.0005304637424962252, -0.000767861606452326, -0.0009775123411777703, 7.504142452031083e-05, 0.00023858718373660377, 0.00020442309873678794, 0.00017102337863219539, 0.00016218800132582016, 6.64326004493058e-05, 7.360089124590283e-05, 4.516868854270241e-05, 5.896864434869073e-05, 3.5676499834273697e-06, 3.654041174087581e-05, 7.1461466504622e-05, 0.00010054733546937714, 0.00019361955585018228, 0.00015117595109196026, 0.03384847459949177, 0.13819354069163628, 0.29029379947703754, 0.43254732860457407, 0.5758973848488197, -0.014647720472875927, -0.01250496546237985, -0.029602061002467497, -0.012301382101425258, -0.017495228505137548, 0.08305978960704156, -0.7843002002504327, -0.07890319850476928, -0.829329334209848], "std": [0.016630055074737173, 0.035335499834037824, 0.053640125498500425, 0.07035930600825532, 0.08696623573534074, 0.026669310819152584, 0.05059101663324514, 0.06826407519745714, 0.08549032202302646, 0.10126256003269167, 0.013998192969715351, 0.03183771851453885, 0.0487772885269321, 0.06509728448462893, 0.08014619615427836, 0.024709645553988812, 0.04853880820028597, 0.06981822362216267, 0.08953379759940544, 0.10715539364215063, 0.021265025052509386, 0.049460586145570626, 0.07711177446507045, 0.1038808554662707, 0.12740936559561689, 0.04263811717521937, 0.09335881293306196, 0.13877515536776242, 0.1800733620232183, 0.22027316866074084, 0.02309995031314027, 0.05876526126653375, 0.09537409198317504, 0.1270120641134338, 0.15375989444553037, 0.04227810439115921, 0.09878592773483644, 0.15635958530538824, 0.21208065963191045, 0.2646711869828876, 0.023410150813214427, 0.05199662080137292, 0.07528702247320768, 0.09305844305571384, 0.10684780060118265, 0.02428196809855898, 0.04997078440939507, 0.06831792597060292, 0.08039830685454956, 0.0876050957528968, 7.486039570893032, 25.917204379365003, 55.06802219115899, 81.26367953741999, 104.40594177996827, 4.133250333354104, 4.829264696570928, 5.370658827287476, 6.8377929003041835, 8.002284161262672, 0.1469569268435295, 0.6242719505604084, 0.1541969925392551, 0.6121553814204888]}, "loss_hist": [0.1597361361819623, 0.1331922345860166, 0.1190090827792589, 0.11385313070943429, 0.11103324428002459, 0.09413553452465385, 0.09302565037624082, 0.10451936800370154, 0.10344872010660892, 0.10891648748803802], "acc_hist": [0.9402717931720251, 0.9479026258608625, 0.9540529591573675, 0.9579493978565904, 0.9557765256141126, 0.9609177623098737, 0.9608293742864509, 0.9592604868706957, 0.9587375243987774, 0.9585018230029831], "val_acc_hist": [0.9272928741902489, 0.9410728491874076, 0.9449085123309467, 0.9487725877940675, 0.945988180475054, 0.9500511421752472, 0.9522673031026253, 0.9515854074326628, 0.9473803841345607, 0.9504773269689738], "f1_score_hist": [[0.9654408157544327, 0.8240119313944817, 0.7505761389824499, 0.8696581196581196, 0.8253083963390371, 0.6682509505703421, 0.7083825265643447, 0.8104986876640419, 0.8911290322580645, 0.7305936073059361, 0.7987846982460987], [0.9690983330342802, 0.8413397129186602, 0.7778181818181817, 0.8454537421578157, 0.9041394335511982, 0.8128886376483889, 0.8233995584988963, 0.8553880513679508, 0.9082521783700667, 0.8855154965211891, 0.789859906604403], [0.9731244904987554, 0.8051209103840682, 0.7958646616541353, 0.8919636087945413, 0.8970998925886144, 0.7636159460976979, 0.8464285714285714, 0.864804469273743, 0.87890625, 0.8573148705599036, 0.8429140580535003], [0.9754106900982877, 0.8251236037355796, 0.803813155386082, 0.884078343173086, 0.8928571428571429, 0.8485245901639343, 0.8469505178365938, 0.8985322271857051, 0.9370932754880693, 0.898989898989899, 0.8410548823948681], [0.9739637339560661, 0.8438960553374463, 0.8328976472953952, 0.8796756955960936, 0.898720451095207, 0.7923076923076924, 0.8406931246506427, 0.8496732026143791, 0.905852417302799, 0.737163192679207, 0.8608187134502925], [0.9769914884566805, 0.8464292443941963, 0.8180416345412491, 0.8825743319533309, 0.9093722369584438, 0.8332358104154476, 0.8691746209994384, 0.8509011469142544, 0.9358974358974359, 0.8664652567975831, 0.8852755194218609], [0.9772937402605295, 0.8542463657230297, 0.8099641441781468, 0.8775377769537406, 0.90681868011401, 0.830110497237569, 0.8654173764906303, 0.8930669800235017, 0.9041645760160563, 0.892077354959451, 0.8728400531679221], [0.9759974262771881, 0.8334255672385169, 0.824770462981051, 0.8881158330199324, 0.9488810365135454, 0.8172043010752689, 0.8911564625850341, 0.8165803108808289, 0.9151329243353783, 0.8426573426573427, 0.8521339272884035], [0.975676864069935, 0.8554957724827057, 0.7787515650152032, 0.8938136552244436, 0.9368921058584031, 0.8446261682242991, 0.8658536585365854, 0.851431658562939, 0.8935116394254581, 0.855627578078963, 0.8585450346420324], [0.9754831743433227, 0.8586147681740125, 0.8118289696741383, 0.8868980963045913, 0.908458360513155, 0.7819548872180452, 0.8571428571428572, 0.8991596638655462, 0.9131538852209243, 0.9132947976878613, 0.841867043847242]],