,activation function,epochs,batch size,lr,weight decay,min_f1_train,min_f1_val
0,leaky_relu,500,50000,0.001,0,0.901536642332969,0.8618035312725094
1,relu,500,5000,0.001,0,0.9338481546546515,0.8711098630219812
2,relu,500,10000,0.001,0,0.9292193296300665,0.872238132554884
