{"name": null, "run_number": 0, "data_file_name": "", "date_iso": "2022-03-28", "author": "Jonas", "description": "ohne nina daten", "architecture": [64, 40, 40, 30, 20, 10, 11], "bias_list": [1, 1, 1, 1, 1, 1], "train_acc": 0.9574927264022391, "loss_function": "categorical_cross_entropy", "activation_functions": ["leaky_relu", "leaky_relu", "leaky_relu", "leaky_relu", "leaky_relu", "softmax"], "lr": 0.000548, "epochs": 10, "batch_size": 128, "num_samples": 135765, "scaler": {"mean": [1.0152314661363392e-05, 2.4167134386623978e-05, 4.7004912900968665e-05, 5.6104003240894095e-05, 2.9654594335800848e-05, 6.15297904467278e-05, 0.00021792593820204028, 0.00020742369535594596, 7.524451810113066e-05, -3.1962361433359328e-06, -2.6371995727912204e-05, -0.00011976948403491328, -0.00024724914374102327, -0.0003718111221596142, -0.00048215798622619976, 9.048083084742019e-05, 0.00035774788789452375, 0.0005070152763967149, 0.0005804859278901043, 0.0007672428976540344, 1.4916355467167526e-05, 3.619510183036863e-05, 8.709760984053335e-05, 0.00010078042205281187, 9.33132913490221e-05, 4.72446948771775e-05, 0.00019036330423894215, 0.0001564746215887747, 0.00010322195705815199, -5.2269310941700634e-05, -6.570191139100654e-05, -0.00025855694766692454, -0.0005304637424962252, -0.000767861606452326, -0.0009775123411777703, 7.504142452031083e-05, 0.00023858718373660377, 0.00020442309873678794, 0.00017102337863219539, 0.00016218800132582016, 6.64326004493058e-05, 7.360089124590283e-05, 4.516868854270241e-05, 5.896864434869073e-05, 3.5676499834273697e-06, 3.654041174087581e-05, 7.1461466504622e-05, 0.00010054733546937714, 0.00019361955585018228, 0.00015117595109196026, 0.03384847459949177, 0.13819354069163628, 0.29029379947703754, 0.43254732860457407, 0.5758973848488197, -0.014647720472875927, -0.01250496546237985, -0.029602061002467497, -0.012301382101425258, -0.017495228505137548, 0.08305978960704156, -0.7843002002504327, -0.07890319850476928, -0.829329334209848], "std": [0.016630055074737173, 0.035335499834037824, 0.053640125498500425, 0.07035930600825532, 0.08696623573534074, 0.026669310819152584, 0.05059101663324514, 0.06826407519745714, 0.08549032202302646, 0.10126256003269167, 0.013998192969715351, 0.03183771851453885, 0.0487772885269321, 0.06509728448462893, 0.08014619615427836, 0.024709645553988812, 0.04853880820028597, 0.06981822362216267, 0.08953379759940544, 0.10715539364215063, 0.021265025052509386, 0.049460586145570626, 0.07711177446507045, 0.1038808554662707, 0.12740936559561689, 0.04263811717521937, 0.09335881293306196, 0.13877515536776242, 0.1800733620232183, 0.22027316866074084, 0.02309995031314027, 0.05876526126653375, 0.09537409198317504, 0.1270120641134338, 0.15375989444553037, 0.04227810439115921, 0.09878592773483644, 0.15635958530538824, 0.21208065963191045, 0.2646711869828876, 0.023410150813214427, 0.05199662080137292, 0.07528702247320768, 0.09305844305571384, 0.10684780060118265, 0.02428196809855898, 0.04997078440939507, 0.06831792597060292, 0.08039830685454956, 0.0876050957528968, 7.486039570893032, 25.917204379365003, 55.06802219115899, 81.26367953741999, 104.40594177996827, 4.133250333354104, 4.829264696570928, 5.370658827287476, 6.8377929003041835, 8.002284161262672, 0.1469569268435295, 0.6242719505604084, 0.1541969925392551, 0.6121553814204888]}, "loss_hist": [0.33788962592309046, 0.23594981644042293, 0.1831060660637322, 0.16670811515144485, 0.13109082390537846, 0.12634940851364185, 0.1257033280663183, 0.1285712876248433, 0.13609496851839337, 0.11111513707818435], "acc_hist": [0.8749088498508452, 0.9156557286487681, 0.9319485876330423, 0.9393068905829927, 0.9508415276396714, 0.9517475048797555, 0.9521157883106839, 0.9526755791256951, 0.9491695208632563, 0.9574927264022391], "val_acc_hist": [0.8389305602909422, 0.8921184225480168, 0.9089101034208433, 0.918854415274463, 0.9334015229003296, 0.9322082054778952, 0.9324923286737129, 0.9355608591885441, 0.9312137742925333, 0.9415274463007159], "f1_score_hist": [[0.9391071420625703, 0.7334927349641346, 0.5920931657983451, 0.6954676368046082, 0.2957556096242227, 0, 0.4139309163574079, 0.7928531546621997, 0, 0, 0.5373977405531749], [0.9516758910781492, 0.7721518987341772, 0.7201426024955437, 0.817520805957074, 0.5804878048780487, 0.508786610878661, 0.6371071889797676, 0.8535031847133758, 0.8659315147997679, 0.7723132969034608, 0.753442452585087], [0.960275106555356, 0.8065173116089613, 0.7535648994515539, 0.8817061611374408, 0.6315949521058233, 0.6650514839491218, 0.7235494880546075, 0.8641114982578396, 0.8327868852459017, 0.7949599083619702, 0.8140548137737175], [0.9643557493627904, 0.8129245456214429, 0.7625662584536647, 0.8630576165613264, 0.7726660250240616, 0.7424982554082346, 0.726078799249531, 0.8737522019964769, 0.8126410835214447, 0.8110859728506787, 0.8022459600109559], [0.9712467296147801, 0.8320610687022899, 0.7733627667402502, 0.8995999609718022, 0.8568943018703783, 0.7678244972577696, 0.8077753779697625, 0.8717948717948718, 0.8688444661140907, 0.8401442307692308, 0.8026190151411813], [0.9717903279880525, 0.8285286409584426, 0.7698986975397974, 0.8993314982304365, 0.8229875851021226, 0.7853277209861697, 0.8276643990929706, 0.8794489092996555, 0.8944162436548223, 0.8293811451706189, 0.8341722997267367], [0.9717563912398569, 0.8286511627906976, 0.7758241758241758, 0.8926649674313226, 0.8856279671989642, 0.7933491686460808, 0.76232741617357, 0.8797250859106529, 0.8991470145509283, 0.8476585655008892, 0.8286919831223629], [0.972123673956817, 0.8041310541310542, 0.7823518552704449, 0.8984922692787862, 0.9134615384615383, 0.763594733829422, 0.8163265306122449, 0.8778538812785389, 0.9077079107505072, 0.8292964244521337, 0.8205910919938949], [0.9699400024488797, 0.8229032850064233, 0.7742980561555076, 0.8972806764677621, 0.8976582827406764, 0.7419354838709677, 0.7401798390913392, 0.8697621744054361, 0.8682692307692307, 0.8478389579632919, 0.8118000546298825], [0.9749947815196216, 0.825765965300849, 0.8056672410492054, 0.9032133552060214, 0.9231452687694358, 0.8353162179085786, 0.8311688311688311, 0.8834003446295232, 0.8966550174737893, 0.8862793572311496, 0.81899518238128]],