{"name": null, "run_number": 0, "data_file_name": "", "date_iso": "2022-03-28", "author": "Jonas", "description": "ohne nina daten", "architecture": [64, 40, 40, 30, 20, 10, 11], "bias_list": [1, 1, 1, 1, 1, 1], "train_acc": 0.9570802489595993, "loss_function": "categorical_cross_entropy", "activation_functions": ["relu", "relu", "relu", "relu", "relu", "softmax"], "lr": 0.001626, "epochs": 10, "batch_size": 128, "num_samples": 135765, "scaler": {"mean": [1.0152314661363392e-05, 2.4167134386623978e-05, 4.7004912900968665e-05, 5.6104003240894095e-05, 2.9654594335800848e-05, 6.15297904467278e-05, 0.00021792593820204028, 0.00020742369535594596, 7.524451810113066e-05, -3.1962361433359328e-06, -2.6371995727912204e-05, -0.00011976948403491328, -0.00024724914374102327, -0.0003718111221596142, -0.00048215798622619976, 9.048083084742019e-05, 0.00035774788789452375, 0.0005070152763967149, 0.0005804859278901043, 0.0007672428976540344, 1.4916355467167526e-05, 3.619510183036863e-05, 8.709760984053335e-05, 0.00010078042205281187, 9.33132913490221e-05, 4.72446948771775e-05, 0.00019036330423894215, 0.0001564746215887747, 0.00010322195705815199, -5.2269310941700634e-05, -6.570191139100654e-05, -0.00025855694766692454, -0.0005304637424962252, -0.000767861606452326, -0.0009775123411777703, 7.504142452031083e-05, 0.00023858718373660377, 0.00020442309873678794, 0.00017102337863219539, 0.00016218800132582016, 6.64326004493058e-05, 7.360089124590283e-05, 4.516868854270241e-05, 5.896864434869073e-05, 3.5676499834273697e-06, 3.654041174087581e-05, 7.1461466504622e-05, 0.00010054733546937714, 0.00019361955585018228, 0.00015117595109196026, 0.03384847459949177, 0.13819354069163628, 0.29029379947703754, 0.43254732860457407, 0.5758973848488197, -0.014647720472875927, -0.01250496546237985, -0.029602061002467497, -0.012301382101425258, -0.017495228505137548, 0.08305978960704156, -0.7843002002504327, -0.07890319850476928, -0.829329334209848], "std": [0.016630055074737173, 0.035335499834037824, 0.053640125498500425, 0.07035930600825532, 0.08696623573534074, 0.026669310819152584, 0.05059101663324514, 0.06826407519745714, 0.08549032202302646, 0.10126256003269167, 0.013998192969715351, 0.03183771851453885, 0.0487772885269321, 0.06509728448462893, 0.08014619615427836, 0.024709645553988812, 0.04853880820028597, 0.06981822362216267, 0.08953379759940544, 0.10715539364215063, 0.021265025052509386, 0.049460586145570626, 0.07711177446507045, 0.1038808554662707, 0.12740936559561689, 0.04263811717521937, 0.09335881293306196, 0.13877515536776242, 0.1800733620232183, 0.22027316866074084, 0.02309995031314027, 0.05876526126653375, 0.09537409198317504, 0.1270120641134338, 0.15375989444553037, 0.04227810439115921, 0.09878592773483644, 0.15635958530538824, 0.21208065963191045, 0.2646711869828876, 0.023410150813214427, 0.05199662080137292, 0.07528702247320768, 0.09305844305571384, 0.10684780060118265, 0.02428196809855898, 0.04997078440939507, 0.06831792597060292, 0.08039830685454956, 0.0876050957528968, 7.486039570893032, 25.917204379365003, 55.06802219115899, 81.26367953741999, 104.40594177996827, 4.133250333354104, 4.829264696570928, 5.370658827287476, 6.8377929003041835, 8.002284161262672, 0.1469569268435295, 0.6242719505604084, 0.1541969925392551, 0.6121553814204888]}, "loss_hist": [0.2038372380578433, 0.15377539625932587, 0.13061402128780547, 0.1368141721222479, 0.1084546898556681, 0.09234481456502776, 0.1278515948542314, 0.08998721184089804, 0.10227917234961366, 0.11231824550036602], "acc_hist": [0.9310720730674327, 0.9435568813759069, 0.9491105955143078, 0.9501859831326188, 0.9566456745111037, 0.9617279858579163, 0.9540750561632232, 0.9641807535078997, 0.9606231355651309, 0.9570802489595993], "val_acc_hist": [0.911921809296511, 0.9309580634162973, 0.9361859302193432, 0.9400500056824639, 0.9462723036708717, 0.9505909762473008, 0.9411296738265712, 0.9552221843391294, 0.9518979429480623, 0.9486589385157405], "f1_score_hist": [[0.9622256791555708, 0.7857911733046286, 0.7681543116490167, 0.8150218340611355, 0.6852971845672575, 0.5780821917808219, 0.6201864612890151, 0.8177920685959272, 0.847071021254536, 0.8443908323281062, 0.782515706456356], [0.9668472448675468, 0.7948580610605248, 0.7774917248988598, 0.8688917573298911, 0.8813181919394344, 0.6256544502617801, 0.8190267905959542, 0.837793555434189, 0.9033942558746736, 0.8836633663366337, 0.7885562208915502], [0.9702737643914114, 0.8083090379008746, 0.778180500181225, 0.8811825957605058, 0.7925099300170229, 0.8153310104529616, 0.7916194790486977, 0.8708025042686397, 0.8989795918367347, 0.9039692701664531, 0.8372299496892572], [0.9706721422486293, 0.8010048447873678, 0.7987954074910598, 0.8716153987843065, 0.910873440285205, 0.8035820895522388, 0.7805372529143435, 0.8662921348314606, 0.8473933649289099, 0.8622167789344765, 0.8210730088495575], [0.974424608097931, 0.8233357717629846, 0.8271186440677966, 0.8814409061368489, 0.894072330408731, 0.8035714285714286, 0.82176568573015, 0.8573008849557522, 0.8857142857142857, 0.920881971465629, 0.8544166546190545], [0.9775088005271647, 0.8257253742376641, 0.8253719655442443, 0.8981773069949422, 0.9053907772245076, 0.848030018761726, 0.8369855692143239, 0.8522789676002197, 0.9035532994923857, 0.9249836921069798, 0.8848240582855371], [0.9729300266727201, 0.7294531499840103, 0.799182611926435, 0.8895511268392624, 0.9158796397979354, 0.8698334361505244, 0.8610957387935806, 0.8171368861024033, 0.8752515090543259, 0.913705583756345, 0.8896270572248226], [0.9789450892083839, 0.8534714230916761, 0.8346207169736581, 0.8848981111007723, 0.9489916963226571, 0.8356579745300182, 0.8731596828992072, 0.8912037037037037, 0.8950276243093923, 0.9271781534460337, 0.8794875614479368], [0.9767905057208337, 0.8358098068350669, 0.8113704819277109, 0.8985122713920213, 0.9361129791526565, 0.8685645063597819, 0.833070036861506, 0.8839080459770116, 0.9030637870416877, 0.9063482086737901, 0.8521217316759537], [0.9746194664027312, 0.8368899610317313, 0.7751384175745669, 0.8933820087990265, 0.8887945670628182, 0.840512223515716, 0.828230409963674, 0.8900462962962964, 0.9151670951156812, 0.8978829389788294, 0.8679080593540879]],