{"name": null, "run_number": 0, "data_file_name": "", "date_iso": "2022-03-28", "author": "Jonas", "description": "ohne nina daten", "architecture": [64, 40, 40, 30, 20, 10, 11], "bias_list": [1, 1, 1, 1, 1, 1], "train_acc": 0.9601001730932125, "loss_function": "categorical_cross_entropy", "activation_functions": ["relu", "relu", "relu", "relu", "relu", "softmax"], "lr": 0.001173, "epochs": 10, "batch_size": 512, "num_samples": 135765, "scaler": {"mean": [1.0152314661363392e-05, 2.4167134386623978e-05, 4.7004912900968665e-05, 5.6104003240894095e-05, 2.9654594335800848e-05, 6.15297904467278e-05, 0.00021792593820204028, 0.00020742369535594596, 7.524451810113066e-05, -3.1962361433359328e-06, -2.6371995727912204e-05, -0.00011976948403491328, -0.00024724914374102327, -0.0003718111221596142, -0.00048215798622619976, 9.048083084742019e-05, 0.00035774788789452375, 0.0005070152763967149, 0.0005804859278901043, 0.0007672428976540344, 1.4916355467167526e-05, 3.619510183036863e-05, 8.709760984053335e-05, 0.00010078042205281187, 9.33132913490221e-05, 4.72446948771775e-05, 0.00019036330423894215, 0.0001564746215887747, 0.00010322195705815199, -5.2269310941700634e-05, -6.570191139100654e-05, -0.00025855694766692454, -0.0005304637424962252, -0.000767861606452326, -0.0009775123411777703, 7.504142452031083e-05, 0.00023858718373660377, 0.00020442309873678794, 0.00017102337863219539, 0.00016218800132582016, 6.64326004493058e-05, 7.360089124590283e-05, 4.516868854270241e-05, 5.896864434869073e-05, 3.5676499834273697e-06, 3.654041174087581e-05, 7.1461466504622e-05, 0.00010054733546937714, 0.00019361955585018228, 0.00015117595109196026, 0.03384847459949177, 0.13819354069163628, 0.29029379947703754, 0.43254732860457407, 0.5758973848488197, -0.014647720472875927, -0.01250496546237985, -0.029602061002467497, -0.012301382101425258, -0.017495228505137548, 0.08305978960704156, -0.7843002002504327, -0.07890319850476928, -0.829329334209848], "std": [0.016630055074737173, 0.035335499834037824, 0.053640125498500425, 0.07035930600825532, 0.08696623573534074, 0.026669310819152584, 0.05059101663324514, 0.06826407519745714, 0.08549032202302646, 0.10126256003269167, 0.013998192969715351, 0.03183771851453885, 0.0487772885269321, 0.06509728448462893, 0.08014619615427836, 0.024709645553988812, 0.04853880820028597, 0.06981822362216267, 0.08953379759940544, 0.10715539364215063, 0.021265025052509386, 0.049460586145570626, 0.07711177446507045, 0.1038808554662707, 0.12740936559561689, 0.04263811717521937, 0.09335881293306196, 0.13877515536776242, 0.1800733620232183, 0.22027316866074084, 0.02309995031314027, 0.05876526126653375, 0.09537409198317504, 0.1270120641134338, 0.15375989444553037, 0.04227810439115921, 0.09878592773483644, 0.15635958530538824, 0.21208065963191045, 0.2646711869828876, 0.023410150813214427, 0.05199662080137292, 0.07528702247320768, 0.09305844305571384, 0.10684780060118265, 0.02428196809855898, 0.04997078440939507, 0.06831792597060292, 0.08039830685454956, 0.0876050957528968, 7.486039570893032, 25.917204379365003, 55.06802219115899, 81.26367953741999, 104.40594177996827, 4.133250333354104, 4.829264696570928, 5.370658827287476, 6.8377929003041835, 8.002284161262672, 0.1469569268435295, 0.6242719505604084, 0.1541969925392551, 0.6121553814204888]}, "loss_hist": [0.310340655842013, 0.22173512369458606, 0.1906338204503199, 0.14927870182689024, 0.12184277854682152, 0.10639504741286772, 0.12708616134212425, 0.11329858198363775, 0.13051848363959964, 0.1077953700047403], "acc_hist": [0.8916878429639451, 0.9349832431038928, 0.9396899053511583, 0.9503995875225574, 0.95496630206607, 0.9600780760873568, 0.953036496888005, 0.9585312856774574, 0.9533384893013663, 0.9601001730932125], "val_acc_hist": [0.8611774065234685, 0.9203034435731333, 0.9210421638822593, 0.9357597454256166, 0.9398795317649733, 0.9481475167632686, 0.9379759063529947, 0.9470394362995795, 0.9393681100125014, 0.9493692465052846], "f1_score_hist": [[0.9475882340038166, 0.8060985144644254, 0.6551264980026632, 0.7003025718608168, 0, 0.47635135135135137, 0.004914004914004914, 0.7357512953367875, 0.5400593471810089, 0, 0.5507218292801085], [0.9625026840137948, 0.8010471204188482, 0.7859582542694498, 0.8467551354299219, 0.7359863072314934, 0.7064116985376828, 0.749090909090909, 0.8412162162162161, 0.8086746987951807, 0.8971583220568335, 0.7314085739282589], [0.964903118211143, 0.8123042917664394, 0.7916120576671035, 0.8581508956034014, 0.7660214245442586, 0.6608946608946609, 0.7859466493168511, 0.8611738148984199, 0.7834593152512229, 0.9, 0.7939451793263329], [0.9709816852692688, 0.8316831683168318, 0.8062283737024221, 0.8445664688690108, 0.8851441241685144, 0.834293026231606, 0.8159831756046267, 0.8766647365373479, 0.8751910341314315, 0.8926767676767677, 0.8055593780101831], [0.9737149024318067, 0.832116788321168, 0.8172043010752689, 0.8755198225672304, 0.8914762741652021, 0.7637362637362638, 0.8605714285714287, 0.8747152619589976, 0.8748144482929242, 0.9214237743451982, 0.8231802120141343], [0.9767877183328062, 0.8456505003849114, 0.7888358428204186, 0.9110801670976726, 0.9006887358364809, 0.8515878159429683, 0.8724519510774607, 0.885531667635096, 0.8847508807247105, 0.9230769230769231, 0.830194023509418], [0.9723856237672153, 0.8245227606461085, 0.7982768308672037, 0.8820741566768888, 0.8873056994818653, 0.789563244469654, 0.8237145855194123, 0.8842592592592593, 0.8992878942014242, 0.9247874427730542, 0.8110106820049302], [0.9756284148255043, 0.8391214567298668, 0.8139137046188938, 0.8928605380739615, 0.9170949720670393, 0.8441479684657369, 0.8823181549379066, 0.8741496598639455, 0.8831683168316832, 0.9013199245757385, 0.8259414225941423], [0.9724719395325292, 0.8450810403317001, 0.7738497068751111, 0.9083618581907091, 0.8813559322033898, 0.7941996653653095, 0.7664901299951854, 0.8622420524261014, 0.8404850746268656, 0.9002493765586034, 0.8354251868565786], [0.9765622963214016, 0.8103663985701519, 0.8235066692441524, 0.9104275488489069, 0.9312598602659454, 0.8244365361803083, 0.8640883977900553, 0.8698591549295774, 0.8780009799118079, 0.9204693611473271, 0.8441205886555222]],