{"name": null, "run_number": 0, "data_file_name": "", "date_iso": "2022-03-28", "author": "Jonas", "description": "ohne nina daten", "architecture": [64, 40, 40, 30, 20, 10, 11], "bias_list": [1, 1, 1, 1, 1, 1], "train_acc": 0.958553382683313, "loss_function": "categorical_cross_entropy", "activation_functions": ["relu", "relu", "relu", "relu", "relu", "softmax"], "lr": 0.00481, "epochs": 10, "batch_size": 512, "num_samples": 135765, "scaler": {"mean": [1.0152314661363392e-05, 2.4167134386623978e-05, 4.7004912900968665e-05, 5.6104003240894095e-05, 2.9654594335800848e-05, 6.15297904467278e-05, 0.00021792593820204028, 0.00020742369535594596, 7.524451810113066e-05, -3.1962361433359328e-06, -2.6371995727912204e-05, -0.00011976948403491328, -0.00024724914374102327, -0.0003718111221596142, -0.00048215798622619976, 9.048083084742019e-05, 0.00035774788789452375, 0.0005070152763967149, 0.0005804859278901043, 0.0007672428976540344, 1.4916355467167526e-05, 3.619510183036863e-05, 8.709760984053335e-05, 0.00010078042205281187, 9.33132913490221e-05, 4.72446948771775e-05, 0.00019036330423894215, 0.0001564746215887747, 0.00010322195705815199, -5.2269310941700634e-05, -6.570191139100654e-05, -0.00025855694766692454, -0.0005304637424962252, -0.000767861606452326, -0.0009775123411777703, 7.504142452031083e-05, 0.00023858718373660377, 0.00020442309873678794, 0.00017102337863219539, 0.00016218800132582016, 6.64326004493058e-05, 7.360089124590283e-05, 4.516868854270241e-05, 5.896864434869073e-05, 3.5676499834273697e-06, 3.654041174087581e-05, 7.1461466504622e-05, 0.00010054733546937714, 0.00019361955585018228, 0.00015117595109196026, 0.03384847459949177, 0.13819354069163628, 0.29029379947703754, 0.43254732860457407, 0.5758973848488197, -0.014647720472875927, -0.01250496546237985, -0.029602061002467497, -0.012301382101425258, -0.017495228505137548, 0.08305978960704156, -0.7843002002504327, -0.07890319850476928, -0.829329334209848], "std": [0.016630055074737173, 0.035335499834037824, 0.053640125498500425, 0.07035930600825532, 0.08696623573534074, 0.026669310819152584, 0.05059101663324514, 0.06826407519745714, 0.08549032202302646, 0.10126256003269167, 0.013998192969715351, 0.03183771851453885, 0.0487772885269321, 0.06509728448462893, 0.08014619615427836, 0.024709645553988812, 0.04853880820028597, 0.06981822362216267, 0.08953379759940544, 0.10715539364215063, 0.021265025052509386, 0.049460586145570626, 0.07711177446507045, 0.1038808554662707, 0.12740936559561689, 0.04263811717521937, 0.09335881293306196, 0.13877515536776242, 0.1800733620232183, 0.22027316866074084, 0.02309995031314027, 0.05876526126653375, 0.09537409198317504, 0.1270120641134338, 0.15375989444553037, 0.04227810439115921, 0.09878592773483644, 0.15635958530538824, 0.21208065963191045, 0.2646711869828876, 0.023410150813214427, 0.05199662080137292, 0.07528702247320768, 0.09305844305571384, 0.10684780060118265, 0.02428196809855898, 0.04997078440939507, 0.06831792597060292, 0.08039830685454956, 0.0876050957528968, 7.486039570893032, 25.917204379365003, 55.06802219115899, 81.26367953741999, 104.40594177996827, 4.133250333354104, 4.829264696570928, 5.370658827287476, 6.8377929003041835, 8.002284161262672, 0.1469569268435295, 0.6242719505604084, 0.1541969925392551, 0.6121553814204888]}, "loss_hist": [0.22047930860304177, 0.1413213017753222, 0.16152318636115592, 0.13224777631618068, 0.09727414424112862, 0.10114300895999048, 0.12266049152354727, 0.11327510353932067, 0.10525688165718067, 0.10639126111273906], "acc_hist": [0.9269399329724156, 0.9500018414171546, 0.9409862630280263, 0.9502670054874232, 0.9600780760873568, 0.95892903178286, 0.9527639671491179, 0.95522410046772, 0.9586123080322616, 0.958553382683313], "val_acc_hist": [0.9103591317195135, 0.9372940106830322, 0.924053869757927, 0.937066712126378, 0.9481759290828503, 0.9462154790317081, 0.939169223775429, 0.9434026593931129, 0.9478065689282873, 0.9474087964541426], "f1_score_hist": [[0.9599575779089591, 0.7725603864734298, 0.7064047822374039, 0.738115816767502, 0.8218491606113755, 0.2757847533632287, 0.7715617715617716, 0.7600446428571428, 0.8519454269833249, 0.7673160173160173, 0.7870320130222463], [0.9705755480320518, 0.7964505613908004, 0.7921316436542463, 0.8786249279815632, 0.8940761946707773, 0.8230143839899937, 0.7426400759734093, 0.8551564310544612, 0.9088114754098361, 0.8866371120962635, 0.8050951924393918], [0.9661298450886302, 0.810020113366246, 0.7835164835164836, 0.859714232696233, 0.7453283502402563, 0.857680250783699, 0.587737843551797, 0.8495575221238938, 0.8379006038086392, 0.8201027984009138, 0.8101057256625016], [0.9706102149715279, 0.800568787771063, 0.8208227724702671, 0.8492859043732813, 0.9396973224679861, 0.7703141928494042, 0.8366666666666667, 0.8494683827644097, 0.857685009487666, 0.847197640117994, 0.8274125874125874], [0.9765503001700386, 0.8406184386333271, 0.8317434544347473, 0.8744349109696467, 0.928361581920904, 0.875724404378622, 0.8740568775391757, 0.8440065681444993, 0.9183359013867489, 0.8884639898024219, 0.8469402447804176], [0.9758731068749702, 0.8346456692913385, 0.7947918576930132, 0.8837253235099651, 0.9416378316032296, 0.844735276621059, 0.8584371460928651, 0.8444687842278202, 0.9249217935349322, 0.8442865600947307, 0.8641791044776119], [0.9720350860341342, 0.8044672930331501, 0.8326724821570184, 0.8337240600850916, 0.9259673451129501, 0.8773946360153256, 0.8154327424400417, 0.8467475192943771, 0.9124613800205972, 0.8614097968936678, 0.8549087749782798], [0.973631875512447, 0.825054784514244, 0.8394131641554321, 0.8419391601648111, 0.9419953596287703, 0.8123943661971831, 0.8108108108108109, 0.8344155844155843, 0.8871442590775269, 0.8717325227963526, 0.8752598752598753], [0.9756235433262601, 0.840373831775701, 0.7660993156694156, 0.8960827506943779, 0.9241011984021305, 0.8807947019867549, 0.8785377358490566, 0.858569051580699, 0.924508790072389, 0.8727272727272727, 0.8534099066762384], [0.9755802465912009, 0.8304115150396753, 0.8250382848392037, 0.8962246253082907, 0.9005596211795093, 0.8189158016147635, 0.8581081081081082, 0.8427397260273972, 0.8717454194792671, 0.8248716486023958, 0.8775872264931993]],