{"name": null, "run_number": 0, "data_file_name": "", "date_iso": "2022-03-29", "author": "Jonas", "description": "alle daten", "architecture": [52, 40, 30, 20, 10, 4], "bias_list": [1, 1, 1, 1, 1], "train_acc": 0.8356665018386845, "loss_function": "categorical_cross_entropy", "activation_functions": ["leaky_relu", "leaky_relu", "leaky_relu", "leaky_relu", "softmax"], "lr": 0.00053, "epochs": 80, "batch_size": 512, "num_samples": 175941, "scaler": {"mean": [7.145534014243414e-05, 0.000214723731250817, 0.0002962366077264539, 0.00028962320323290205, 0.00020473225683609845, 0.0005377527466593915, 0.0007857292899324205, 0.0009979586338602145, -9.789758498587594e-05, -0.0002813267515814961, -0.0005339877061060243, -0.0009100138910202851, 0.00022351264912669582, 0.0005792480376944544, 0.0009174120983738869, 0.0013180990218311821, 0.00010581294865892545, 0.0003001874378342741, 0.00042514588981533576, 0.0004994684127065322, 0.0003244190438840292, 0.0009335439891781904, 0.001378535736411638, 0.0019132967187864113, -0.00013363630421561775, -0.0004159266913340268, -0.0007995690600826413, -0.0012652502713977982, 0.000330358193940014, 0.0008745539754804167, 0.0013460370578773566, 0.0019443878913954114, 0.00020750479422078995, 0.0005117411234447911, 0.0007435049874673896, 0.0010395394365156504, 0.00016838653866921296, 0.0004775128878430838, 0.0007466974951830443, 0.001072848193428479, 0.040515172245241295, 0.15569370814648098, 0.3255709493750745, 0.49476294283879246, -0.014382112441102414, -0.04076613622180162, -0.07670976829732694, -0.0636619687281532, 0.07296218944418868, -0.7827176576750159, -0.06406082311115659, -0.8201569928328246], "std": [0.0451672455401864, 0.07667305396123224, 0.09644837322340365, 0.11577331882617709, 0.04823251839431375, 0.0810169862297191, 0.1103593971889606, 0.1352344690646171, 0.047750888410549926, 0.07498652186571288, 0.10533130758708839, 0.12777795418109966, 0.05057434687973171, 0.07977739090553518, 0.11292171302365904, 0.14317390835328775, 0.05164281292461256, 0.08697618311692276, 0.112888519684835, 0.13685154814636621, 0.07200327557411249, 0.13061454906830514, 0.18648873303125896, 0.23707345272077518, 0.05261773179060906, 0.08885798723742322, 0.13082555160128834, 0.1633833412117642, 0.08191118447906211, 0.1417805882102565, 0.20738622077121388, 0.2703755374723751, 0.037827524758807365, 0.06878732916150937, 0.0937614933914955, 0.11443066371580439, 0.03543388578062412, 0.06536679157984299, 0.08608064733718998, 0.10145928453077022, 8.611797742106258, 24.6458371615954, 50.548251966329666, 73.85426862400588, 5.8556762426565525, 9.75107382879198, 12.41373658384884, 15.835755828950415, 0.15067176815151623, 0.5850823722634543, 0.1521215518880569, 0.5779450673972657]}, "loss_hist": [1.2419734953630195, 17.900300560549677, 17.945548709996434, 17.918035450400854, 18.68092747635539, 1.4068089178186387, 1.4103457861380244, 1.4145179414915288, 1.4186153778874018, 1.4255609825770463, 16.871939381192238, 1.4323001977807492, 18.207399424600535, 1.4457305915465424, 1.453082586359363, 1.459836418668167, 1.4678946626154208, 1.4767153539749065, 1.4835459100681254, 1.490294660395474, 18.56078189051768, 1.5017356220410538, 1.5076727343254561, 1.513061625099806, 1.5175573445702546, 1.52288455890624, 1.5287827058572918, 1.5334191220574243, 18.675579349274905, 1.5419276501327406, 18.21072518129551, 18.21975974316772, 18.215142255373063, 18.555846476017546, 1.560551611916588, 18.684255820580823, 1.565492073315511, 18.217790893268525, 18.219968485214796, 1.5749443107751655, 1.5775695832330727, 18.570459435598664, 18.221074184721815, 18.220745651751308, 1.58822105105323, 1.5902922425778208, 18.681174313187306, 1.5954029429407028, 1.596935063220055, 1.5987030330034169, 1.6003524988831848, 1.6024707383617696, 1.6048268760922373, 18.570623286240888, 18.221622757495247, 18.221978847014096, 18.21996170884517, 1.61247916881194, 18.221313089196578, 18.5705659398099, 1.617074569662382, 18.22089911466482, 1.6194583864718646, 18.57089381133436, 18.221527428819208, 1.6235531915181185, 18.68603862847728, 1.6264973952500161, 18.684663013020643, 1.628382065602768, 18.221692077543914, 18.21948209247376, 18.684388714773238, 1.6339185288273206, 18.221794482490388, 1.6356846823392244, 18.221761119046796, 18.22180975881233, 18.22111095823125, 1.6405138619271746], "acc_hist": [0.8473636048448059, 0.03559147668820798, 0.03558010924116607, 0.03568809998806418, 0.013214657186215834, 0.8469089069631297, 0.8467270278104592, 0.8465451486577887, 0.8463291671639924, 0.8461302368407592, 0.02292814068352459, 0.8456869064061248, 0.03567673254102227, 0.8450275944776943, 0.8446695198958741, 0.8443625988257427, 0.843964738179276, 0.8435611938092883, 0.8432144866745102, 0.8429018818808578, 0.018790389960270774, 0.8423619281463672, 0.8420663745232777, 0.8418106069648348, 0.8415946254710386, 0.8413445416361166, 0.8410489880130271, 0.8408273227957099, 0.01326581069790441, 0.8404124109786804, 0.03573356977623181, 0.03557442551764512, 0.0356369464763756, 0.01876765506618696, 0.8395257501094117, 0.013146452503964397, 0.8392870337215317, 0.0356369464763756, 0.03559147668820798, 0.8388209683928135, 0.8386959264753525, 0.018688082936893616, 0.03553463945299845, 0.03557442551764512, 0.8381900750819877, 0.8380820843350896, 0.013197606015652974, 0.8378433679472096, 0.8377694795414372, 0.8376842236886229, 0.8376046515593295, 0.8375023445359524, 0.8373886700655333, 0.018688082936893616, 0.03552327200595654, 0.03552327200595654, 0.03555737434708226, 0.8370192280366714, 0.03554600690004035, 0.018682399213372666, 0.8367975628193542, 0.03556305807060321, 0.8366782046254142, 0.018665348042809806, 0.0355403231765194, 0.8364849580257018, 0.013123717609880585, 0.836342864937678, 0.013146452503964397, 0.8362519253613427, 0.03552327200595654, 0.03559147668820798, 0.013174871121569162, 0.8359847903558579, 0.03552327200595654, 0.8358995345030437, 0.03551758828243559, 0.035511904558914634, 0.03555169062356131, 0.8356665018386845], "val_acc_hist": [0.8442647087693124, 0.03421739727909853, 0.03421739727909853, 0.03425665992657885, 0.012564047193702271, 0.8440291328844304, 0.8438720822945092, 0.8436757690571075, 0.8435383497909265, 0.8432831425823043, 0.019238697265356604, 0.8426549402226192, 0.03435481654527965, 0.8422230511003357, 0.8419678438917136, 0.8418500559492726, 0.8417322680068317, 0.8415555860931703, 0.8413003788845482, 0.8410844343234064, 0.01264257248866291, 0.8408292271147844, 0.8406329138773827, 0.8405936512299025, 0.8404954946112017, 0.8403580753450205, 0.840161762107619, 0.8400047115176976, 0.01264257248866291, 0.8395531910716739, 0.03427629125031901, 0.03423702860283869, 0.03429592257405917, 0.01274072910736371, 0.8389642513594692, 0.012583678517442432, 0.8388072007695478, 0.03425665992657885, 0.03425665992657885, 0.8384342056184848, 0.8383164176760439, 0.012583678517442432, 0.03419776595535837, 0.03419776595535837, 0.8380219478199415, 0.8379434225249809, 0.012622941164922751, 0.8376685839926187, 0.8375507960501777, 0.8375311647264375, 0.837472270755217, 0.8373741141365162, 0.837354482812776, 0.012564047193702271, 0.03419776595535837, 0.03421739727909853, 0.03419776595535837, 0.8371974322228548, 0.03419776595535837, 0.012583678517442432, 0.837099275604154, 0.03419776595535837, 0.8370207503091933, 0.012583678517442432, 0.03419776595535837, 0.8368833310430123, 0.01260330984118259, 0.8367655431005713, 0.012564047193702271, 0.8367655431005713, 0.03419776595535837, 0.03423702860283869, 0.012622941164922751, 0.8367066491293508, 0.03423702860283869, 0.8366281238343901, 0.03419776595535837, 0.03419776595535837, 0.03423702860283869, 0.8365103358919492],