{"name": null, "run_number": 0, "data_file_name": "", "date_iso": "2022-03-28", "author": "Jonas", "description": "ohne nina daten", "architecture": [64, 40, 40, 30, 20, 10, 11], "bias_list": [1, 1, 1, 1, 1, 1], "train_acc": 0.9615880381541635, "loss_function": "categorical_cross_entropy", "activation_functions": ["leaky_relu", "leaky_relu", "leaky_relu", "leaky_relu", "leaky_relu", "softmax"], "lr": 0.000766, "epochs": 10, "batch_size": 64, "num_samples": 135765, "scaler": {"mean": [1.0152314661363392e-05, 2.4167134386623978e-05, 4.7004912900968665e-05, 5.6104003240894095e-05, 2.9654594335800848e-05, 6.15297904467278e-05, 0.00021792593820204028, 0.00020742369535594596, 7.524451810113066e-05, -3.1962361433359328e-06, -2.6371995727912204e-05, -0.00011976948403491328, -0.00024724914374102327, -0.0003718111221596142, -0.00048215798622619976, 9.048083084742019e-05, 0.00035774788789452375, 0.0005070152763967149, 0.0005804859278901043, 0.0007672428976540344, 1.4916355467167526e-05, 3.619510183036863e-05, 8.709760984053335e-05, 0.00010078042205281187, 9.33132913490221e-05, 4.72446948771775e-05, 0.00019036330423894215, 0.0001564746215887747, 0.00010322195705815199, -5.2269310941700634e-05, -6.570191139100654e-05, -0.00025855694766692454, -0.0005304637424962252, -0.000767861606452326, -0.0009775123411777703, 7.504142452031083e-05, 0.00023858718373660377, 0.00020442309873678794, 0.00017102337863219539, 0.00016218800132582016, 6.64326004493058e-05, 7.360089124590283e-05, 4.516868854270241e-05, 5.896864434869073e-05, 3.5676499834273697e-06, 3.654041174087581e-05, 7.1461466504622e-05, 0.00010054733546937714, 0.00019361955585018228, 0.00015117595109196026, 0.03384847459949177, 0.13819354069163628, 0.29029379947703754, 0.43254732860457407, 0.5758973848488197, -0.014647720472875927, -0.01250496546237985, -0.029602061002467497, -0.012301382101425258, -0.017495228505137548, 0.08305978960704156, -0.7843002002504327, -0.07890319850476928, -0.829329334209848], "std": [0.016630055074737173, 0.035335499834037824, 0.053640125498500425, 0.07035930600825532, 0.08696623573534074, 0.026669310819152584, 0.05059101663324514, 0.06826407519745714, 0.08549032202302646, 0.10126256003269167, 0.013998192969715351, 0.03183771851453885, 0.0487772885269321, 0.06509728448462893, 0.08014619615427836, 0.024709645553988812, 0.04853880820028597, 0.06981822362216267, 0.08953379759940544, 0.10715539364215063, 0.021265025052509386, 0.049460586145570626, 0.07711177446507045, 0.1038808554662707, 0.12740936559561689, 0.04263811717521937, 0.09335881293306196, 0.13877515536776242, 0.1800733620232183, 0.22027316866074084, 0.02309995031314027, 0.05876526126653375, 0.09537409198317504, 0.1270120641134338, 0.15375989444553037, 0.04227810439115921, 0.09878592773483644, 0.15635958530538824, 0.21208065963191045, 0.2646711869828876, 0.023410150813214427, 0.05199662080137292, 0.07528702247320768, 0.09305844305571384, 0.10684780060118265, 0.02428196809855898, 0.04997078440939507, 0.06831792597060292, 0.08039830685454956, 0.0876050957528968, 7.486039570893032, 25.917204379365003, 55.06802219115899, 81.26367953741999, 104.40594177996827, 4.133250333354104, 4.829264696570928, 5.370658827287476, 6.8377929003041835, 8.002284161262672, 0.1469569268435295, 0.6242719505604084, 0.1541969925392551, 0.6121553814204888]}, "loss_hist": [0.2114762234805085, 0.1405010149129848, 0.13165758864083718, 0.1332065718197189, 0.10708327399935248, 0.09428622888182919, 0.10423632659171565, 0.1033054497648721, 0.10753485484480917, 0.09667377436414229], "acc_hist": [0.9260192243950944, 0.9479689168784297, 0.9519463779324568, 0.9516591168563326, 0.9568813759068979, 0.9610871726881007, 0.9592973152137886, 0.9619047619047619, 0.9578094501528376, 0.9615880381541635], "val_acc_hist": [0.9089101034208433, 0.9352767359927264, 0.9393396976929197, 0.9420388680531878, 0.9460450051142175, 0.9510455733606091, 0.9469541993408341, 0.9524946016592795, 0.9455904080009092, 0.9525230139788612], "f1_score_hist": [[0.9579243007193103, 0.8010095127159774, 0.7856181503557008, 0.7609254498714652, 0.7318888159334646, 0.5308574549426543, 0.6628019323671498, 0.8687463213655092, 0.9220010758472297, 0.7664273881833241, 0.7618061844999353], [0.9694276635122393, 0.8283220174587779, 0.7946293494704992, 0.8579736483416629, 0.8825088339222614, 0.8130381303813039, 0.81443880428652, 0.8568232662192393, 0.8667953667953668, 0.9025974025974025, 0.772424598511555], [0.9717188453824017, 0.8173817381738174, 0.7942814704790198, 0.8935390549662489, 0.855327868852459, 0.771004942339374, 0.8250825082508251, 0.877412031782066, 0.8885586924219909, 0.8783783783783784, 0.8193420306296086], [0.971496374883307, 0.8270509977827052, 0.7917441428040164, 0.863400890666182, 0.9342624854819976, 0.8293963254593176, 0.8449744463373083, 0.8895348837209303, 0.8845208845208844, 0.8609112709832134, 0.7917222963951935], [0.9746785928495059, 0.8416666666666667, 0.818517798093756, 0.8701322556943425, 0.9348519362186788, 0.8445040214477211, 0.8427161926871736, 0.8495092693565977, 0.903225806451613, 0.8916776750330251, 0.8225492918633713], [0.9772352788136327, 0.8429003021148037, 0.8186974379033836, 0.8906220277724938, 0.9103659872890641, 0.8683718028696195, 0.8729874776386404, 0.8821510297482836, 0.9221118661787768, 0.8884758364312266, 0.8487407191730965], [0.9760875227923939, 0.7781383432963278, 0.812004530011325, 0.9026242430068249, 0.9278212290502794, 0.8136180034622041, 0.8685996298581123, 0.8885037550548817, 0.9143730886850153, 0.8626506024096385, 0.8778673279603224], [0.9776512837840764, 0.8440607993995122, 0.7876349003109566, 0.9162423879405012, 0.9503001200480192, 0.8627211714460036, 0.8759736369083283, 0.8447339847991313, 0.9148393676695564, 0.9007046764894299, 0.8427333428043756], [0.9750747061847138, 0.8346543778801843, 0.793436645396536, 0.8988678527257159, 0.9137478108581436, 0.8746139592340951, 0.8596587782058338, 0.8602981778023192, 0.8942928039702233, 0.839907192575406, 0.8501931606810704], [0.9774011299435028, 0.8602478551000953, 0.8167202572347266, 0.9011176359158932, 0.911905800261666, 0.8573141486810552, 0.875, 0.9057498518079432, 0.9119592875318066, 0.8871067242442936, 0.8430455125478519]],