{"name": null, "run_number": 0, "data_file_name": "", "date_iso": "2022-03-29", "author": "Jonas", "description": "alle daten", "architecture": [88, 40, 30, 20, 10, 4], "bias_list": [1, 1, 1, 1, 1], "train_acc": 0.8475398002739555, "loss_function": "categorical_cross_entropy", "activation_functions": ["sigmoid", "sigmoid", "sigmoid", "sigmoid", "softmax"], "lr": 0.002931, "epochs": 80, "batch_size": 512, "num_samples": 175941, "scaler": {"mean": [7.145534014243414e-05, 0.00015188284709078615, 0.000214723731250817, 0.0002780036944202885, 0.0002962366077264539, 0.0002944427677460057, 0.00028962320323290205, 0.00020473225683609845, 0.0003608069239119932, 0.0005377527466593915, 0.0006501765762386252, 0.0007857292899324205, 0.0009012432804178675, 0.0009979586338602145, -9.789758498587594e-05, -0.0001795123876754139, -0.0002813267515814961, -0.00037839284191859774, -0.0005339877061060243, -0.000720110355175883, -0.0009100138910202851, 0.00022351264912669582, 0.0003902637702411603, 0.0005792480376944544, 0.0007153538856775852, 0.0009174120983738869, 0.0011376020597814041, 0.0013180990218311821, 0.00010581294865892545, 0.00021432892276388105, 0.0003001874378342741, 0.00038553436095054597, 0.00042514588981533576, 0.0004550345115692193, 0.0004994684127065322, 0.0003244190438840292, 0.0006064581194832358, 0.0009335439891781904, 0.001123684792060975, 0.001378535736411638, 0.0016633545393057898, 0.0019132967187864113, -0.00013363630421561775, -0.0002591063254159065, -0.0004159266913340268, -0.000583461035233402, -0.0007995690600826413, -0.0010368944987240042, -0.0012652502713977982, 0.000330358193940014, 0.0005855559477324785, 0.0008745539754804167, 0.0010711527841719669, 0.0013460370578773566, 0.001672738179276007, 0.0019443878913954114, 0.00020750479422078995, 0.0003699206779545416, 0.0005117411234447911, 0.0006160933210564905, 0.0007435049874673896, 0.0008991750075309337, 0.0010395394365156504, 0.00016838653866921296, 0.00032844751365514576, 0.0004775128878430838, 0.000594594335601139, 0.0007466974951830443, 0.0009195866341557683, 0.001072848193428479, 0.040515172245241295, 0.09692923119682163, 0.15569370814648098, 0.22847461780937925, 0.3255709493750745, 0.4151091443722612, 0.49476294283879246, -0.014382112441102414, -0.02442647080555414, -0.04076613622180162, -0.05944004211639129, -0.07670976829732694, -0.08517764038512912, -0.0636619687281532, 0.07296218944418868, -0.7827176576750159, -0.06406082311115659, -0.8201569928328246], "std": [0.0451672455401864, 0.0625532377285708, 0.07667305396123224, 0.08790443639159082, 0.09644837322340365, 0.10483777630404302, 0.11577331882617709, 0.04823251839431375, 0.06610009886981674, 0.0810169862297191, 0.09506358411700096, 0.1103593971889606, 0.12333811400700509, 0.1352344690646171, 0.047750888410549926, 0.06318205222643646, 0.07498652186571288, 0.0880514852449283, 0.10533130758708839, 0.11844201066594649, 0.12777795418109966, 0.05057434687973171, 0.06679377659365292, 0.07977739090553518, 0.09287344170556654, 0.11292171302365904, 0.12883317101675004, 0.14317390835328775, 0.05164281292461256, 0.07155984438218285, 0.08697618311692276, 0.1008894062805279, 0.112888519684835, 0.12332182733042706, 0.13685154814636621, 0.07200327557411249, 0.1027839720026151, 0.13061454906830514, 0.1563005628432518, 0.18648873303125896, 0.2135731535669627, 0.23707345272077518, 0.05261773179060906, 0.07167971131077247, 0.08885798723742322, 0.10829081194213518, 0.13082555160128834, 0.14919122791631678, 0.1633833412117642, 0.08191118447906211, 0.11343738438934488, 0.1417805882102565, 0.16959219239735698, 0.20738622077121388, 0.24073929698887536, 0.2703755374723751, 0.037827524758807365, 0.05488302656436688, 0.06878732916150937, 0.080360709945612, 0.0937614933914955, 0.10495889609010804, 0.11443066371580439, 0.03543388578062412, 0.0528215540247205, 0.06536679157984299, 0.07564781477766645, 0.08608064733718998, 0.09442187460550154, 0.10145928453077022, 8.611797742106258, 15.52751756492073, 24.6458371615954, 38.85041412569495, 50.548251966329666, 62.46294043169944, 73.85426862400588, 5.8556762426565525, 7.914665615135746, 9.75107382879198, 10.946751072651137, 12.41373658384884, 14.063673265039137, 15.835755828950415, 0.15067176815151623, 0.5850823722634543, 0.1521215518880569, 0.5779450673972657]}, "loss_hist": [0.556184118615122, 0.565457146959142, 0.5636377333397845, 0.5632604168405166, 0.5506020475450241, 0.5586102535981518, 0.5484787745073454, 0.5592840912957973, 0.5558676952906546, 0.5504139514116986, 0.5540435663458227, 0.5458992587169477, 0.5683680892374454, 0.571083708280527, 0.5525296467183155, 0.5659287058341241, 0.5597571611022729, 0.5669187886878965, 0.5664977288508981, 0.5615421613071919, 0.544521273338757, 0.562787756101329, 0.5740270173375907, 0.5505323177006227, 0.5629620040466228, 0.5698431619526775, 0.5488228199864218, 0.5652585614092911, 0.55809824847246, 0.5448935841668457, 0.5576838582847966, 0.5561236402695086, 0.5667466630547981, 0.5514596821161236, 0.5494280028174203, 0.5464494791570625, 0.5738546920551361, 0.5740549280365747, 0.5704374747936242, 0.556165475809341, 0.5538661521251793, 0.5617904311111086, 0.5806515054167042, 0.5540368932229042, 0.5526213968949526, 0.5620799230389945, 0.5655203523984996, 0.5571277331061927, 0.5681954837174619, 0.5592377847633759, 0.5355810013555228, 0.5579411196481298, 0.5639904515395295, 0.5564625235146846, 0.5567005297283705, 0.5632410864640592, 0.5487185806502423, 0.556938439611398, 0.5666685673509716, 0.5563646557508737, 0.5480802832960985, 0.5799095238957523, 0.5529934225381834, 0.5478642581430648, 0.56005133734617, 0.5654799127577341, 0.5441097712486416, 0.5545025785343698, 0.5675806904552686, 0.56791778571157, 0.5748239835381775, 0.5564133825831398, 0.5764338418882476, 0.5552350532412655, 0.5648566043892959, 0.5547682658568406, 0.5602716237166369, 0.5556970864408928, 0.5647187366100606, 0.560562811960617], "acc_hist": [0.8475398002739555, 0.8475398002739555, 0.8475398002739555, 0.8475398002739555, 0.8475398002739555, 0.8475398002739555, 0.8475398002739555, 0.8475398002739555, 0.8475398002739555, 0.8475398002739555, 0.8475398002739555, 0.8475398002739555, 0.8475398002739555, 0.8475398002739555, 0.8475398002739555, 0.8475398002739555, 0.8475398002739555, 0.8475398002739555, 0.8475398002739555, 0.8475398002739555, 0.8475398002739555, 0.8475398002739555, 0.8475398002739555, 0.8475398002739555, 0.8475398002739555, 0.8475398002739555, 0.8475398002739555, 0.8475398002739555, 0.8475398002739555, 0.8475398002739555, 0.8475398002739555, 0.8475398002739555, 0.8475398002739555, 0.8475398002739555, 0.8475398002739555, 0.8475398002739555, 0.8475398002739555, 0.8475398002739555, 0.8475398002739555, 0.8475398002739555, 0.8475398002739555, 0.8475398002739555, 0.8475398002739555, 0.8475398002739555, 0.8475398002739555, 0.8475398002739555, 0.8475398002739555, 0.8475398002739555, 0.8475398002739555, 0.8475398002739555, 0.8475398002739555, 0.8475398002739555, 0.8475398002739555, 0.8475398002739555, 0.8475398002739555, 0.8475398002739555, 0.8475398002739555, 0.8475398002739555, 0.8475398002739555, 0.8475398002739555, 0.8475398002739555, 0.8475398002739555, 0.8475398002739555, 0.8475398002739555, 0.8475398002739555, 0.8475398002739555, 0.8475398002739555, 0.8475398002739555, 0.8475398002739555, 0.8475398002739555, 0.8475398002739555, 0.8475398002739555, 0.8475398002739555, 0.8475398002739555, 0.8475398002739555, 0.8475398002739555, 0.8475398002739555, 0.8475398002739555, 0.8475398002739555, 0.8475398002739555],