{"name": null, "run_number": 1, "data_file_name": "test", "date_iso": "2022-04-03", "author": "Nina", "description": "test", "architecture": [1, 1], "bias_list": [1], "train_acc": 0.4532669205977146, "loss_function": "cross_entropy", "activation_functions": ["sigmoid"], "lr": 0.01, "epochs": 100, "batch_size": 64, "num_samples": 3413, "scaler": {"mean": [0.02538592130102554], "std": [0.025850688232078332]}, "loss_hist": [0.4346462078995099, 0.36507278704145907, 0.3190111938714274, 0.2863047557987455, 0.26160851823059156, 0.24282058303252502, 0.2276170490468974, 0.21539888348978395, 0.2055156360638548, 0.19718384545042608, 0.1903546782877714, 0.18440233876222187, 0.179632431880963, 0.17529219363226808, 0.17171609741142704, 0.16857833539968103, 0.16584391644398078, 0.16346867205643606, 0.16146166965397263, 0.15964221348230054, 0.15819818506481778, 0.15671996037960817, 0.15567418682616477, 0.15453527115684967, 0.1536471134728237, 0.15284259097489505, 0.1520654956741178, 0.15142783437120172, 0.15086029125528427, 0.15038540682075752, 0.14994492274010474, 0.14953680250743842, 0.14921660650145105, 0.1488983964915215, 0.14865450994137458, 0.14845339405439895, 0.1482585768300462, 0.14805133087351324, 0.14791578515295237, 0.14779669701072395, 0.14769415898856386, 0.1475533350232544, 0.14748834894896723, 0.14740454729495817, 0.14735485403117587, 0.14730440822995844, 0.14724961958955005, 0.14719673730799762, 0.14715976946361867, 0.1471269851684982, 0.14714094423152732, 0.14709960837164793, 0.14708326990356638, 0.1470527921875217, 0.14703072462264077, 0.1470357701741526, 0.14702496194666945, 0.1470247919956409, 0.147011685012864, 0.1470063698916586, 0.14700023705957982, 0.14700274847020328, 0.14700354654372919, 0.14698947668491527, 0.14698572420954753, 0.14701526308689664, 0.1469843958296638, 0.1470033637732301, 0.14699427099697832, 0.14699674137687807, 0.1469883741816651, 0.1469844764628786, 0.14698504718595853, 0.14698354174571507, 0.1469813368034569, 0.1469917252744631, 0.14698823106072012, 0.14698573548116445, 0.14699520754551174, 0.14698058507893297, 0.14698538597724217, 0.1469809988004407, 0.1469881720380227, 0.1469809767631026, 0.14698273942023674, 0.14698641763549086, 0.14698648471420978, 0.1469807114820044, 0.14698082188463732, 0.14698068514315357, 0.14698431991339111, 0.14698460214033368, 0.1469852820829207, 0.14698177636941961, 0.14699330191941476, 0.1470088471309307, 0.14698847521292904, 0.14698080836360033, 0.14698628399947486, 0.14699444516373641], "acc_hist": [0.4532669205977146, 0.4532669205977146, 0.4532669205977146, 0.4532669205977146, 0.4532669205977146, 0.4532669205977146, 0.4532669205977146, 0.4532669205977146, 0.4532669205977146, 0.4532669205977146, 0.4532669205977146, 0.4532669205977146, 0.4532669205977146, 0.4532669205977146, 0.4532669205977146, 0.4532669205977146, 0.4532669205977146, 0.4532669205977146, 0.4532669205977146, 0.4532669205977146, 0.4532669205977146, 0.4532669205977146, 0.4532669205977146, 0.4532669205977146, 0.4532669205977146, 0.4532669205977146, 0.4532669205977146, 0.4532669205977146, 0.4532669205977146, 0.4532669205977146, 0.4532669205977146, 0.4532669205977146, 0.4532669205977146, 0.4532669205977146, 0.4532669205977146, 0.4532669205977146, 0.4532669205977146, 0.4532669205977146, 0.4532669205977146, 0.4532669205977146, 0.4532669205977146, 0.4532669205977146, 0.4532669205977146, 0.4532669205977146, 0.4532669205977146, 0.4532669205977146, 0.4532669205977146, 0.4532669205977146, 0.4532669205977146, 0.4532669205977146, 0.4532669205977146, 0.4532669205977146, 0.4532669205977146, 0.4532669205977146, 0.4532669205977146, 0.4532669205977146, 0.4532669205977146, 0.4532669205977146, 0.4532669205977146, 0.4532669205977146, 0.4532669205977146, 0.4532669205977146, 0.4532669205977146, 0.4532669205977146, 0.4532669205977146, 0.4532669205977146, 0.4532669205977146, 0.4532669205977146, 0.4532669205977146, 0.4532669205977146, 0.4532669205977146, 0.4532669205977146, 0.4532669205977146, 0.4532669205977146, 0.4532669205977146, 0.4532669205977146, 0.4532669205977146, 0.4532669205977146, 0.4532669205977146, 0.4532669205977146, 0.4532669205977146, 0.4532669205977146, 0.4532669205977146, 0.4532669205977146, 0.4532669205977146, 0.4532669205977146, 0.4532669205977146, 0.4532669205977146, 0.4532669205977146, 0.4532669205977146, 0.4532669205977146, 0.4532669205977146, 0.4532669205977146, 0.4532669205977146, 0.4532669205977146, 0.4532669205977146, 0.4532669205977146, 0.4532669205977146, 0.4532669205977146, 0.4532669205977146], "val_acc_hist": [0.5408245755860954, 0.5408245755860954, 0.5408245755860954, 0.5408245755860954, 0.5408245755860954, 0.5408245755860954, 0.5408245755860954, 0.5408245755860954, 0.5408245755860954, 0.5408245755860954, 0.5408245755860954, 0.5408245755860954, 0.5408245755860954, 0.5408245755860954, 0.5408245755860954, 0.5408245755860954, 0.5408245755860954, 0.5408245755860954, 0.5408245755860954, 0.5408245755860954, 0.5408245755860954, 0.5408245755860954, 0.5408245755860954, 0.5408245755860954, 0.5408245755860954, 0.5408245755860954, 0.5408245755860954, 0.5408245755860954, 0.5408245755860954, 0.5408245755860954, 0.5408245755860954, 0.5408245755860954, 0.5408245755860954, 0.5408245755860954, 0.5408245755860954, 0.5408245755860954, 0.5408245755860954, 0.5408245755860954, 0.5408245755860954, 0.5408245755860954, 0.5408245755860954, 0.5408245755860954, 0.5408245755860954, 0.5408245755860954, 0.5408245755860954, 0.5408245755860954, 0.5408245755860954, 0.5408245755860954, 0.5408245755860954, 0.5408245755860954, 0.5408245755860954, 0.5408245755860954, 0.5408245755860954, 0.5408245755860954, 0.5408245755860954, 0.5408245755860954, 0.5408245755860954, 0.5408245755860954, 0.5408245755860954, 0.5408245755860954, 0.5408245755860954, 0.5408245755860954, 0.5408245755860954, 0.5408245755860954, 0.5408245755860954, 0.5408245755860954, 0.5408245755860954, 0.5408245755860954, 0.5408245755860954, 0.5408245755860954, 0.5408245755860954, 0.5408245755860954, 0.5408245755860954, 0.5408245755860954, 0.5408245755860954, 0.5408245755860954, 0.5408245755860954, 0.5408245755860954, 0.5408245755860954, 0.5408245755860954, 0.5408245755860954, 0.5408245755860954, 0.5408245755860954, 0.5408245755860954, 0.5408245755860954, 0.5408245755860954, 0.5408245755860954, 0.5408245755860954, 0.5408245755860954, 0.5408245755860954, 0.5408245755860954, 0.5408245755860954, 0.5408245755860954, 0.5408245755860954, 0.5408245755860954, 0.5408245755860954, 0.5408245755860954, 0.5408245755860954, 0.5408245755860954, 0.5408245755860954], "f1_score_hist": [[1.0], [1.0], [1.0], [1.0], [1.0], [1.0], [1.0], [1.0], [1.0], [1.0], [1.0], [1.0], [1.0], [1.0], [1.0], [1.0], [1.0], [1.0], [1.0], [1.0], [1.0], [1.0], [1.0], [1.0], [1.0], [1.0], [1.0], [1.0], [1.0], [1.0], [1.0], [1.0], [1.0], [1.0], [1.0], [1.0], [1.0], [1.0], [1.0], [1.0], [1.0], [1.0], [1.0], [1.0], [1.0], [1.0], [1.0], [1.0], [1.0], [1.0], [1.0], [1.0], [1.0], [1.0], [1.0], [1.0], [1.0], [1.0], [1.0], [1.0], [1.0], [1.0], [1.0], [1.0], [1.0], [1.0], [1.0], [1.0], [1.0], [1.0], [1.0], [1.0], [1.0], [1.0], [1.0], [1.0], [1.0], [1.0], [1.0], [1.0], [1.0], [1.0], [1.0], [1.0], [1.0], [1.0], [1.0], [1.0], [1.0], [1.0], [1.0], [1.0], [1.0], [1.0], [1.0], [1.0], [1.0], [1.0], [1.0], [1.0]], "f1_score_val_hist": [[1.0], [1.0], [1.0], [1.0], [1.0], [1.0], [1.0], [1.0], [1.0], [1.0], [1.0], [1.0], [1.0], [1.0], [1.0], [1.0], [1.0], [1.0], [1.0], [1.0], [1.0], [1.0], [1.0], [1.0], [1.0], [1.0], [1.0], [1.0], [1.0], [1.0], [1.0], [1.0], [1.0], [1.0], [1.0], [1.0], [1.0], [1.0], [1.0], [1.0], [1.0], [1.0], [1.0], [1.0], [1.0], [1.0], [1.0], [1.0], [1.0], [1.0], [1.0], [1.0], [1.0], [1.0], [1.0], [1.0], [1.0], [1.0], [1.0], [1.0], [1.0], [1.0], [1.0], [1.0], [1.0], [1.0], [1.0], [1.0], [1.0], [1.0], [1.0], [1.0], [1.0], [1.0], [1.0], [1.0], [1.0], [1.0], [1.0], [1.0], [1.0], [1.0], [1.0], [1.0], [1.0], [1.0], [1.0], [1.0], [1.0], [1.0], [1.0], [1.0], [1.0], [1.0], [1.0], [1.0], [1.0], [1.0], [1.0], [1.0]]}