{"name": null, "run_number": 0, "data_file_name": "", "date_iso": "2022-03-29", "author": "Jonas", "description": "alle daten", "architecture": [88, 40, 30, 20, 10, 4], "bias_list": [1, 1, 1, 1, 1], "train_acc": 0.8475398002739555, "loss_function": "categorical_cross_entropy", "activation_functions": ["sigmoid", "sigmoid", "sigmoid", "sigmoid", "softmax"], "lr": 0.000653, "epochs": 80, "batch_size": 128, "num_samples": 175941, "scaler": {"mean": [7.145534014243414e-05, 0.00015188284709078615, 0.000214723731250817, 0.0002780036944202885, 0.0002962366077264539, 0.0002944427677460057, 0.00028962320323290205, 0.00020473225683609845, 0.0003608069239119932, 0.0005377527466593915, 0.0006501765762386252, 0.0007857292899324205, 0.0009012432804178675, 0.0009979586338602145, -9.789758498587594e-05, -0.0001795123876754139, -0.0002813267515814961, -0.00037839284191859774, -0.0005339877061060243, -0.000720110355175883, -0.0009100138910202851, 0.00022351264912669582, 0.0003902637702411603, 0.0005792480376944544, 0.0007153538856775852, 0.0009174120983738869, 0.0011376020597814041, 0.0013180990218311821, 0.00010581294865892545, 0.00021432892276388105, 0.0003001874378342741, 0.00038553436095054597, 0.00042514588981533576, 0.0004550345115692193, 0.0004994684127065322, 0.0003244190438840292, 0.0006064581194832358, 0.0009335439891781904, 0.001123684792060975, 0.001378535736411638, 0.0016633545393057898, 0.0019132967187864113, -0.00013363630421561775, -0.0002591063254159065, -0.0004159266913340268, -0.000583461035233402, -0.0007995690600826413, -0.0010368944987240042, -0.0012652502713977982, 0.000330358193940014, 0.0005855559477324785, 0.0008745539754804167, 0.0010711527841719669, 0.0013460370578773566, 0.001672738179276007, 0.0019443878913954114, 0.00020750479422078995, 0.0003699206779545416, 0.0005117411234447911, 0.0006160933210564905, 0.0007435049874673896, 0.0008991750075309337, 0.0010395394365156504, 0.00016838653866921296, 0.00032844751365514576, 0.0004775128878430838, 0.000594594335601139, 0.0007466974951830443, 0.0009195866341557683, 0.001072848193428479, 0.040515172245241295, 0.09692923119682163, 0.15569370814648098, 0.22847461780937925, 0.3255709493750745, 0.4151091443722612, 0.49476294283879246, -0.014382112441102414, -0.02442647080555414, -0.04076613622180162, -0.05944004211639129, -0.07670976829732694, -0.08517764038512912, -0.0636619687281532, 0.07296218944418868, -0.7827176576750159, -0.06406082311115659, -0.8201569928328246], "std": [0.0451672455401864, 0.0625532377285708, 0.07667305396123224, 0.08790443639159082, 0.09644837322340365, 0.10483777630404302, 0.11577331882617709, 0.04823251839431375, 0.06610009886981674, 0.0810169862297191, 0.09506358411700096, 0.1103593971889606, 0.12333811400700509, 0.1352344690646171, 0.047750888410549926, 0.06318205222643646, 0.07498652186571288, 0.0880514852449283, 0.10533130758708839, 0.11844201066594649, 0.12777795418109966, 0.05057434687973171, 0.06679377659365292, 0.07977739090553518, 0.09287344170556654, 0.11292171302365904, 0.12883317101675004, 0.14317390835328775, 0.05164281292461256, 0.07155984438218285, 0.08697618311692276, 0.1008894062805279, 0.112888519684835, 0.12332182733042706, 0.13685154814636621, 0.07200327557411249, 0.1027839720026151, 0.13061454906830514, 0.1563005628432518, 0.18648873303125896, 0.2135731535669627, 0.23707345272077518, 0.05261773179060906, 0.07167971131077247, 0.08885798723742322, 0.10829081194213518, 0.13082555160128834, 0.14919122791631678, 0.1633833412117642, 0.08191118447906211, 0.11343738438934488, 0.1417805882102565, 0.16959219239735698, 0.20738622077121388, 0.24073929698887536, 0.2703755374723751, 0.037827524758807365, 0.05488302656436688, 0.06878732916150937, 0.080360709945612, 0.0937614933914955, 0.10495889609010804, 0.11443066371580439, 0.03543388578062412, 0.0528215540247205, 0.06536679157984299, 0.07564781477766645, 0.08608064733718998, 0.09442187460550154, 0.10145928453077022, 8.611797742106258, 15.52751756492073, 24.6458371615954, 38.85041412569495, 50.548251966329666, 62.46294043169944, 73.85426862400588, 5.8556762426565525, 7.914665615135746, 9.75107382879198, 10.946751072651137, 12.41373658384884, 14.063673265039137, 15.835755828950415, 0.15067176815151623, 0.5850823722634543, 0.1521215518880569, 0.5779450673972657]}, "loss_hist": [0.561270283250144, 0.5608095149093858, 0.564210069686507, 0.5605709839721292, 0.5475339109685152, 0.5609643653787274, 0.5485409852641594, 0.5569965685584781, 0.5520455544897532, 0.5488241869172276, 0.5503765863184146, 0.5448731145341681, 0.5566692397178254, 0.5628128707555035, 0.5526502442553725, 0.5587053636519957, 0.5552102122668976, 0.5610125153426733, 0.5644666966792018, 0.558170798268822, 0.5412626824059358, 0.561041965214307, 0.5685230863300117, 0.5502372706385695, 0.5613916996371072, 0.5665559082420045, 0.5517631536631529, 0.5647433929133172, 0.5551591026167804, 0.5443130609686961, 0.556178676056164, 0.5565471026834881, 0.5618279695894863, 0.5498252629758043, 0.5493202017592924, 0.5413217991384103, 0.5673721490127246, 0.5676778005127424, 0.562963672795336, 0.5541385610340817, 0.557269966305139, 0.5553263449174098, 0.5757981439424492, 0.5496888204920553, 0.552585188454346, 0.5586861329401421, 0.5650710985073878, 0.5540696012072057, 0.5644436337506077, 0.5532219870823656, 0.5337425352678372, 0.5546948101953558, 0.560661382485499, 0.5567488863504241, 0.5613485973376102, 0.5620265214859309, 0.5479772699076736, 0.5534092528081619, 0.5641867701146599, 0.5515194343685287, 0.545130837934311, 0.5688409173707821, 0.5542394666163283, 0.5496961029663653, 0.5665163100714604, 0.5616482268686417, 0.5417455882281895, 0.556026035138422, 0.5661419044077641, 0.5690866333568736, 0.5742672151000915, 0.5519869603135128, 0.5741934109321054, 0.5567178923132238, 0.5608605312191745, 0.549293135674806, 0.5591604701024457, 0.5548826228804655, 0.5601913853604208, 0.5565294212420873], "acc_hist": [0.8475398002739555, 0.8475398002739555, 0.8475398002739555, 0.8475398002739555, 0.8475398002739555, 0.8475398002739555, 0.8475398002739555, 0.8475398002739555, 0.8475398002739555, 0.8475398002739555, 0.8475398002739555, 0.8475398002739555, 0.8475398002739555, 0.8475398002739555, 0.8475398002739555, 0.8475398002739555, 0.8475398002739555, 0.8475398002739555, 0.8475398002739555, 0.8475398002739555, 0.8475398002739555, 0.8475398002739555, 0.8475398002739555, 0.8475398002739555, 0.8475398002739555, 0.8475398002739555, 0.8475398002739555, 0.8475398002739555, 0.8475398002739555, 0.8475398002739555, 0.8475398002739555, 0.8475398002739555, 0.8475398002739555, 0.8475398002739555, 0.8475398002739555, 0.8475398002739555, 0.8475398002739555, 0.8475398002739555, 0.8475398002739555, 0.8475398002739555, 0.8475398002739555, 0.8475398002739555, 0.8475398002739555, 0.8475398002739555, 0.8475398002739555, 0.8475398002739555, 0.8475398002739555, 0.8475398002739555, 0.8475398002739555, 0.8475398002739555, 0.8475398002739555, 0.8475398002739555, 0.8475398002739555, 0.8475398002739555, 0.8475398002739555, 0.8475398002739555, 0.8475398002739555, 0.8475398002739555, 0.8475398002739555, 0.8475398002739555, 0.8475398002739555, 0.8475398002739555, 0.8475398002739555, 0.8475398002739555, 0.8475398002739555, 0.8475398002739555, 0.8475398002739555, 0.8475398002739555, 0.8475398002739555, 0.8475398002739555, 0.8475398002739555, 0.8475398002739555, 0.8475398002739555, 0.8475398002739555, 0.8475398002739555, 0.8475398002739555, 0.8475398002739555, 0.8475398002739555, 0.8475398002739555, 0.8475398002739555],