{"name": null, "run_number": 0, "data_file_name": "", "date_iso": "2022-03-28", "author": "Jonas", "description": "ohne nina daten", "architecture": [64, 40, 40, 30, 20, 10, 11], "bias_list": [1, 1, 1, 1, 1, 1], "train_acc": 0.8533348064670571, "loss_function": "categorical_cross_entropy", "activation_functions": ["sigmoid", "sigmoid", "sigmoid", "sigmoid", "sigmoid", "softmax"], "lr": 0.000848, "epochs": 10, "batch_size": 64, "num_samples": 135765, "scaler": {"mean": [1.0152314661363392e-05, 2.4167134386623978e-05, 4.7004912900968665e-05, 5.6104003240894095e-05, 2.9654594335800848e-05, 6.15297904467278e-05, 0.00021792593820204028, 0.00020742369535594596, 7.524451810113066e-05, -3.1962361433359328e-06, -2.6371995727912204e-05, -0.00011976948403491328, -0.00024724914374102327, -0.0003718111221596142, -0.00048215798622619976, 9.048083084742019e-05, 0.00035774788789452375, 0.0005070152763967149, 0.0005804859278901043, 0.0007672428976540344, 1.4916355467167526e-05, 3.619510183036863e-05, 8.709760984053335e-05, 0.00010078042205281187, 9.33132913490221e-05, 4.72446948771775e-05, 0.00019036330423894215, 0.0001564746215887747, 0.00010322195705815199, -5.2269310941700634e-05, -6.570191139100654e-05, -0.00025855694766692454, -0.0005304637424962252, -0.000767861606452326, -0.0009775123411777703, 7.504142452031083e-05, 0.00023858718373660377, 0.00020442309873678794, 0.00017102337863219539, 0.00016218800132582016, 6.64326004493058e-05, 7.360089124590283e-05, 4.516868854270241e-05, 5.896864434869073e-05, 3.5676499834273697e-06, 3.654041174087581e-05, 7.1461466504622e-05, 0.00010054733546937714, 0.00019361955585018228, 0.00015117595109196026, 0.03384847459949177, 0.13819354069163628, 0.29029379947703754, 0.43254732860457407, 0.5758973848488197, -0.014647720472875927, -0.01250496546237985, -0.029602061002467497, -0.012301382101425258, -0.017495228505137548, 0.08305978960704156, -0.7843002002504327, -0.07890319850476928, -0.829329334209848], "std": [0.016630055074737173, 0.035335499834037824, 0.053640125498500425, 0.07035930600825532, 0.08696623573534074, 0.026669310819152584, 0.05059101663324514, 0.06826407519745714, 0.08549032202302646, 0.10126256003269167, 0.013998192969715351, 0.03183771851453885, 0.0487772885269321, 0.06509728448462893, 0.08014619615427836, 0.024709645553988812, 0.04853880820028597, 0.06981822362216267, 0.08953379759940544, 0.10715539364215063, 0.021265025052509386, 0.049460586145570626, 0.07711177446507045, 0.1038808554662707, 0.12740936559561689, 0.04263811717521937, 0.09335881293306196, 0.13877515536776242, 0.1800733620232183, 0.22027316866074084, 0.02309995031314027, 0.05876526126653375, 0.09537409198317504, 0.1270120641134338, 0.15375989444553037, 0.04227810439115921, 0.09878592773483644, 0.15635958530538824, 0.21208065963191045, 0.2646711869828876, 0.023410150813214427, 0.05199662080137292, 0.07528702247320768, 0.09305844305571384, 0.10684780060118265, 0.02428196809855898, 0.04997078440939507, 0.06831792597060292, 0.08039830685454956, 0.0876050957528968, 7.486039570893032, 25.917204379365003, 55.06802219115899, 81.26367953741999, 104.40594177996827, 4.133250333354104, 4.829264696570928, 5.370658827287476, 6.8377929003041835, 8.002284161262672, 0.1469569268435295, 0.6242719505604084, 0.1541969925392551, 0.6121553814204888]}, "loss_hist": [0.8477651598525594, 0.8352905115417628, 0.5994539652253904, 0.5243315739932254, 0.5096046777420706, 0.48049176670094834, 0.4563334333207166, 0.44766031308634663, 0.4419682351749605, 0.40292715773456006], "acc_hist": [0.8397746105402718, 0.8460722572091481, 0.8496225094832983, 0.8087356829816227, 0.8092586454535411, 0.8210879092549627, 0.8404817147276544, 0.8472286671822634, 0.8426324899642765, 0.8533348064670571], "val_acc_hist": [0.8250653483350381, 0.8313728832821912, 0.8329355608591885, 0.7638367996363223, 0.7659961359245369, 0.7814524377770201, 0.805744971019434, 0.8119672690078418, 0.8040686441641095, 0.8165416524605069], "f1_score_hist": [[0.9251505757489678, 0, 0.2652962903484824, 0, 0, 0, 0, 0, 0, 0, 0], [0.9300371520598387, 0, 0.31299228260004774, 0, 0, 0, 0, 0, 0, 0, 0], [0.9310438363596011, 0, 0.3533128415300546, 0, 0.00989282769991756, 0, 0, 0, 0, 0, 0], [0.9317366665471108, 0, 0.39624808575803977, 0.28616411140682985, 0, 0, 0, 0, 0, 0, 0], [0.9324836857747171, 0, 0.40307064425225925, 0.3185660897645224, 0.015677491601343786, 0, 0, 0, 0, 0, 0], [0.9390710480208818, 0, 0.39365794164555773, 0.3497201265514724, 0.0049362402303578775, 0, 0, 0, 0, 0, 0.004236166269526079], [0.9430905867769696, 0, 0.41278375149342894, 0.43315477868621366, 0.02052545155993432, 0, 0, 0, 0, 0, 0.408429503261415], [0.9426103988603989, 0, 0.4116194051971149, 0.5261474681670122, 0.017362546506821, 0, 0, 0, 0, 0, 0.46533238027162255], [0.9397743723975959, 0, 0.4007285974499089, 0.5301247145617426, 0.02054794520547945, 0, 0, 0, 0, 0, 0.4861758827448368], [0.9439453922491079, 0, 0.39611430727152697, 0.5828447616619934, 0, 0, 0, 0, 0, 0, 0.4912979478742749]], "f1_score_val_hist": [[0.9218165170037429, 0, 0.1833069202324353, 0, 0, 0, 0, 0, 0, 0, 0], [0.9272622219368921, 0, 0.2004824443848834, 0, 0, 0, 0, 0, 0, 0, 0], [0.9271928699666582, 0, 0.22065063649222066, 0, 0.010040160642570281, 0, 0, 0, 0, 0, 0], [0.9122441042322244, 0, 0.25825627476882435, 0.18904521240267722, 0, 0, 0, 0, 0, 0, 0], [0.9141001986942947, 0, 0.25963488843813387, 0.21742084522353577, 0.02346570397111913, 0, 0, 0, 0, 0, 0], [0.9244556908640413, 0, 0.2513767411726595, 0.24521900061690316, 0.009578544061302683, 0, 0, 0, 0, 0, 0.020151133501259442], [0.929984991797843, 0, 0.2667602667602668, 0.32898415657036345, 0.011822660098522168, 0, 0, 0, 0, 0, 0.38218125960061444], [0.9295567794387621, 0, 0.2651018294787711, 0.39880209633142005, 0.017910447761194027, 0, 0, 0, 0, 0, 0.4449986145746745], [0.9239168721380768, 0, 0.25238251725271116, 0.4078980254936266, 0.020618556701030927, 0, 0, 0, 0, 0, 0.44950287807430656], [0.9307994072007671, 0, 0.24711907810499362, 0.4445046020573904, 0, 0, 0, 0, 0, 0, 0.4582195521572911]]}