{"name": null, "run_number": 2, "data_file_name": "test", "date_iso": "2022-03-31", "author": "Nina", "description": "test", "architecture": [1, 1], "bias_list": [1], "train_acc": 0.4532669205977146, "loss_function": "cross_entropy", "activation_functions": ["sigmoid"], "lr": 0.03, "epochs": 100, "batch_size": 64, "num_samples": 3413, "scaler": {"mean": [0.02538592130102554], "std": [0.025850688232078332]}, "loss_hist": [0.31337361027013616, 0.23809948116640675, 0.202997306896164, 0.1829079764438291, 0.1718751718711862, 0.16475488631085686, 0.15942053270160184, 0.1554019456997127, 0.15332877249647756, 0.1516023039766541, 0.15001160527838353, 0.14952926506513484, 0.14865442241830332, 0.1483513925767928, 0.1482645172694261, 0.14762687517467452, 0.14801492505744637, 0.1478247920087185, 0.1478377974975975, 0.14754066094008103, 0.14753974344647777, 0.1476027970436886, 0.147882862992587, 0.1475545409419167, 0.14777699943188397, 0.14725057342992273, 0.14719931313292356, 0.14736370975132881, 0.1471797092944694, 0.14773743459321356, 0.1477138526932357, 0.14725272560684666, 0.14742951555277561, 0.14721468058470277, 0.14719951500231548, 0.14747494646728923, 0.1476537115175405, 0.1480339015642423, 0.14738147176641658, 0.1480243782130448, 0.14711432171880962, 0.14753388045538235, 0.14766467406336795, 0.14723745600358062, 0.14775339031002518, 0.1476021523017072, 0.14824782243491227, 0.1473385132876353, 0.14754255287115717, 0.14729336078347272, 0.1472534110837024, 0.14788852166252184, 0.14773615359066955, 0.14754726427941967, 0.14808564115610234, 0.1476401012437989, 0.14768023055381083, 0.14757473288524664, 0.1476599591415067, 0.14813830307702136, 0.14776656051621512, 0.14771096843802897, 0.14727390178359429, 0.14745646087603734, 0.14900394783099277, 0.1483046905871667, 0.14722813075084124, 0.14860864697621268, 0.14735248629251121, 0.14774061693726917, 0.14757303292296978, 0.14752574583511666, 0.14779402863100904, 0.1471645327338497, 0.14737317877496764, 0.1471723140678034, 0.14720654476474862, 0.14723740845972844, 0.14778411603296068, 0.147662187195937, 0.14709014716303268, 0.14750561904356227, 0.14742307614685526, 0.1479573843942351, 0.14736380917225458, 0.14731291633795515, 0.14733988913853782, 0.14798537253386948, 0.1475461558378134, 0.1474921088203712, 0.14785198976417058, 0.1471931047773462, 0.14742973461427414, 0.1476450212415079, 0.14827755319927216, 0.14758918953239003, 0.14740585758451263, 0.147404203382145, 0.14749696863822256, 0.14772960634636634], "acc_hist": [0.4532669205977146, 0.4532669205977146, 0.4532669205977146, 0.4532669205977146, 0.4532669205977146, 0.4532669205977146, 0.4532669205977146, 0.4532669205977146, 0.4532669205977146, 0.4532669205977146, 0.4532669205977146, 0.4532669205977146, 0.4532669205977146, 0.4532669205977146, 0.4532669205977146, 0.4532669205977146, 0.4532669205977146, 0.4532669205977146, 0.4532669205977146, 0.4532669205977146, 0.4532669205977146, 0.4532669205977146, 0.4532669205977146, 0.4532669205977146, 0.4532669205977146, 0.4532669205977146, 0.4532669205977146, 0.4532669205977146, 0.4532669205977146, 0.4532669205977146, 0.4532669205977146, 0.4532669205977146, 0.4532669205977146, 0.4532669205977146, 0.4532669205977146, 0.4532669205977146, 0.4532669205977146, 0.4532669205977146, 0.4532669205977146, 0.4532669205977146, 0.4532669205977146, 0.4532669205977146, 0.4532669205977146, 0.4532669205977146, 0.4532669205977146, 0.4532669205977146, 0.4532669205977146, 0.4532669205977146, 0.4532669205977146, 0.4532669205977146, 0.4532669205977146, 0.4532669205977146, 0.4532669205977146, 0.4532669205977146, 0.4532669205977146, 0.4532669205977146, 0.4532669205977146, 0.4532669205977146, 0.4532669205977146, 0.4532669205977146, 0.4532669205977146, 0.4532669205977146, 0.4532669205977146, 0.4532669205977146, 0.4532669205977146, 0.4532669205977146, 0.4532669205977146, 0.4532669205977146, 0.4532669205977146, 0.4532669205977146, 0.4532669205977146, 0.4532669205977146, 0.4532669205977146, 0.4532669205977146, 0.4532669205977146, 0.4532669205977146, 0.4532669205977146, 0.4532669205977146, 0.4532669205977146, 0.4532669205977146, 0.4532669205977146, 0.4532669205977146, 0.4532669205977146, 0.4532669205977146, 0.4532669205977146, 0.4532669205977146, 0.4532669205977146, 0.4532669205977146, 0.4532669205977146, 0.4532669205977146, 0.4532669205977146, 0.4532669205977146, 0.4532669205977146, 0.4532669205977146, 0.4532669205977146, 0.4532669205977146, 0.4532669205977146, 0.4532669205977146, 0.4532669205977146, 0.4532669205977146], "val_acc_hist": [0.5408245755860954, 0.5408245755860954, 0.5408245755860954, 0.5408245755860954, 0.5408245755860954, 0.5408245755860954, 0.5408245755860954, 0.5408245755860954, 0.5408245755860954, 0.5408245755860954, 0.5408245755860954, 0.5408245755860954, 0.5408245755860954, 0.5408245755860954, 0.5408245755860954, 0.5408245755860954, 0.5408245755860954, 0.5408245755860954, 0.5408245755860954, 0.5408245755860954, 0.5408245755860954, 0.5408245755860954, 0.5408245755860954, 0.5408245755860954, 0.5408245755860954, 0.5408245755860954, 0.5408245755860954, 0.5408245755860954, 0.5408245755860954, 0.5408245755860954, 0.5408245755860954, 0.5408245755860954, 0.5408245755860954, 0.5408245755860954, 0.5408245755860954, 0.5408245755860954, 0.5408245755860954, 0.5408245755860954, 0.5408245755860954, 0.5408245755860954, 0.5408245755860954, 0.5408245755860954, 0.5408245755860954, 0.5408245755860954, 0.5408245755860954, 0.5408245755860954, 0.5408245755860954, 0.5408245755860954, 0.5408245755860954, 0.5408245755860954, 0.5408245755860954, 0.5408245755860954, 0.5408245755860954, 0.5408245755860954, 0.5408245755860954, 0.5408245755860954, 0.5408245755860954, 0.5408245755860954, 0.5408245755860954, 0.5408245755860954, 0.5408245755860954, 0.5408245755860954, 0.5408245755860954, 0.5408245755860954, 0.5408245755860954, 0.5408245755860954, 0.5408245755860954, 0.5408245755860954, 0.5408245755860954, 0.5408245755860954, 0.5408245755860954, 0.5408245755860954, 0.5408245755860954, 0.5408245755860954, 0.5408245755860954, 0.5408245755860954, 0.5408245755860954, 0.5408245755860954, 0.5408245755860954, 0.5408245755860954, 0.5408245755860954, 0.5408245755860954, 0.5408245755860954, 0.5408245755860954, 0.5408245755860954, 0.5408245755860954, 0.5408245755860954, 0.5408245755860954, 0.5408245755860954, 0.5408245755860954, 0.5408245755860954, 0.5408245755860954, 0.5408245755860954, 0.5408245755860954, 0.5408245755860954, 0.5408245755860954, 0.5408245755860954, 0.5408245755860954, 0.5408245755860954, 0.5408245755860954], "f1_score_hist": [[1.0], [1.0], [1.0], [1.0], [1.0], [1.0], [1.0], [1.0], [1.0], [1.0], [1.0], [1.0], [1.0], [1.0], [1.0], [1.0], [1.0], [1.0], [1.0], [1.0], [1.0], [1.0], [1.0], [1.0], [1.0], [1.0], [1.0], [1.0], [1.0], [1.0], [1.0], [1.0], [1.0], [1.0], [1.0], [1.0], [1.0], [1.0], [1.0], [1.0], [1.0], [1.0], [1.0], [1.0], [1.0], [1.0], [1.0], [1.0], [1.0], [1.0], [1.0], [1.0], [1.0], [1.0], [1.0], [1.0], [1.0], [1.0], [1.0], [1.0], [1.0], [1.0], [1.0], [1.0], [1.0], [1.0], [1.0], [1.0], [1.0], [1.0], [1.0], [1.0], [1.0], [1.0], [1.0], [1.0], [1.0], [1.0], [1.0], [1.0], [1.0], [1.0], [1.0], [1.0], [1.0], [1.0], [1.0], [1.0], [1.0], [1.0], [1.0], [1.0], [1.0], [1.0], [1.0], [1.0], [1.0], [1.0], [1.0], [1.0]], "f1_score_val_hist": [[1.0], [1.0], [1.0], [1.0], [1.0], [1.0], [1.0], [1.0], [1.0], [1.0], [1.0], [1.0], [1.0], [1.0], [1.0], [1.0], [1.0], [1.0], [1.0], [1.0], [1.0], [1.0], [1.0], [1.0], [1.0], [1.0], [1.0], [1.0], [1.0], [1.0], [1.0], [1.0], [1.0], [1.0], [1.0], [1.0], [1.0], [1.0], [1.0], [1.0], [1.0], [1.0], [1.0], [1.0], [1.0], [1.0], [1.0], [1.0], [1.0], [1.0], [1.0], [1.0], [1.0], [1.0], [1.0], [1.0], [1.0], [1.0], [1.0], [1.0], [1.0], [1.0], [1.0], [1.0], [1.0], [1.0], [1.0], [1.0], [1.0], [1.0], [1.0], [1.0], [1.0], [1.0], [1.0], [1.0], [1.0], [1.0], [1.0], [1.0], [1.0], [1.0], [1.0], [1.0], [1.0], [1.0], [1.0], [1.0], [1.0], [1.0], [1.0], [1.0], [1.0], [1.0], [1.0], [1.0], [1.0], [1.0], [1.0], [1.0]]}