{"name": null, "run_number": 0, "data_file_name": "", "date_iso": "2022-03-29", "author": "Jonas", "description": "alle daten", "architecture": [52, 40, 30, 20, 10, 4], "bias_list": [1, 1, 1, 1, 1], "train_acc": 0.18767086693834864, "loss_function": "categorical_cross_entropy", "activation_functions": ["leaky_relu", "leaky_relu", "leaky_relu", "leaky_relu", "softmax"], "lr": 0.001634, "epochs": 80, "batch_size": 256, "num_samples": 175941, "scaler": {"mean": [7.145534014243414e-05, 0.000214723731250817, 0.0002962366077264539, 0.00028962320323290205, 0.00020473225683609845, 0.0005377527466593915, 0.0007857292899324205, 0.0009979586338602145, -9.789758498587594e-05, -0.0002813267515814961, -0.0005339877061060243, -0.0009100138910202851, 0.00022351264912669582, 0.0005792480376944544, 0.0009174120983738869, 0.0013180990218311821, 0.00010581294865892545, 0.0003001874378342741, 0.00042514588981533576, 0.0004994684127065322, 0.0003244190438840292, 0.0009335439891781904, 0.001378535736411638, 0.0019132967187864113, -0.00013363630421561775, -0.0004159266913340268, -0.0007995690600826413, -0.0012652502713977982, 0.000330358193940014, 0.0008745539754804167, 0.0013460370578773566, 0.0019443878913954114, 0.00020750479422078995, 0.0005117411234447911, 0.0007435049874673896, 0.0010395394365156504, 0.00016838653866921296, 0.0004775128878430838, 0.0007466974951830443, 0.001072848193428479, 0.040515172245241295, 0.15569370814648098, 0.3255709493750745, 0.49476294283879246, -0.014382112441102414, -0.04076613622180162, -0.07670976829732694, -0.0636619687281532, 0.07296218944418868, -0.7827176576750159, -0.06406082311115659, -0.8201569928328246], "std": [0.0451672455401864, 0.07667305396123224, 0.09644837322340365, 0.11577331882617709, 0.04823251839431375, 0.0810169862297191, 0.1103593971889606, 0.1352344690646171, 0.047750888410549926, 0.07498652186571288, 0.10533130758708839, 0.12777795418109966, 0.05057434687973171, 0.07977739090553518, 0.11292171302365904, 0.14317390835328775, 0.05164281292461256, 0.08697618311692276, 0.112888519684835, 0.13685154814636621, 0.07200327557411249, 0.13061454906830514, 0.18648873303125896, 0.23707345272077518, 0.05261773179060906, 0.08885798723742322, 0.13082555160128834, 0.1633833412117642, 0.08191118447906211, 0.1417805882102565, 0.20738622077121388, 0.2703755374723751, 0.037827524758807365, 0.06878732916150937, 0.0937614933914955, 0.11443066371580439, 0.03543388578062412, 0.06536679157984299, 0.08608064733718998, 0.10145928453077022, 8.611797742106258, 24.6458371615954, 50.548251966329666, 73.85426862400588, 5.8556762426565525, 9.75107382879198, 12.41373658384884, 15.835755828950415, 0.15067176815151623, 0.5850823722634543, 0.1521215518880569, 0.5779450673972657]}, "loss_hist": [2.2487406327856045, 2.648924318349319, 2.785037573969459, 18.168030486811404, 2.92096785871065, 18.164718259756874, 3.0078500065226947, 18.153202547646472, 18.154118603897423, 3.109809408233056, 3.1393597727853577, 18.14389797282245, 18.14223714033632, 3.2204742283545755, 18.131657258029065, 18.133767222270983, 3.2920995745889536, 18.127686184541734, 18.779751312092042, 18.781460693031068, 18.124474910104485, 18.221562950453535, 3.438428288775212, 3.5640658040765123, 18.221538966260088, 18.117619143464378, 18.115933664269743, 3.553936263282488, 18.112436578605525, 18.11237852388165, 18.68239971047919, 18.108877652130886, 3.7750192966627014, 18.686168840510177, 3.8178931507962464, 18.105605030424357, 3.8601782737657966, 3.7625340534350493, 18.1020734622935, 18.103249324155158, 3.820837783601915, 18.09924462480567, 18.100658047258683, 18.099667847448394, 3.890566689175219, 3.906938847747327, 18.809374165020206, 3.944159006803345, 18.094886566898737, 18.69853629842436, 3.993864409087017, 4.012238918595414, 4.153345723523252, 18.091992614462583, 4.063119195612128, 18.091117436867744, 4.090801722071523, 4.113180931630524, 15.385705475419632, 18.580279843702073, 15.814327327523282, 15.801370943041753, 4.188445746936839, 4.203470085562156, 18.0856827181266, 4.219710315405572, 4.232554999098384, 4.259270985045965, 4.397043537089401, 18.082294688813846, 18.097006702541165, 18.081341255849864, 15.162385617475602, 4.464887877647209, 4.478217346992526, 15.668060786777986, 15.110560079549499, 15.099804526232793, 4.531996064077811, 15.069099649226462], "acc_hist": [0.8047981993963885, 0.7868887865818656, 0.7804320766620628, 0.03785359864954729, 0.773878743442404, 0.0382400918489721, 0.7696784717604197, 0.03874025951881597, 0.03876867813642073, 0.7647563671912744, 0.7633354363110361, 0.0392688458062646, 0.0393654691061208, 0.7594250345286204, 0.03981448326427609, 0.03975764602906656, 0.755969330627881, 0.0400190973110304, 0.008610841134243865, 0.00852558528142957, 0.040229395081305665, 0.03554600690004035, 0.7488419413326058, 0.7428456130180003, 0.03554600690004035, 0.0405647347690419, 0.04064430689833524, 0.7433344132408023, 0.040814818603963826, 0.040814818603963826, 0.013311280486072035, 0.04096827913902956, 0.7326660641919734, 0.013129401333401538, 0.7305971888303465, 0.04114447456817911, 0.7285567320863244, 0.7332685388851945, 0.041309302550286746, 0.04125814903859817, 0.7304550957423227, 0.04145139563831057, 0.041383190956059135, 0.041428660744226756, 0.7270903314179185, 0.726300293848506, 0.007184226530484651, 0.7245042372158849, 0.04166169340858583, 0.012532610363701468, 0.7221057058900426, 0.721219045020774, 0.7144099442426722, 0.04179810277308871, 0.7187636764597223, 0.04184357256125633, 0.7174280014322983, 0.7163480939633172, 0.172375966943464, 0.018239068778738328, 0.15170994822127873, 0.15233515780858356, 0.7127161946334283, 0.7119886780227462, 0.042099340119699215, 0.7111986404533338, 0.7105791145895499, 0.7092945930738145, 0.7026503202778204, 0.04226416810180685, 0.04155938638520868, 0.04231532161349543, 0.18316935790975383, 0.6993764955297515, 0.6987285510483628, 0.1587122955990929, 0.18567019625897319, 0.18613057786417037, 0.6961310893992873, 0.18767086693834864], "val_acc_hist": [0.8003887002100551, 0.7880602289012348, 0.7827008775201711, 0.035630852588390036, 0.7766151671607217, 0.035846797149531796, 0.7730030035925323, 0.036376842890516105, 0.03643573686173659, 0.768428905161075, 0.7670350811755237, 0.03678910068905946, 0.03700504525020122, 0.7636977561396965, 0.0372602524588233, 0.0372602524588233, 0.760694163607452, 0.03747619701996505, 0.009246353481615266, 0.009128565539174306, 0.03775103555232729, 0.03421739727909853, 0.7549421857515852, 0.7502895620251674, 0.03425665992657885, 0.03806513673216985, 0.03814366202713049, 0.7502110367302067, 0.03722098981134298, 0.03843813188323288, 0.009540823337717661, 0.03739767172500442, 0.7410628398672923, 0.009442666719016864, 0.7391389701407566, 0.037456565696224894, 0.7373917823278824, 0.7397475411767015, 0.03761361628614617, 0.03904670291917784, 0.7369206305581185, 0.037809929523547774, 0.03912522821413848, 0.0392626474803196, 0.7330532597813071, 0.732307269479181, 0.0076365849349221615, 0.7301478238677634, 0.03806513673216985, 0.00873593906437111, 0.7271638626592591, 0.7274779638391017, 0.7217848799544553, 0.03822218732209113, 0.7251614676377628, 0.038281081293311606, 0.7230609159975657, 0.723100178645046, 0.16072164746068826, 0.013486719409489782, 0.1376548420660005, 0.13822415045446515, 0.7193898584581558, 0.7184475549186282, 0.03843813188323288, 0.716464791220872, 0.715974008127368, 0.7159936394511082, 0.7105361314513438, 0.03837923791201241, 0.0391644908616188, 0.03845776320697305, 0.17138145625159504, 0.7070221245018552, 0.7063350281709496, 0.14489880052611948, 0.17407094760399694, 0.17446357407880014, 0.7033706982861855, 0.17636781248159564],