{"name": null, "run_number": 0, "data_file_name": "", "date_iso": "2022-03-28", "author": "Jonas", "description": "ohne nina daten", "architecture": [64, 40, 40, 30, 20, 10, 11], "bias_list": [1, 1, 1, 1, 1, 1], "train_acc": 0.9557986226199683, "loss_function": "categorical_cross_entropy", "activation_functions": ["leaky_relu", "leaky_relu", "leaky_relu", "leaky_relu", "leaky_relu", "softmax"], "lr": 0.002938, "epochs": 10, "batch_size": 128, "num_samples": 135765, "scaler": {"mean": [1.0152314661363392e-05, 2.4167134386623978e-05, 4.7004912900968665e-05, 5.6104003240894095e-05, 2.9654594335800848e-05, 6.15297904467278e-05, 0.00021792593820204028, 0.00020742369535594596, 7.524451810113066e-05, -3.1962361433359328e-06, -2.6371995727912204e-05, -0.00011976948403491328, -0.00024724914374102327, -0.0003718111221596142, -0.00048215798622619976, 9.048083084742019e-05, 0.00035774788789452375, 0.0005070152763967149, 0.0005804859278901043, 0.0007672428976540344, 1.4916355467167526e-05, 3.619510183036863e-05, 8.709760984053335e-05, 0.00010078042205281187, 9.33132913490221e-05, 4.72446948771775e-05, 0.00019036330423894215, 0.0001564746215887747, 0.00010322195705815199, -5.2269310941700634e-05, -6.570191139100654e-05, -0.00025855694766692454, -0.0005304637424962252, -0.000767861606452326, -0.0009775123411777703, 7.504142452031083e-05, 0.00023858718373660377, 0.00020442309873678794, 0.00017102337863219539, 0.00016218800132582016, 6.64326004493058e-05, 7.360089124590283e-05, 4.516868854270241e-05, 5.896864434869073e-05, 3.5676499834273697e-06, 3.654041174087581e-05, 7.1461466504622e-05, 0.00010054733546937714, 0.00019361955585018228, 0.00015117595109196026, 0.03384847459949177, 0.13819354069163628, 0.29029379947703754, 0.43254732860457407, 0.5758973848488197, -0.014647720472875927, -0.01250496546237985, -0.029602061002467497, -0.012301382101425258, -0.017495228505137548, 0.08305978960704156, -0.7843002002504327, -0.07890319850476928, -0.829329334209848], "std": [0.016630055074737173, 0.035335499834037824, 0.053640125498500425, 0.07035930600825532, 0.08696623573534074, 0.026669310819152584, 0.05059101663324514, 0.06826407519745714, 0.08549032202302646, 0.10126256003269167, 0.013998192969715351, 0.03183771851453885, 0.0487772885269321, 0.06509728448462893, 0.08014619615427836, 0.024709645553988812, 0.04853880820028597, 0.06981822362216267, 0.08953379759940544, 0.10715539364215063, 0.021265025052509386, 0.049460586145570626, 0.07711177446507045, 0.1038808554662707, 0.12740936559561689, 0.04263811717521937, 0.09335881293306196, 0.13877515536776242, 0.1800733620232183, 0.22027316866074084, 0.02309995031314027, 0.05876526126653375, 0.09537409198317504, 0.1270120641134338, 0.15375989444553037, 0.04227810439115921, 0.09878592773483644, 0.15635958530538824, 0.21208065963191045, 0.2646711869828876, 0.023410150813214427, 0.05199662080137292, 0.07528702247320768, 0.09305844305571384, 0.10684780060118265, 0.02428196809855898, 0.04997078440939507, 0.06831792597060292, 0.08039830685454956, 0.0876050957528968, 7.486039570893032, 25.917204379365003, 55.06802219115899, 81.26367953741999, 104.40594177996827, 4.133250333354104, 4.829264696570928, 5.370658827287476, 6.8377929003041835, 8.002284161262672, 0.1469569268435295, 0.6242719505604084, 0.1541969925392551, 0.6121553814204888]}, "loss_hist": [0.17460513297572672, 0.136614633649129, 0.11549135169881986, 0.12414614646043545, 0.09554703366682929, 0.08797792259833144, 0.09161649907553016, 0.09462421221212342, 0.09209767009109161, 0.11269972854509595], "acc_hist": [0.9352705041800169, 0.947792140831584, 0.9548189886936986, 0.9547011379958016, 0.9633263359481457, 0.9638566640886826, 0.9627812764703716, 0.9625750377490516, 0.9644238205723125, 0.9557986226199683], "val_acc_hist": [0.9153312876463234, 0.9386293897033754, 0.9428628253210593, 0.9471814978974884, 0.9519547675872259, 0.9544834640300034, 0.954653937947494, 0.9524946016592795, 0.956017729287419, 0.9482895783611774], "f1_score_hist": [[0.9629840123459489, 0.8134950720242609, 0.7357989736329853, 0.8354978354978356, 0.8558295027162557, 0.38957915831663326, 0.7351543942992874, 0.7298713673177704, 0.9031909140075717, 0.8711276332094176, 0.8122124634044334], [0.9691804942495046, 0.8331758926884566, 0.8130841121495327, 0.8409292427735415, 0.895644674428633, 0.732776617954071, 0.8326039387308534, 0.8647125140924464, 0.7987616099071208, 0.8898678414096917, 0.8171001660210294], [0.9734878676614704, 0.82040072859745, 0.8010520383242532, 0.8679521155076304, 0.8793724825100699, 0.7950028392958547, 0.8753056234718827, 0.8448557430593359, 0.9213602550478214, 0.8926767676767677, 0.8589591957421644], [0.9733250214698921, 0.8323142486566613, 0.8064881176914371, 0.8579652784024467, 0.9076889182639347, 0.8036529680365297, 0.860056657223796, 0.8894289185905224, 0.8977955911823647, 0.8762254901960784, 0.8465608465608466], [0.978648133171295, 0.816636528028933, 0.8303436351847849, 0.9017085813015934, 0.9241503488633807, 0.8451935081148565, 0.8620492272467086, 0.8379828326180259, 0.8963445167751627, 0.8805590851334181, 0.896265560165975], [0.9787820240684105, 0.8357930132635905, 0.8179732313575526, 0.8909792117392531, 0.9231450719822812, 0.8688224527150701, 0.8549107142857143, 0.8685393258426967, 0.9313621964097148, 0.8684684684684685, 0.9158183874616255], [0.9781924977333558, 0.8487028971785646, 0.8134370848358321, 0.8895792149110421, 0.9299820466786356, 0.8557457212713936, 0.8419901585565883, 0.8896591565569035, 0.8868017795353434, 0.9083920563741192, 0.8903694730466385], [0.9781690812460443, 0.83253412025083, 0.8105828220858895, 0.9118547033856479, 0.9241472172351884, 0.8550724637681161, 0.8348115299334812, 0.8560481663929941, 0.9260416666666667, 0.8327566320645904, 0.8853636635737802], [0.9790870405519011, 0.858680486346422, 0.8062593144560358, 0.9093547450904518, 0.9393939393939393, 0.8839506172839506, 0.8224974200206397, 0.8738081884464385, 0.9242738589211619, 0.9138817480719794, 0.8759381898454747], [0.9739185084319681, 0.8399028582103493, 0.7868911823284448, 0.8883924415898724, 0.8850307008257463, 0.7039159503342886, 0.8318584070796461, 0.8650749583564686, 0.8988540109616343, 0.867833433916717, 0.9024316109422492]],