{"name": null, "run_number": 0, "data_file_name": "", "date_iso": "2022-03-28", "author": "Jonas", "description": "ohne nina daten", "architecture": [64, 40, 40, 30, 20, 10, 11], "bias_list": [1, 1, 1, 1, 1, 1], "train_acc": 0.8614665046219571, "loss_function": "categorical_cross_entropy", "activation_functions": ["sigmoid", "sigmoid", "sigmoid", "sigmoid", "sigmoid", "softmax"], "lr": 0.001, "epochs": 10, "batch_size": 128, "num_samples": 135765, "scaler": {"mean": [1.0152314661363392e-05, 2.4167134386623978e-05, 4.7004912900968665e-05, 5.6104003240894095e-05, 2.9654594335800848e-05, 6.15297904467278e-05, 0.00021792593820204028, 0.00020742369535594596, 7.524451810113066e-05, -3.1962361433359328e-06, -2.6371995727912204e-05, -0.00011976948403491328, -0.00024724914374102327, -0.0003718111221596142, -0.00048215798622619976, 9.048083084742019e-05, 0.00035774788789452375, 0.0005070152763967149, 0.0005804859278901043, 0.0007672428976540344, 1.4916355467167526e-05, 3.619510183036863e-05, 8.709760984053335e-05, 0.00010078042205281187, 9.33132913490221e-05, 4.72446948771775e-05, 0.00019036330423894215, 0.0001564746215887747, 0.00010322195705815199, -5.2269310941700634e-05, -6.570191139100654e-05, -0.00025855694766692454, -0.0005304637424962252, -0.000767861606452326, -0.0009775123411777703, 7.504142452031083e-05, 0.00023858718373660377, 0.00020442309873678794, 0.00017102337863219539, 0.00016218800132582016, 6.64326004493058e-05, 7.360089124590283e-05, 4.516868854270241e-05, 5.896864434869073e-05, 3.5676499834273697e-06, 3.654041174087581e-05, 7.1461466504622e-05, 0.00010054733546937714, 0.00019361955585018228, 0.00015117595109196026, 0.03384847459949177, 0.13819354069163628, 0.29029379947703754, 0.43254732860457407, 0.5758973848488197, -0.014647720472875927, -0.01250496546237985, -0.029602061002467497, -0.012301382101425258, -0.017495228505137548, 0.08305978960704156, -0.7843002002504327, -0.07890319850476928, -0.829329334209848], "std": [0.016630055074737173, 0.035335499834037824, 0.053640125498500425, 0.07035930600825532, 0.08696623573534074, 0.026669310819152584, 0.05059101663324514, 0.06826407519745714, 0.08549032202302646, 0.10126256003269167, 0.013998192969715351, 0.03183771851453885, 0.0487772885269321, 0.06509728448462893, 0.08014619615427836, 0.024709645553988812, 0.04853880820028597, 0.06981822362216267, 0.08953379759940544, 0.10715539364215063, 0.021265025052509386, 0.049460586145570626, 0.07711177446507045, 0.1038808554662707, 0.12740936559561689, 0.04263811717521937, 0.09335881293306196, 0.13877515536776242, 0.1800733620232183, 0.22027316866074084, 0.02309995031314027, 0.05876526126653375, 0.09537409198317504, 0.1270120641134338, 0.15375989444553037, 0.04227810439115921, 0.09878592773483644, 0.15635958530538824, 0.21208065963191045, 0.2646711869828876, 0.023410150813214427, 0.05199662080137292, 0.07528702247320768, 0.09305844305571384, 0.10684780060118265, 0.02428196809855898, 0.04997078440939507, 0.06831792597060292, 0.08039830685454956, 0.0876050957528968, 7.486039570893032, 25.917204379365003, 55.06802219115899, 81.26367953741999, 104.40594177996827, 4.133250333354104, 4.829264696570928, 5.370658827287476, 6.8377929003041835, 8.002284161262672, 0.1469569268435295, 0.6242719505604084, 0.1541969925392551, 0.6121553814204888]}, "loss_hist": [0.8479898262376615, 0.8320143079061508, 0.6095685512610777, 0.5264189935821719, 0.49486113034669027, 0.4684588274436051, 0.4570535523356652, 0.448818494800604, 0.43835281294420253, 0.40841307110684794], "acc_hist": [0.8525540455934888, 0.8491879350348028, 0.8505211210547637, 0.8289470776709755, 0.8240415423710087, 0.8335358892203439, 0.838404596177218, 0.8437226089198246, 0.843273303134092, 0.8614665046219571], "val_acc_hist": [0.8419990908057734, 0.8347823616320036, 0.8343561768382771, 0.7919365837026935, 0.7855438117967951, 0.795715422207069, 0.8042391180816002, 0.8102625298329356, 0.8084725536992841, 0.8310603477667917], "f1_score_hist": [[0.9310559739947616, 0, 0.29697952564362456, 0, 0, 0, 0, 0, 0, 0, 0], [0.9320131253238155, 0, 0.3223419126716553, 0, 0, 0, 0, 0, 0, 0, 0], [0.9320209596219049, 0, 0.3456359102244389, 0, 0, 0, 0, 0, 0, 0, 0], [0.9417359447653938, 0, 0.4001165387977081, 0.3114350957316002, 0, 0, 0, 0, 0, 0, 0], [0.9402971096255135, 0, 0.39861485186610235, 0.34350725774813656, 0.005563282336578582, 0, 0, 0, 0, 0, 0], [0.9450861285388077, 0, 0.39965629177009737, 0.37220658831319314, 0, 0, 0, 0, 0, 0, 0], [0.9481701110766916, 0, 0.40937163023233014, 0.384051329055912, 0, 0, 0, 0, 0, 0, 0], [0.9472974996256924, 0.13996316758747698, 0.41362338812875277, 0.424408014571949, 0, 0, 0, 0, 0, 0, 0], [0.9449263578394764, 0.17908201655379988, 0.4016448312135412, 0.47292659187541614, 0, 0, 0, 0, 0, 0, 0.1915959907478797], [0.9480540097189273, 0.22561307901907357, 0.4258716523496716, 0.5636443166906205, 0, 0, 0, 0, 0, 0, 0.5333772507685551]], "f1_score_val_hist": [[0.9299183252715884, 0, 0.2126089872568746, 0, 0, 0, 0, 0, 0, 0, 0], [0.9294023393686911, 0, 0.20898814447201547, 0, 0, 0, 0, 0, 0, 0, 0], [0.9287797685823264, 0, 0.21379499862599616, 0, 0, 0, 0, 0, 0, 0, 0], [0.9288246994724553, 0, 0.26092804303967726, 0.20731309174012405, 0, 0, 0, 0, 0, 0, 0], [0.9262679258481987, 0, 0.2549668874172185, 0.23274574245593066, 0.004449388209121246, 0, 0, 0, 0, 0, 0], [0.9322057444517765, 0, 0.2583636965882743, 0.2456418383518225, 0, 0, 0, 0, 0, 0, 0], [0.9377291911713832, 0, 0.2624618514750763, 0.26421839454013646, 0, 0, 0, 0, 0, 0, 0], [0.9382329137464914, 0.20348837209302328, 0.26387009472259804, 0.29101946081056956, 0, 0, 0, 0, 0, 0, 0], [0.934843898642221, 0.22298065984072807, 0.2565274151436031, 0.33319854427820456, 0, 0, 0, 0, 0, 0, 0.151238591916558], [0.9381655017689188, 0.289002557544757, 0.2709410548086867, 0.4241164241164241, 0, 0, 0, 0, 0, 0, 0.5409123823316437]]}