{"name": null, "run_number": 0, "data_file_name": "", "date_iso": "2022-03-28", "author": "Jonas", "description": "ohne nina daten", "architecture": [64, 40, 40, 30, 20, 10, 11], "bias_list": [1, 1, 1, 1, 1, 1], "train_acc": 0.9563436820977425, "loss_function": "categorical_cross_entropy", "activation_functions": ["relu", "relu", "relu", "relu", "relu", "softmax"], "lr": 0.002012, "epochs": 10, "batch_size": 512, "num_samples": 135765, "scaler": {"mean": [1.0152314661363392e-05, 2.4167134386623978e-05, 4.7004912900968665e-05, 5.6104003240894095e-05, 2.9654594335800848e-05, 6.15297904467278e-05, 0.00021792593820204028, 0.00020742369535594596, 7.524451810113066e-05, -3.1962361433359328e-06, -2.6371995727912204e-05, -0.00011976948403491328, -0.00024724914374102327, -0.0003718111221596142, -0.00048215798622619976, 9.048083084742019e-05, 0.00035774788789452375, 0.0005070152763967149, 0.0005804859278901043, 0.0007672428976540344, 1.4916355467167526e-05, 3.619510183036863e-05, 8.709760984053335e-05, 0.00010078042205281187, 9.33132913490221e-05, 4.72446948771775e-05, 0.00019036330423894215, 0.0001564746215887747, 0.00010322195705815199, -5.2269310941700634e-05, -6.570191139100654e-05, -0.00025855694766692454, -0.0005304637424962252, -0.000767861606452326, -0.0009775123411777703, 7.504142452031083e-05, 0.00023858718373660377, 0.00020442309873678794, 0.00017102337863219539, 0.00016218800132582016, 6.64326004493058e-05, 7.360089124590283e-05, 4.516868854270241e-05, 5.896864434869073e-05, 3.5676499834273697e-06, 3.654041174087581e-05, 7.1461466504622e-05, 0.00010054733546937714, 0.00019361955585018228, 0.00015117595109196026, 0.03384847459949177, 0.13819354069163628, 0.29029379947703754, 0.43254732860457407, 0.5758973848488197, -0.014647720472875927, -0.01250496546237985, -0.029602061002467497, -0.012301382101425258, -0.017495228505137548, 0.08305978960704156, -0.7843002002504327, -0.07890319850476928, -0.829329334209848], "std": [0.016630055074737173, 0.035335499834037824, 0.053640125498500425, 0.07035930600825532, 0.08696623573534074, 0.026669310819152584, 0.05059101663324514, 0.06826407519745714, 0.08549032202302646, 0.10126256003269167, 0.013998192969715351, 0.03183771851453885, 0.0487772885269321, 0.06509728448462893, 0.08014619615427836, 0.024709645553988812, 0.04853880820028597, 0.06981822362216267, 0.08953379759940544, 0.10715539364215063, 0.021265025052509386, 0.049460586145570626, 0.07711177446507045, 0.1038808554662707, 0.12740936559561689, 0.04263811717521937, 0.09335881293306196, 0.13877515536776242, 0.1800733620232183, 0.22027316866074084, 0.02309995031314027, 0.05876526126653375, 0.09537409198317504, 0.1270120641134338, 0.15375989444553037, 0.04227810439115921, 0.09878592773483644, 0.15635958530538824, 0.21208065963191045, 0.2646711869828876, 0.023410150813214427, 0.05199662080137292, 0.07528702247320768, 0.09305844305571384, 0.10684780060118265, 0.02428196809855898, 0.04997078440939507, 0.06831792597060292, 0.08039830685454956, 0.0876050957528968, 7.486039570893032, 25.917204379365003, 55.06802219115899, 81.26367953741999, 104.40594177996827, 4.133250333354104, 4.829264696570928, 5.370658827287476, 6.8377929003041835, 8.002284161262672, 0.1469569268435295, 0.6242719505604084, 0.1541969925392551, 0.6121553814204888]}, "loss_hist": [0.27591900694506466, 0.1829515034564949, 0.17075075096160877, 0.1550522516856612, 0.11988472708550343, 0.10729757822968476, 0.10088121461498993, 0.10102170249300534, 0.1151579007108018, 0.11296254628634389], "acc_hist": [0.9042905019703164, 0.9390343608441056, 0.9402055021544581, 0.9452509851581777, 0.95491474238574, 0.9572349280005893, 0.9595256509409642, 0.9601811954480168, 0.9552535631421942, 0.9563436820977425], "val_acc_hist": [0.8754119786339357, 0.9237697465621093, 0.9221218320263667, 0.931128537333788, 0.9426923514035686, 0.9434026593931129, 0.9464427775883623, 0.9493124218661212, 0.9434878963518581, 0.9438004318672576], "f1_score_hist": [[0.950479233226837, 0.8039711894101617, 0.7467204843592331, 0.7816753926701571, 0, 0.018716577540106954, 0.4239659367396594, 0.76953125, 0, 0.612604671661525, 0.6632443531827515], [0.9646377828451149, 0.8231033168128098, 0.7813881945779657, 0.8470441595441596, 0.7306774371213512, 0.78231748158071, 0.7551779075942645, 0.8423423423423423, 0.8675529295913342, 0.8357314148681055, 0.7829096233195794], [0.9653695985961833, 0.8159335472909194, 0.7482294617563738, 0.8566272669854732, 0.7100775193798449, 0.820737039350406, 0.7723378212974296, 0.8383561643835618, 0.896969696969697, 0.8284371327849588, 0.8254104211277659], [0.9677399576055918, 0.8217712177121772, 0.8040023543260741, 0.841078801721866, 0.8459760453876864, 0.8436502871729419, 0.7999999999999999, 0.8768242848803269, 0.8466947960618846, 0.8193732193732193, 0.797473457868566], [0.9737487573312033, 0.8505608974358974, 0.8026038675090944, 0.8724995326229201, 0.8783449516527997, 0.8302583025830259, 0.8227040816326532, 0.8509454949944383, 0.8925373134328359, 0.8684531059683314, 0.8245296167247387], [0.9749388779600221, 0.8401826484018264, 0.7959031657355679, 0.8963165075034105, 0.8803105456113866, 0.8591823491239455, 0.7851031706089582, 0.8786658999424957, 0.9347116430903155, 0.8809815950920246, 0.8402688402688403], [0.9761681349806252, 0.8263825096454162, 0.8093041138023837, 0.8903554256622985, 0.9166110740493663, 0.8596381784154711, 0.836461126005362, 0.890570430733411, 0.9311440677966102, 0.9073604060913706, 0.8507570295602018], [0.9765932148963314, 0.8589570906292091, 0.8130713868897103, 0.8893488897252539, 0.9260286638927415, 0.8692893401015228, 0.8722519310754605, 0.872953133822699, 0.9337539432176656, 0.8612269207861822, 0.829689458292717], [0.973694998037591, 0.8341337273734761, 0.8030018761726079, 0.8742305925585667, 0.8985132514544278, 0.8788282290279628, 0.8785471055618616, 0.8825541619156213, 0.916155419222904, 0.8763636363636363, 0.8143598143598144], [0.9742255234010279, 0.836208495640883, 0.8224956063268892, 0.8645486454864548, 0.917960088691796, 0.7951408061844286, 0.7856086742237556, 0.8948913681738109, 0.9120488052872395, 0.9279688513951979, 0.8550411077455646]],