{"name": null, "run_number": 0, "data_file_name": "", "date_iso": "2022-03-28", "author": "Jonas", "description": "ohne nina daten", "architecture": [64, 40, 40, 30, 20, 10, 11], "bias_list": [1, 1, 1, 1, 1, 1], "train_acc": 0.8504180016941038, "loss_function": "categorical_cross_entropy", "activation_functions": ["sigmoid", "sigmoid", "sigmoid", "sigmoid", "sigmoid", "softmax"], "lr": 0.000579, "epochs": 10, "batch_size": 256, "num_samples": 135765, "scaler": {"mean": [1.0152314661363392e-05, 2.4167134386623978e-05, 4.7004912900968665e-05, 5.6104003240894095e-05, 2.9654594335800848e-05, 6.15297904467278e-05, 0.00021792593820204028, 0.00020742369535594596, 7.524451810113066e-05, -3.1962361433359328e-06, -2.6371995727912204e-05, -0.00011976948403491328, -0.00024724914374102327, -0.0003718111221596142, -0.00048215798622619976, 9.048083084742019e-05, 0.00035774788789452375, 0.0005070152763967149, 0.0005804859278901043, 0.0007672428976540344, 1.4916355467167526e-05, 3.619510183036863e-05, 8.709760984053335e-05, 0.00010078042205281187, 9.33132913490221e-05, 4.72446948771775e-05, 0.00019036330423894215, 0.0001564746215887747, 0.00010322195705815199, -5.2269310941700634e-05, -6.570191139100654e-05, -0.00025855694766692454, -0.0005304637424962252, -0.000767861606452326, -0.0009775123411777703, 7.504142452031083e-05, 0.00023858718373660377, 0.00020442309873678794, 0.00017102337863219539, 0.00016218800132582016, 6.64326004493058e-05, 7.360089124590283e-05, 4.516868854270241e-05, 5.896864434869073e-05, 3.5676499834273697e-06, 3.654041174087581e-05, 7.1461466504622e-05, 0.00010054733546937714, 0.00019361955585018228, 0.00015117595109196026, 0.03384847459949177, 0.13819354069163628, 0.29029379947703754, 0.43254732860457407, 0.5758973848488197, -0.014647720472875927, -0.01250496546237985, -0.029602061002467497, -0.012301382101425258, -0.017495228505137548, 0.08305978960704156, -0.7843002002504327, -0.07890319850476928, -0.829329334209848], "std": [0.016630055074737173, 0.035335499834037824, 0.053640125498500425, 0.07035930600825532, 0.08696623573534074, 0.026669310819152584, 0.05059101663324514, 0.06826407519745714, 0.08549032202302646, 0.10126256003269167, 0.013998192969715351, 0.03183771851453885, 0.0487772885269321, 0.06509728448462893, 0.08014619615427836, 0.024709645553988812, 0.04853880820028597, 0.06981822362216267, 0.08953379759940544, 0.10715539364215063, 0.021265025052509386, 0.049460586145570626, 0.07711177446507045, 0.1038808554662707, 0.12740936559561689, 0.04263811717521937, 0.09335881293306196, 0.13877515536776242, 0.1800733620232183, 0.22027316866074084, 0.02309995031314027, 0.05876526126653375, 0.09537409198317504, 0.1270120641134338, 0.15375989444553037, 0.04227810439115921, 0.09878592773483644, 0.15635958530538824, 0.21208065963191045, 0.2646711869828876, 0.023410150813214427, 0.05199662080137292, 0.07528702247320768, 0.09305844305571384, 0.10684780060118265, 0.02428196809855898, 0.04997078440939507, 0.06831792597060292, 0.08039830685454956, 0.0876050957528968, 7.486039570893032, 25.917204379365003, 55.06802219115899, 81.26367953741999, 104.40594177996827, 4.133250333354104, 4.829264696570928, 5.370658827287476, 6.8377929003041835, 8.002284161262672, 0.1469569268435295, 0.6242719505604084, 0.1541969925392551, 0.6121553814204888]}, "loss_hist": [0.9238415442341119, 0.870886499411709, 0.8597458353916919, 0.8541496359687026, 0.8468272647128078, 0.8214448284613631, 0.792858623662793, 0.6688924333934771, 0.6034218605087656, 0.5488022881318954], "acc_hist": [0.8647073988141274, 0.8647073988141274, 0.855949618826649, 0.848348248812286, 0.847390711891872, 0.847015062792325, 0.8528192096637572, 0.8512134939049092, 0.8502559569844953, 0.8504180016941038], "val_acc_hist": [0.8648141834299352, 0.8648141834299352, 0.8565461984316399, 0.8467155358563473, 0.8449539720422775, 0.8322252528696443, 0.8397545175588135, 0.8365723377656552, 0.8344414137970224, 0.8349528355494943], "f1_score_hist": [[0.9274456672012388, 0, 0, 0, 0, 0, 0, 0, 0, 0, 0], [0.9274456672012388, 0, 0, 0, 0, 0, 0, 0, 0, 0, 0], [0.9335699280017948, 0, 0.046725896676538335, 0, 0.36836426413465684, 0, 0, 0, 0, 0, 0], [0.9304622565151833, 0, 0.0759553762164728, 0, 0.3619744058500914, 0, 0, 0, 0, 0, 0], [0.9302549500469083, 0, 0.07641272020132692, 0, 0.36605988262210293, 0, 0, 0, 0, 0, 0], [0.93039527188318, 0, 0.31737058871032875, 0, 0, 0, 0, 0, 0, 0, 0], [0.9331528649358106, 0, 0.35114768297964494, 0, 0, 0, 0, 0, 0, 0, 0], [0.9327828105421005, 0, 0.3419246861924687, 0, 0, 0, 0, 0, 0, 0, 0], [0.9325579291113835, 0, 0.3378367313518382, 0, 0, 0, 0, 0, 0, 0, 0], [0.9355131473643391, 0, 0.3604002479412025, 0.010812480691998763, 0, 0, 0, 0, 0, 0, 0]], "f1_score_val_hist": [[0.9275070847426639, 0, 0, 0, 0, 0, 0, 0, 0, 0, 0], [0.9275070847426639, 0, 0, 0, 0, 0, 0, 0, 0, 0, 0], [0.9334877669533208, 0, 0.03795620437956204, 0, 0.44756554307116103, 0, 0, 0, 0, 0, 0], [0.9288982752551918, 0, 0.05614714424007744, 0, 0.43964497041420125, 0, 0, 0, 0, 0, 0], [0.9282347282347283, 0, 0.05472197705207414, 0, 0.4460726846424384, 0, 0, 0, 0, 0, 0], [0.9272940157505573, 0, 0.208130081300813, 0, 0, 0, 0, 0, 0, 0, 0], [0.9315002874113816, 0, 0.22704605456145494, 0, 0, 0, 0, 0, 0, 0, 0], [0.930327868852459, 0, 0.21718443884690733, 0, 0, 0, 0, 0, 0, 0, 0], [0.9296014115005213, 0, 0.21180931744312026, 0, 0, 0, 0, 0, 0, 0, 0], [0.9338809696383988, 0, 0.2327690447400242, 0.01576872536136662, 0, 0, 0, 0, 0, 0, 0]]}