,activation function,epochs,batch size,lr,weight decay,min_f1_train,min_f1_val
0,relu,4000,512,0.0015,0.0,0.98951360447871,0.8818857829228538
1,relu,4000,512,0.0015,0.001456,0.9906196578871247,0.8889545966131854
2,relu,4000,512,0.003,0.0,0.9837174665751732,0.8889960315784841
3,relu,4000,512,0.003,0.001456,0.97462455923635,0.8830746457479434
