{"name": null, "run_number": 0, "data_file_name": "", "date_iso": "2022-03-30", "author": "Jonas", "description": "gro\u00df ohne nina, mit neuen point feature und ge\u00e4ndertem rotate label und neuen max idle daten", "architecture": [62, 40, 40, 20, 20, 11], "bias_list": [1, 1, 1, 1, 1], "train_acc": 0.8471283783783784, "loss_function": "categorical_cross_entropy", "activation_functions": ["leaky_relu", "leaky_relu", "leaky_relu", "leaky_relu", "softmax"], "lr": 0.1, "epochs": 20, "batch_size": 156288, "num_samples": 156288, "scaler": {"mean": [1.3452069256756762e-05, 2.9105433558558534e-05, 6.96481239762491e-05, 9.329251126126126e-05, 8.388466165028674e-05, 3.9574061988124504e-05, 0.0001571802889537265, 0.00011154716932841925, -1.8484298218673163e-05, -0.00011375171478296462, -2.7095848689598684e-05, -9.727117245085993e-05, -0.00020909850404381654, -0.00034517721130221136, -0.000467838151361589, 8.478316313472565e-05, 0.0003247554578726454, 0.0004575866413288288, 0.0005168350289209664, 0.0006436057854729729, 1.1105990223177707e-05, 1.5021114864864848e-05, 6.22840909090909e-05, 8.63471283783783e-05, 9.488951806920546e-05, 2.652269528050779e-05, 0.00011198001765970506, 3.15020411036036e-05, -1.5058686527436592e-05, -0.00018084765944922213, -6.864775286650289e-05, -0.0002421146025286652, -0.0005027486947174448, -0.0007581021959459461, -0.0009831018120393118, 6.0926725020475025e-05, 0.00017992654586404582, 0.00012920755912162167, 0.00011142556050368533, 7.42556178337429e-05, 5.178664388820639e-05, 3.800186194717447e-05, -1.2137054668304711e-05, 1.6418067925880396e-05, -2.5616490069614982e-05, 3.3616477272727285e-05, 4.94208256552007e-05, 6.98548065110564e-05, 0.00017553889614045862, 0.0001418607890561015, 0.033483017979627355, 0.13188353575450454, 0.27152033485616295, 0.3996967981418919, 0.5210769388628685, -0.00673976885621417, 0.006478035063472564, 0.0028250915105446496, 0.02136355420121827, 0.01619385925342958, 0.908427165534142, 0.9250393384968777], "std": [0.01747813770168055, 0.03744762194361834, 0.05683019408167909, 0.0740124104313493, 0.09087713893754691, 0.026204077017282914, 0.05165792615546153, 0.0697460811117052, 0.08709911539496404, 0.10249188427675822, 0.01569575498446725, 0.0374113158778783, 0.05768873620205384, 0.07400269270772637, 0.08920868283388378, 0.024522694438349667, 0.05083915659169989, 0.0727928375280757, 0.09172040533251198, 0.10802649204255435, 0.022636084913769384, 0.05321169609774871, 0.0825753529960114, 0.11039208177847468, 0.13493562967899456, 0.04291392420325942, 0.09794683756680207, 0.1466523716370885, 0.19008372295370474, 0.23113828811580123, 0.02422326131052638, 0.06167286528972091, 0.10049921654848201, 0.13270789391401464, 0.160507881184769, 0.042358290877412726, 0.10215544020405572, 0.1633312975578852, 0.2183479691121263, 0.27000381374042465, 0.02356713501197775, 0.05380705438283696, 0.078967696823854, 0.0959783485492839, 0.10969871258326747, 0.024525754089709535, 0.05161126138962202, 0.07086810699014374, 0.08264331585258329, 0.08971802583695276, 7.085106974019896, 24.6985352347861, 51.65368534704549, 76.06314066050804, 97.48540805255368, 4.255384970337253, 7.45394369563501, 10.933795203318724, 12.551473147082165, 12.80504005528048, 0.543130791216449, 0.5464454506788814]}, "loss_hist": [2.072956660431511, 1.398907587941006, 1.7243935015761662, 1.153081001536426, 0.7344725833926249, 1.175120213898412, 0.9448817245602387, 0.6760210314989613, 0.700274555271342, 0.7005204520151836, 0.8601544138915449, 0.5785118581788855, 0.508657249946381, 0.621894219639033, 1.1822880022850848, 0.5140452998172419, 0.520579833610762, 0.556507829209623, 0.4598743428515841, 0.4971507909415222], "acc_hist": [0.026873464373464374, 0.8909193284193284, 0.8908745393120393, 0.8895692567567568, 0.8909193284193284, 0.888967803030303, 0.888737459049959, 0.8513769451269452, 0.8392071048321048, 0.8333589271089271, 0.7518619471744472, 0.8366861179361179, 0.8383305180180181, 0.7955121314496314, 0.6581951269451269, 0.8500140765765766, 0.8480497542997543, 0.8552288083538083, 0.8666180384930385, 0.8471283783783784], "val_acc_hist": [0.02199113535629049, 0.8744743720877373, 0.8738493010569383, 0.8690476190476191, 0.8744743720877373, 0.8701272871917264, 0.868053187862257, 0.8323957267871349, 0.8260597795204, 0.8121377429253325, 0.7257358790771679, 0.8099215819979543, 0.8114274349357882, 0.7805716558699852, 0.6505568814638027, 0.8413456074553927, 0.8394988066825776, 0.8433912944652802, 0.8525684736901921, 0.8293840209114672], "f1_score_hist": [[0.004399951270897978, 0, 0, 0.04870085192088769, 0, 0, 0, 0, 0, 0, 0], [0.9423134186946753, 0, 0, 0, 0, 0, 0, 0, 0, 0, 0], [0.942288365293837, 0, 0, 0, 0, 0, 0, 0, 0, 0, 0], [0.9415633010622698, 0, 0, 0.0009732360097323601, 0, 0, 0, 0, 0, 0, 0], [0.9423134186946753, 0, 0, 0, 0, 0, 0, 0, 0, 0, 0], [0.9412366454619976, 0, 0, 0, 0, 0, 0, 0, 0, 0, 0], [0.9413231850513909, 0, 0.008387342737323675, 0, 0, 0, 0, 0, 0, 0, 0], [0.9245736619381687, 0, 0.23178958538618966, 0.0015392508978963573, 0, 0, 0, 0, 0, 0, 0], [0.9186326022676509, 0, 0, 0.20599181243021955, 0.025447690857681435, 0, 0, 0, 0, 0.13659383591376068, 0], [0.9138912463735179, 0, 0, 0.12081128747795414, 0.1791275073642867, 0, 0, 0, 0, 0, 0.00732394366197183], [0.8630363483587673, 0, 0.012936610608020696, 0.2819634703196347, 0.002254791431792559, 0, 0.10867264130971703, 0, 0, 0, 0.4839619684463483], [0.9170494043988507, 0, 0.23260869565217396, 0.4588794803387078, 0, 0, 0, 0, 0, 0, 0.4157684925439243], [0.9174848715585301, 0, 0.4154673140280908, 0.3549305802776789, 0.01620745542949757, 0, 0, 0, 0, 0, 0.31148423205252396], [0.888357507762813, 0.1766304347826087, 0.4290181363352095, 0.36045952444563184, 0.2750551127692047, 0, 0, 0, 0.4776357827476038, 0, 0.3689181267504722], [0.7814735397546959, 0.12823272548356343, 0.4373186302959954, 0.574938574938575, 0.32120026092628834, 0.0606060606060606, 0.002460024600246002, 0, 0.38814814814814813, 0, 0.5493226292022078], [0.9218401438451724, 0.004182350480970305, 0.36197718631178705, 0.6198612405508958, 0.3477695409025881, 0, 0.16995447647951442, 0, 0.26851851851851855, 0, 0.6442068622575833], [0.9184232508786057, 0.25862068965517243, 0.4895240738171223, 0.6428775880164107, 0.2661848840710629, 0, 0.22428398547801534, 0.21029572836801755, 0.40993206840009366, 0.1874272409778813, 0.5662977657130925], [0.9209201931269525, 0.6910480349344977, 0.5617433414043583, 0.6563352826510722, 0.26835027204599116, 0, 0, 0.059593023255813955, 0.42490660024906596, 0.2740331491712707, 0.6662594673833373], [0.9280902679830748, 0.6247274992214263, 0.5630623261900867, 0.626258676312445, 0.10851975249881007, 0, 0.31402439024390244, 0.215929203539823, 0.5577312626603647, 0.37311703360370796, 0.6664259927797835], [0.9148336067539328, 0.7516474464579902, 0.5504671465768111, 0.4544777970726866, 0.027911969940955447, 0, 0.3140803832845356, 0.17650130548302875, 0.817283950617284, 0.4227005870841487, 0.6969051497306101]],