,activation function,epochs,batch size,lr,weight decay,min_f1_train,min_f1_val
0,relu,1000,512,0.000875,0.0,0.9743030168994034,0.8897651353984539
1,relu,1000,512,0.000875,0.0,0.9747801997214162,0.8881728643215562
2,relu,1000,512,0.001,0.0,0.9713103071577234,0.8759005000729256
3,relu,1000,512,0.001,0.0,0.9812088033507191,0.8946043952102452
4,relu,1000,512,0.0015,0.0,0.9782876911455738,0.8865217947808202
5,relu,1000,512,0.0015,0.0,0.981966623916693,0.8876827927254033
6,relu,1000,512,0.0015,0.0945,0.9087460414358232,0.8580436796709264
7,relu,1000,512,0.0015,0.0945,0.9101140803322484,0.8573180304183893
