{"name": null, "run_number": 0, "data_file_name": "", "date_iso": "2022-03-28", "author": "Jonas", "description": "ohne nina daten", "architecture": [64, 40, 40, 30, 20, 10, 11], "bias_list": [1, 1, 1, 1, 1, 1], "train_acc": 0.9570434206165065, "loss_function": "categorical_cross_entropy", "activation_functions": ["leaky_relu", "leaky_relu", "leaky_relu", "leaky_relu", "leaky_relu", "softmax"], "lr": 0.003476, "epochs": 10, "batch_size": 128, "num_samples": 135765, "scaler": {"mean": [1.0152314661363392e-05, 2.4167134386623978e-05, 4.7004912900968665e-05, 5.6104003240894095e-05, 2.9654594335800848e-05, 6.15297904467278e-05, 0.00021792593820204028, 0.00020742369535594596, 7.524451810113066e-05, -3.1962361433359328e-06, -2.6371995727912204e-05, -0.00011976948403491328, -0.00024724914374102327, -0.0003718111221596142, -0.00048215798622619976, 9.048083084742019e-05, 0.00035774788789452375, 0.0005070152763967149, 0.0005804859278901043, 0.0007672428976540344, 1.4916355467167526e-05, 3.619510183036863e-05, 8.709760984053335e-05, 0.00010078042205281187, 9.33132913490221e-05, 4.72446948771775e-05, 0.00019036330423894215, 0.0001564746215887747, 0.00010322195705815199, -5.2269310941700634e-05, -6.570191139100654e-05, -0.00025855694766692454, -0.0005304637424962252, -0.000767861606452326, -0.0009775123411777703, 7.504142452031083e-05, 0.00023858718373660377, 0.00020442309873678794, 0.00017102337863219539, 0.00016218800132582016, 6.64326004493058e-05, 7.360089124590283e-05, 4.516868854270241e-05, 5.896864434869073e-05, 3.5676499834273697e-06, 3.654041174087581e-05, 7.1461466504622e-05, 0.00010054733546937714, 0.00019361955585018228, 0.00015117595109196026, 0.03384847459949177, 0.13819354069163628, 0.29029379947703754, 0.43254732860457407, 0.5758973848488197, -0.014647720472875927, -0.01250496546237985, -0.029602061002467497, -0.012301382101425258, -0.017495228505137548, 0.08305978960704156, -0.7843002002504327, -0.07890319850476928, -0.829329334209848], "std": [0.016630055074737173, 0.035335499834037824, 0.053640125498500425, 0.07035930600825532, 0.08696623573534074, 0.026669310819152584, 0.05059101663324514, 0.06826407519745714, 0.08549032202302646, 0.10126256003269167, 0.013998192969715351, 0.03183771851453885, 0.0487772885269321, 0.06509728448462893, 0.08014619615427836, 0.024709645553988812, 0.04853880820028597, 0.06981822362216267, 0.08953379759940544, 0.10715539364215063, 0.021265025052509386, 0.049460586145570626, 0.07711177446507045, 0.1038808554662707, 0.12740936559561689, 0.04263811717521937, 0.09335881293306196, 0.13877515536776242, 0.1800733620232183, 0.22027316866074084, 0.02309995031314027, 0.05876526126653375, 0.09537409198317504, 0.1270120641134338, 0.15375989444553037, 0.04227810439115921, 0.09878592773483644, 0.15635958530538824, 0.21208065963191045, 0.2646711869828876, 0.023410150813214427, 0.05199662080137292, 0.07528702247320768, 0.09305844305571384, 0.10684780060118265, 0.02428196809855898, 0.04997078440939507, 0.06831792597060292, 0.08039830685454956, 0.0876050957528968, 7.486039570893032, 25.917204379365003, 55.06802219115899, 81.26367953741999, 104.40594177996827, 4.133250333354104, 4.829264696570928, 5.370658827287476, 6.8377929003041835, 8.002284161262672, 0.1469569268435295, 0.6242719505604084, 0.1541969925392551, 0.6121553814204888]}, "loss_hist": [0.2216311793721187, 0.14265870086252988, 0.12602973866113415, 0.12592104894410838, 0.09643537192020787, 0.08195079312365927, 0.0842499535540357, 0.11465950380021428, 0.10093747966500982, 0.10990916682243225], "acc_hist": [0.9202224431922807, 0.9466062681839944, 0.9516001915073841, 0.9524914374102309, 0.9603211431517696, 0.9667661031930174, 0.9659190513018819, 0.9574190697160535, 0.9605126505358524, 0.9570434206165065], "val_acc_hist": [0.9001591089896579, 0.9360154563018525, 0.9412149107853165, 0.9409307875894988, 0.9496249573815206, 0.9576372315035799, 0.9569553358336175, 0.9495397204227753, 0.9523525400613706, 0.947351971814979], "f1_score_hist": [[0.9554421482665061, 0.7649896623018608, 0.7504412283798093, 0.8743897859556891, 0.7027863777089783, 0.6589147286821706, 0.7794204612655233, 0.5553176302640971, 0.38428693424423566, 0.5396211828372632, 0.7936853565596079], [0.9684650971432572, 0.8230005619029781, 0.8150300213054426, 0.8512544802867384, 0.8965823346648913, 0.7051282051282052, 0.8179332968835429, 0.865110984632897, 0.8666345690900337, 0.8994307400379506, 0.7815578615526073], [0.9714383026291085, 0.78754132590917, 0.797324911759242, 0.8845185944636033, 0.8556127703398557, 0.8172293364377182, 0.8442622950819674, 0.8502202643171806, 0.8882294757665677, 0.8696696696696696, 0.8466686063427407], [0.9720826792255364, 0.8136265320836338, 0.8326095538886695, 0.8683150183150183, 0.8385794995964486, 0.8377581120943952, 0.8388986526069128, 0.8730650154798762, 0.8847130523108178, 0.8672350791717418, 0.8338973491257755], [0.976656786630271, 0.8395061728395061, 0.8329995995194234, 0.8794114908278239, 0.9063114217077965, 0.8804204993429697, 0.8718861209964414, 0.8392664509169363, 0.9008555611474586, 0.8969394128669581, 0.8643793255779708], [0.9805512983789152, 0.8508688180255871, 0.8541581319131503, 0.9024319348900302, 0.9319681456200227, 0.8320413436692506, 0.873798076923077, 0.8473282442748091, 0.9238845144356955, 0.9120809614168249, 0.8949142156862746], [0.9799865914055235, 0.8491852974611596, 0.8545119705340699, 0.883681852128454, 0.9530736743312999, 0.9062499999999999, 0.8676470588235294, 0.8804100227790432, 0.9142857142857143, 0.8734793187347932, 0.891304347826087], [0.9748623518053007, 0.7750686813186812, 0.8339984038308061, 0.9103745832516179, 0.930933633295838, 0.8213670304422745, 0.8482142857142857, 0.820324777370351, 0.9066128218071681, 0.8674265146970606, 0.8453109435036289], [0.9767104296771446, 0.8290003661662394, 0.774822695035461, 0.9150598239889252, 0.941123188405797, 0.8337155963302753, 0.8720800889877641, 0.861878453038674, 0.8878968253968255, 0.8691476590636253, 0.8778467908902691], [0.9747247094518602, 0.8486792452830189, 0.7775775054073539, 0.8827382599870836, 0.897068264498181, 0.7718930256948086, 0.8478015783540023, 0.8776896942242355, 0.927187008905186, 0.8877928483353884, 0.8770226537216828]],