{"name": null, "run_number": 0, "data_file_name": "", "date_iso": "2022-03-28", "author": "Jonas", "description": "ohne nina daten", "architecture": [64, 40, 40, 30, 20, 10, 11], "bias_list": [1, 1, 1, 1, 1, 1], "train_acc": 0.9579714948624461, "loss_function": "categorical_cross_entropy", "activation_functions": ["relu", "relu", "relu", "relu", "relu", "softmax"], "lr": 0.000575, "epochs": 10, "batch_size": 128, "num_samples": 135765, "scaler": {"mean": [1.0152314661363392e-05, 2.4167134386623978e-05, 4.7004912900968665e-05, 5.6104003240894095e-05, 2.9654594335800848e-05, 6.15297904467278e-05, 0.00021792593820204028, 0.00020742369535594596, 7.524451810113066e-05, -3.1962361433359328e-06, -2.6371995727912204e-05, -0.00011976948403491328, -0.00024724914374102327, -0.0003718111221596142, -0.00048215798622619976, 9.048083084742019e-05, 0.00035774788789452375, 0.0005070152763967149, 0.0005804859278901043, 0.0007672428976540344, 1.4916355467167526e-05, 3.619510183036863e-05, 8.709760984053335e-05, 0.00010078042205281187, 9.33132913490221e-05, 4.72446948771775e-05, 0.00019036330423894215, 0.0001564746215887747, 0.00010322195705815199, -5.2269310941700634e-05, -6.570191139100654e-05, -0.00025855694766692454, -0.0005304637424962252, -0.000767861606452326, -0.0009775123411777703, 7.504142452031083e-05, 0.00023858718373660377, 0.00020442309873678794, 0.00017102337863219539, 0.00016218800132582016, 6.64326004493058e-05, 7.360089124590283e-05, 4.516868854270241e-05, 5.896864434869073e-05, 3.5676499834273697e-06, 3.654041174087581e-05, 7.1461466504622e-05, 0.00010054733546937714, 0.00019361955585018228, 0.00015117595109196026, 0.03384847459949177, 0.13819354069163628, 0.29029379947703754, 0.43254732860457407, 0.5758973848488197, -0.014647720472875927, -0.01250496546237985, -0.029602061002467497, -0.012301382101425258, -0.017495228505137548, 0.08305978960704156, -0.7843002002504327, -0.07890319850476928, -0.829329334209848], "std": [0.016630055074737173, 0.035335499834037824, 0.053640125498500425, 0.07035930600825532, 0.08696623573534074, 0.026669310819152584, 0.05059101663324514, 0.06826407519745714, 0.08549032202302646, 0.10126256003269167, 0.013998192969715351, 0.03183771851453885, 0.0487772885269321, 0.06509728448462893, 0.08014619615427836, 0.024709645553988812, 0.04853880820028597, 0.06981822362216267, 0.08953379759940544, 0.10715539364215063, 0.021265025052509386, 0.049460586145570626, 0.07711177446507045, 0.1038808554662707, 0.12740936559561689, 0.04263811717521937, 0.09335881293306196, 0.13877515536776242, 0.1800733620232183, 0.22027316866074084, 0.02309995031314027, 0.05876526126653375, 0.09537409198317504, 0.1270120641134338, 0.15375989444553037, 0.04227810439115921, 0.09878592773483644, 0.15635958530538824, 0.21208065963191045, 0.2646711869828876, 0.023410150813214427, 0.05199662080137292, 0.07528702247320768, 0.09305844305571384, 0.10684780060118265, 0.02428196809855898, 0.04997078440939507, 0.06831792597060292, 0.08039830685454956, 0.0876050957528968, 7.486039570893032, 25.917204379365003, 55.06802219115899, 81.26367953741999, 104.40594177996827, 4.133250333354104, 4.829264696570928, 5.370658827287476, 6.8377929003041835, 8.002284161262672, 0.1469569268435295, 0.6242719505604084, 0.1541969925392551, 0.6121553814204888]}, "loss_hist": [0.29884893230228965, 0.2038396504763581, 0.18014910790538352, 0.16170186141468026, 0.1381288334684768, 0.1217725709375313, 0.12780307651796222, 0.13075019208961655, 0.1312165727063492, 0.11260483738315878], "acc_hist": [0.907730269215188, 0.9390932861930542, 0.9409788973594078, 0.9456781939380547, 0.9520494972931168, 0.9553640481714728, 0.9552535631421942, 0.9537804294184805, 0.9529481088645821, 0.9579714948624461], "val_acc_hist": [0.8835663143539039, 0.9238265712012729, 0.9242527559949995, 0.9306171155813161, 0.9370382998067962, 0.942152517331515, 0.9398227071258097, 0.939538583929992, 0.9382316172292305, 0.9430332992385498], "f1_score_hist": [[0.9506288046606548, 0.7624887285843102, 0.6985254929827678, 0.7500400833734168, 0.16412490922294845, 0.605455755156354, 0.7564356435643563, 0.8567961165048543, 0, 0.6775469831849655, 0.6903775883069427], [0.9650987137954821, 0.7940935192780968, 0.7590383556615893, 0.836765623607025, 0.7449651797477885, 0.8205128205128206, 0.7975308641975309, 0.8748481166464157, 0.8366485834840266, 0.8327402135231317, 0.7755430410297667], [0.9657209987375509, 0.7962119832453105, 0.7673469387755102, 0.8258177060619276, 0.814697747925721, 0.7683215130023642, 0.8072289156626506, 0.8522920203735144, 0.8827160493827161, 0.8733459357277884, 0.7962962962962962], [0.9681488544609975, 0.8122803772886998, 0.7828207051762941, 0.8411979027814805, 0.8517126148705096, 0.8488448844884489, 0.8366308648954213, 0.8721541155866901, 0.8963383187209901, 0.8253602305475505, 0.7910908359050048], [0.9719150047896891, 0.8340128130460105, 0.7859412974387737, 0.8727341035033342, 0.8722058203289751, 0.8217880402605091, 0.8205998868138088, 0.8600337268128162, 0.9107049608355092, 0.8998699609882964, 0.8057040998217468], [0.9738144374687723, 0.8443230589153337, 0.7977207977207977, 0.8852708749880986, 0.9159090909090909, 0.8109090909090909, 0.7912998446400829, 0.8752156411730879, 0.9157509157509157, 0.9113428943937418, 0.8048179578428689], [0.9737135393992163, 0.839326702371844, 0.7926371149511644, 0.8895792149110421, 0.9078138718173836, 0.8910505836575875, 0.8219923788786064, 0.8849970811441916, 0.9021794221996959, 0.8991060025542784, 0.7948580610605248], [0.9728258028542055, 0.8167827042872847, 0.7880496054114996, 0.8803001876172608, 0.9065836298932385, 0.8347205707491082, 0.8377777777777778, 0.8806916426512967, 0.9262166405023547, 0.8653846153846155, 0.8142423406017112], [0.9722099921970017, 0.8434932161284159, 0.7782821863083348, 0.9088389587251312, 0.8994594594594595, 0.8390532544378698, 0.81069743051914, 0.8714768883878241, 0.8113718411552346, 0.9040404040404041, 0.793913507741591], [0.9752620071201603, 0.842185417856463, 0.7996967974227781, 0.9100663285212641, 0.8825021132713441, 0.8948051948051948, 0.8664013644115975, 0.8917345750873109, 0.9243523316062175, 0.8633093525179857, 0.8095238095238094]],