{"name": null, "run_number": 0, "data_file_name": "", "date_iso": "2022-03-28", "author": "Jonas", "description": "ohne nina daten", "architecture": [64, 40, 40, 30, 20, 10, 11], "bias_list": [1, 1, 1, 1, 1, 1], "train_acc": 0.9617795455382462, "loss_function": "categorical_cross_entropy", "activation_functions": ["relu", "relu", "relu", "relu", "relu", "softmax"], "lr": 0.000616, "epochs": 10, "batch_size": 64, "num_samples": 135765, "scaler": {"mean": [1.0152314661363392e-05, 2.4167134386623978e-05, 4.7004912900968665e-05, 5.6104003240894095e-05, 2.9654594335800848e-05, 6.15297904467278e-05, 0.00021792593820204028, 0.00020742369535594596, 7.524451810113066e-05, -3.1962361433359328e-06, -2.6371995727912204e-05, -0.00011976948403491328, -0.00024724914374102327, -0.0003718111221596142, -0.00048215798622619976, 9.048083084742019e-05, 0.00035774788789452375, 0.0005070152763967149, 0.0005804859278901043, 0.0007672428976540344, 1.4916355467167526e-05, 3.619510183036863e-05, 8.709760984053335e-05, 0.00010078042205281187, 9.33132913490221e-05, 4.72446948771775e-05, 0.00019036330423894215, 0.0001564746215887747, 0.00010322195705815199, -5.2269310941700634e-05, -6.570191139100654e-05, -0.00025855694766692454, -0.0005304637424962252, -0.000767861606452326, -0.0009775123411777703, 7.504142452031083e-05, 0.00023858718373660377, 0.00020442309873678794, 0.00017102337863219539, 0.00016218800132582016, 6.64326004493058e-05, 7.360089124590283e-05, 4.516868854270241e-05, 5.896864434869073e-05, 3.5676499834273697e-06, 3.654041174087581e-05, 7.1461466504622e-05, 0.00010054733546937714, 0.00019361955585018228, 0.00015117595109196026, 0.03384847459949177, 0.13819354069163628, 0.29029379947703754, 0.43254732860457407, 0.5758973848488197, -0.014647720472875927, -0.01250496546237985, -0.029602061002467497, -0.012301382101425258, -0.017495228505137548, 0.08305978960704156, -0.7843002002504327, -0.07890319850476928, -0.829329334209848], "std": [0.016630055074737173, 0.035335499834037824, 0.053640125498500425, 0.07035930600825532, 0.08696623573534074, 0.026669310819152584, 0.05059101663324514, 0.06826407519745714, 0.08549032202302646, 0.10126256003269167, 0.013998192969715351, 0.03183771851453885, 0.0487772885269321, 0.06509728448462893, 0.08014619615427836, 0.024709645553988812, 0.04853880820028597, 0.06981822362216267, 0.08953379759940544, 0.10715539364215063, 0.021265025052509386, 0.049460586145570626, 0.07711177446507045, 0.1038808554662707, 0.12740936559561689, 0.04263811717521937, 0.09335881293306196, 0.13877515536776242, 0.1800733620232183, 0.22027316866074084, 0.02309995031314027, 0.05876526126653375, 0.09537409198317504, 0.1270120641134338, 0.15375989444553037, 0.04227810439115921, 0.09878592773483644, 0.15635958530538824, 0.21208065963191045, 0.2646711869828876, 0.023410150813214427, 0.05199662080137292, 0.07528702247320768, 0.09305844305571384, 0.10684780060118265, 0.02428196809855898, 0.04997078440939507, 0.06831792597060292, 0.08039830685454956, 0.0876050957528968, 7.486039570893032, 25.917204379365003, 55.06802219115899, 81.26367953741999, 104.40594177996827, 4.133250333354104, 4.829264696570928, 5.370658827287476, 6.8377929003041835, 8.002284161262672, 0.1469569268435295, 0.6242719505604084, 0.1541969925392551, 0.6121553814204888]}, "loss_hist": [0.17751000621664623, 0.1432584357681915, 0.14892720244247815, 0.12802598457885986, 0.10383407984976306, 0.09493791083907749, 0.1261104756144241, 0.10322597047693052, 0.10648751661876812, 0.09266191585754475], "acc_hist": [0.9407505616322321, 0.9495967296431334, 0.9460759400434574, 0.9536846757264391, 0.9590100541376644, 0.9609693219902037, 0.9545685559606674, 0.9601149044304497, 0.9578315471586933, 0.9617795455382462], "val_acc_hist": [0.9243379929537447, 0.9374076599613592, 0.9288271394476645, 0.9412433231048983, 0.9465848391862711, 0.9470110239799977, 0.9440277304239119, 0.9482043414024321, 0.9456472326400728, 0.9511592226389363], "f1_score_hist": [[0.9667287242159602, 0.7836529844058076, 0.7555140186915887, 0.8828079675111197, 0.7683284457478007, 0.7019579405366208, 0.6199677938808373, 0.861288450377249, 0.9073379753615425, 0.8414872798434442, 0.7737538420419618], [0.9704677394048221, 0.8261116367076632, 0.7906184982031399, 0.8472730518611086, 0.893046893046893, 0.8532467532467533, 0.8294117647058824, 0.8337965536409117, 0.8843672456575682, 0.8807570977917981, 0.7994007898679014], [0.9685908319185059, 0.8290949887808527, 0.7676840215439856, 0.893164459054433, 0.787377333076775, 0.6876537137235612, 0.8280739934711644, 0.8582766439909297, 0.8861386138613861, 0.8098229583095374, 0.8202971684889263], [0.9727633241818101, 0.8394686907020873, 0.7949633527532419, 0.8843703148425788, 0.8964613368283092, 0.8505603985056039, 0.8504297994269341, 0.8692175899486009, 0.8893300248138958, 0.864897466827503, 0.7979580870499732], [0.9760245741606866, 0.8445035124359217, 0.8310687487325087, 0.858998646820027, 0.9334557136301054, 0.8702814001372683, 0.8443708609271524, 0.8704018109790607, 0.9010547463586138, 0.9154362416107383, 0.843740923613128], [0.9773470634360204, 0.845596645062905, 0.8240360148757095, 0.8708664326621097, 0.9233535625983367, 0.8391708363116511, 0.867579908675799, 0.8820160366552119, 0.9336235038084876, 0.9011406844106463, 0.8549437537004145], [0.9731824144979712, 0.7401038286826735, 0.8111195734958111, 0.8640663003333033, 0.9457650588506809, 0.8964595858383434, 0.8373078961314256, 0.8859293572669369, 0.9234773555439875, 0.8730839975475169, 0.8735177865612648], [0.9766478506296135, 0.8452358401212351, 0.8185670261941448, 0.8920931109226276, 0.9404990403071017, 0.8556021569802277, 0.817047817047817, 0.8701517706576728, 0.917864476386037, 0.9027688345138442, 0.8360771070775292], [0.9751099882388814, 0.8551196172248803, 0.8198423380119209, 0.8863065910569861, 0.9294771968854283, 0.8324697754749568, 0.8588555858310627, 0.85667215815486, 0.8897676717745922, 0.8807339449541284, 0.8239524270502004], [0.9775250168225923, 0.8546779141104295, 0.8127008127008126, 0.8986364069800705, 0.9272848565710473, 0.863861386138614, 0.865771812080537, 0.8951376684241359, 0.921079958463136, 0.9134060295060937, 0.8399549168779938]],