{"name": null, "run_number": 0, "data_file_name": "", "date_iso": "2022-03-30", "author": "Jonas", "description": "gro\u00df ohne nina, mit neuen point feature und ge\u00e4ndertem rotate label und neuen max idle daten", "architecture": [62, 40, 40, 20, 20, 11], "bias_list": [1, 1, 1, 1, 1], "train_acc": 0.8909193284193284, "loss_function": "categorical_cross_entropy", "activation_functions": ["relu", "relu", "relu", "relu", "softmax"], "lr": 0.001, "epochs": 80, "batch_size": 10000, "num_samples": 156288, "scaler": {"mean": [1.3452069256756762e-05, 2.9105433558558534e-05, 6.96481239762491e-05, 9.329251126126126e-05, 8.388466165028674e-05, 3.9574061988124504e-05, 0.0001571802889537265, 0.00011154716932841925, -1.8484298218673163e-05, -0.00011375171478296462, -2.7095848689598684e-05, -9.727117245085993e-05, -0.00020909850404381654, -0.00034517721130221136, -0.000467838151361589, 8.478316313472565e-05, 0.0003247554578726454, 0.0004575866413288288, 0.0005168350289209664, 0.0006436057854729729, 1.1105990223177707e-05, 1.5021114864864848e-05, 6.22840909090909e-05, 8.63471283783783e-05, 9.488951806920546e-05, 2.652269528050779e-05, 0.00011198001765970506, 3.15020411036036e-05, -1.5058686527436592e-05, -0.00018084765944922213, -6.864775286650289e-05, -0.0002421146025286652, -0.0005027486947174448, -0.0007581021959459461, -0.0009831018120393118, 6.0926725020475025e-05, 0.00017992654586404582, 0.00012920755912162167, 0.00011142556050368533, 7.42556178337429e-05, 5.178664388820639e-05, 3.800186194717447e-05, -1.2137054668304711e-05, 1.6418067925880396e-05, -2.5616490069614982e-05, 3.3616477272727285e-05, 4.94208256552007e-05, 6.98548065110564e-05, 0.00017553889614045862, 0.0001418607890561015, 0.033483017979627355, 0.13188353575450454, 0.27152033485616295, 0.3996967981418919, 0.5210769388628685, -0.00673976885621417, 0.006478035063472564, 0.0028250915105446496, 0.02136355420121827, 0.01619385925342958, 0.908427165534142, 0.9250393384968777], "std": [0.01747813770168055, 0.03744762194361834, 0.05683019408167909, 0.0740124104313493, 0.09087713893754691, 0.026204077017282914, 0.05165792615546153, 0.0697460811117052, 0.08709911539496404, 0.10249188427675822, 0.01569575498446725, 0.0374113158778783, 0.05768873620205384, 0.07400269270772637, 0.08920868283388378, 0.024522694438349667, 0.05083915659169989, 0.0727928375280757, 0.09172040533251198, 0.10802649204255435, 0.022636084913769384, 0.05321169609774871, 0.0825753529960114, 0.11039208177847468, 0.13493562967899456, 0.04291392420325942, 0.09794683756680207, 0.1466523716370885, 0.19008372295370474, 0.23113828811580123, 0.02422326131052638, 0.06167286528972091, 0.10049921654848201, 0.13270789391401464, 0.160507881184769, 0.042358290877412726, 0.10215544020405572, 0.1633312975578852, 0.2183479691121263, 0.27000381374042465, 0.02356713501197775, 0.05380705438283696, 0.078967696823854, 0.0959783485492839, 0.10969871258326747, 0.024525754089709535, 0.05161126138962202, 0.07086810699014374, 0.08264331585258329, 0.08971802583695276, 7.085106974019896, 24.6985352347861, 51.65368534704549, 76.06314066050804, 97.48540805255368, 4.255384970337253, 7.45394369563501, 10.933795203318724, 12.551473147082165, 12.80504005528048, 0.543130791216449, 0.5464454506788814]}, "loss_hist": [2.392095445589945, 2.3862245273541896, 2.3803737415872614, 2.374538207118261, 2.368716321734, 2.3629094640999107, 2.3571130600325323, 2.3513336059446406, 2.3455658112668956, 2.339812548032665, 2.334073052778744, 2.3283483119567316, 2.322636828095426, 2.316942351958379, 2.3112599339152093, 2.305588935655694, 2.29993083320654, 2.2942885881712134, 2.2886595034827155, 2.283042870343185, 2.277441648205911, 2.2718531394901413, 2.26627936653281, 2.2607203636483435, 2.255173908916871, 2.2496425870298147, 2.2441269023108754, 2.238620958518093, 2.2331305554795513, 2.2276556240084124, 2.2221952069564135, 2.2167477582692854, 2.211312205603911, 2.2058908373838677, 2.200484500902572, 2.195092808051128, 2.18971313387154, 2.184348664247417, 2.1789955213443903, 2.173661205321996, 2.1683391418270506, 2.163032497238418, 2.1577379810333914, 2.1524581052131055, 2.1471936937651694, 2.141944110240737, 2.136711168076516, 2.1314913906394892, 2.126284074904788, 2.1210919535605006, 2.1159150029406555, 2.110750303514454, 2.105599738441348, 2.1004619849067385, 2.0953392423926456, 2.0902311484803486, 2.085136272064886, 2.080058707909379, 2.074995049464757, 2.0699471297149925, 2.064912313568909, 2.0598920310676103, 2.0548868911070057, 2.0498952037042177, 2.0449184371742004, 2.0399569845238825, 2.0350096218815277, 2.030076726987166, 2.0251578376234267, 2.020250696298139, 2.015362256522729, 2.010485993147272, 2.00562577748955, 2.0007817460450146, 1.9959507089013393, 1.9911347832642625, 1.9863347966486338, 1.9815470142616147, 1.9767769912109905, 1.9720205938700297], "acc_hist": [0.8857749795249795, 0.8899275696150696, 0.8903242731367731, 0.8905290233415234, 0.8906441953316954, 0.8907273751023751, 0.8907657657657657, 0.890797757985258, 0.8908361486486487, 0.8908361486486487, 0.8908681408681409, 0.8908809377559378, 0.8908873361998362, 0.8908937346437347, 0.8908937346437347, 0.8908937346437347, 0.8908937346437347, 0.890900133087633, 0.8909065315315315, 0.8909129299754299, 0.8909193284193284, 0.8909193284193284, 0.8909193284193284, 0.8909193284193284, 0.8909193284193284, 0.8909193284193284, 0.8909193284193284, 0.8909193284193284, 0.8909193284193284, 0.8909193284193284, 0.8909193284193284, 0.8909193284193284, 0.8909193284193284, 0.8909193284193284, 0.8909193284193284, 0.8909193284193284, 0.8909193284193284, 0.8909193284193284, 0.8909193284193284, 0.8909193284193284, 0.8909193284193284, 0.8909193284193284, 0.8909193284193284, 0.8909193284193284, 0.8909193284193284, 0.8909193284193284, 0.8909193284193284, 0.8909193284193284, 0.8909193284193284, 0.8909193284193284, 0.8909193284193284, 0.8909193284193284, 0.8909193284193284, 0.8909193284193284, 0.8909193284193284, 0.8909193284193284, 0.8909193284193284, 0.8909193284193284, 0.8909193284193284, 0.8909193284193284, 0.8909193284193284, 0.8909193284193284, 0.8909193284193284, 0.8909193284193284, 0.8909193284193284, 0.8909193284193284, 0.8909193284193284, 0.8909193284193284, 0.8909193284193284, 0.8909193284193284, 0.8909193284193284, 0.8909193284193284, 0.8909193284193284, 0.8909193284193284, 0.8909193284193284, 0.8909193284193284, 0.8909193284193284, 0.8909193284193284, 0.8909193284193284, 0.8909193284193284],