{"name": null, "run_number": 0, "data_file_name": "", "date_iso": "2022-03-29", "author": "Jonas", "description": "alle daten", "architecture": [52, 40, 30, 20, 10, 4], "bias_list": [1, 1, 1, 1, 1], "train_acc": 0.8392131453157593, "loss_function": "categorical_cross_entropy", "activation_functions": ["leaky_relu", "leaky_relu", "leaky_relu", "leaky_relu", "softmax"], "lr": 0.00068, "epochs": 80, "batch_size": 64, "num_samples": 175941, "scaler": {"mean": [7.145534014243414e-05, 0.000214723731250817, 0.0002962366077264539, 0.00028962320323290205, 0.00020473225683609845, 0.0005377527466593915, 0.0007857292899324205, 0.0009979586338602145, -9.789758498587594e-05, -0.0002813267515814961, -0.0005339877061060243, -0.0009100138910202851, 0.00022351264912669582, 0.0005792480376944544, 0.0009174120983738869, 0.0013180990218311821, 0.00010581294865892545, 0.0003001874378342741, 0.00042514588981533576, 0.0004994684127065322, 0.0003244190438840292, 0.0009335439891781904, 0.001378535736411638, 0.0019132967187864113, -0.00013363630421561775, -0.0004159266913340268, -0.0007995690600826413, -0.0012652502713977982, 0.000330358193940014, 0.0008745539754804167, 0.0013460370578773566, 0.0019443878913954114, 0.00020750479422078995, 0.0005117411234447911, 0.0007435049874673896, 0.0010395394365156504, 0.00016838653866921296, 0.0004775128878430838, 0.0007466974951830443, 0.001072848193428479, 0.040515172245241295, 0.15569370814648098, 0.3255709493750745, 0.49476294283879246, -0.014382112441102414, -0.04076613622180162, -0.07670976829732694, -0.0636619687281532, 0.07296218944418868, -0.7827176576750159, -0.06406082311115659, -0.8201569928328246], "std": [0.0451672455401864, 0.07667305396123224, 0.09644837322340365, 0.11577331882617709, 0.04823251839431375, 0.0810169862297191, 0.1103593971889606, 0.1352344690646171, 0.047750888410549926, 0.07498652186571288, 0.10533130758708839, 0.12777795418109966, 0.05057434687973171, 0.07977739090553518, 0.11292171302365904, 0.14317390835328775, 0.05164281292461256, 0.08697618311692276, 0.112888519684835, 0.13685154814636621, 0.07200327557411249, 0.13061454906830514, 0.18648873303125896, 0.23707345272077518, 0.05261773179060906, 0.08885798723742322, 0.13082555160128834, 0.1633833412117642, 0.08191118447906211, 0.1417805882102565, 0.20738622077121388, 0.2703755374723751, 0.037827524758807365, 0.06878732916150937, 0.0937614933914955, 0.11443066371580439, 0.03543388578062412, 0.06536679157984299, 0.08608064733718998, 0.10145928453077022, 8.611797742106258, 24.6458371615954, 50.548251966329666, 73.85426862400588, 5.8556762426565525, 9.75107382879198, 12.41373658384884, 15.835755828950415, 0.15067176815151623, 0.5850823722634543, 0.1521215518880569, 0.5779450673972657]}, "loss_hist": [18.562230153735758, 1.439226868161905, 18.562684966584833, 18.213752849594695, 1.482692839753776, 18.566147042240218, 18.682209158403882, 18.218193306261114, 1.5040013448821745, 1.5080062120723894, 18.217637348413998, 1.5154260994050486, 1.5173108161231055, 1.5202551938644575, 18.221251951905806, 18.68571738054491, 18.571446772509248, 18.220934318803046, 18.221465975809515, 18.68637271433427, 1.5346248491800187, 18.221086125659266, 1.5367449852195503, 18.22174649458221, 18.221622442599525, 18.6857399219117, 18.221631139786272, 1.5423986867533535, 1.5439298889440454, 18.22108741855607, 18.685967445097386, 1.5462855952133525, 1.546403380526821, 1.5468745217807323, 1.5475812336615051, 1.548405730855784, 1.5494657986769997, 1.5500547371496187, 18.22107270076045, 18.221976920131155, 18.221976920131155, 18.571897159149554, 1.552057075573305, 18.221976920131155, 1.5534704993349262, 18.221741350067635, 1.5542949965292068, 18.221859134817684, 1.5551194937234838, 18.221784821098943, 18.686639981764053, 18.221976920131155, 18.686639981764053, 18.220824811616342, 18.221976920131155, 18.571917086445815, 18.571804535482823, 1.5590064090679414, 18.221976920131155, 18.221976920131155, 18.221976920131155, 1.560302047516094, 18.571917086445815, 1.5612443300238414, 18.571917086445815, 18.221976920131155, 18.221976920131155, 18.221976920131155, 1.562539968471994, 1.5632466803528045, 18.221859135900466, 18.221976920131155, 18.221976920131155, 18.571917086445815, 1.5652490306817677, 18.22183512820189, 18.221859134817684, 18.22174138308764, 18.68640688147455, 1.567015810383794], "acc_hist": [0.018835859748438398, 0.8453799853359933, 0.019034790071671755, 0.03586997914073468, 0.8432826913567616, 0.018790389960270774, 0.01315213622748535, 0.03558579296468702, 0.8422539373994692, 0.8420606907997568, 0.03569378371158513, 0.8417026162179367, 0.8416116766416014, 0.8414695835535776, 0.0355403231765194, 0.013123717609880585, 0.018648296872246947, 0.03556305807060321, 0.0355403231765194, 0.013112350162838678, 0.8407761692840213, 0.03556305807060321, 0.8406738622606442, 0.03553463945299845, 0.0355403231765194, 0.013118033886359633, 0.03554600690004035, 0.8404010435316385, 0.8403271551258661, 0.03556305807060321, 0.013129401333401538, 0.840213480655447, 0.840207796931926, 0.8401850620378423, 0.8401509596967165, 0.8401111736320699, 0.8400600201203813, 0.8400316015027764, 0.03556874179412416, 0.03552895572947749, 0.03552895572947749, 0.018642613148725992, 0.8399349782029203, 0.03552895572947749, 0.8398667735206689, 0.0355403231765194, 0.8398269874560221, 0.03553463945299845, 0.8397872013913755, 0.03553463945299845, 0.013106666439317726, 0.03552895572947749, 0.013106666439317726, 0.03556305807060321, 0.03552895572947749, 0.018642613148725992, 0.018642613148725992, 0.839599638515184, 0.03552895572947749, 0.03552895572947749, 0.03552895572947749, 0.8395371175564535, 0.018642613148725992, 0.839491647768286, 0.018642613148725992, 0.03552895572947749, 0.03552895572947749, 0.03552895572947749, 0.8394291268095555, 0.8393950244684297, 0.03553463945299845, 0.03552895572947749, 0.03552895572947749, 0.018642613148725992, 0.8392984011685736, 0.03553463945299845, 0.03553463945299845, 0.0355403231765194, 0.013118033886359633, 0.8392131453157593], "val_acc_hist": [0.012799623078584189, 0.8411236969708867, 0.013015567639725946, 0.034551129782681246, 0.8387875694458077, 0.01281925440232435, 0.01264257248866291, 0.03425665992657885, 0.8376096900213982, 0.837472270755217, 0.03437444786901981, 0.8370796442804138, 0.8370207503091933, 0.8369225936904926, 0.03417813463161821, 0.01260330984118259, 0.012564047193702271, 0.03419776595535837, 0.03415850330787805, 0.012564047193702271, 0.8359606588272247, 0.03417813463161821, 0.8357054516186027, 0.03415850330787805, 0.03415850330787805, 0.01260330984118259, 0.03413887198413789, 0.835136143230138, 0.8351165119063978, 0.03413887198413789, 0.012583678517442432, 0.8349594613164766, 0.8349398299927364, 0.8349398299927364, 0.8349790926402167, 0.8349594613164766, 0.8348024107265553, 0.8347631480790749, 0.03415850330787805, 0.03413887198413789, 0.03413887198413789, 0.012564047193702271, 0.834645360136634, 0.03413887198413789, 0.8345472035179332, 0.03419776595535837, 0.8344686782229725, 0.03417813463161821, 0.8343901529280119, 0.03413887198413789, 0.012564047193702271, 0.03415850330787805, 0.012564047193702271, 0.03419776595535837, 0.03415850330787805, 0.012564047193702271, 0.012564047193702271, 0.8342331023380907, 0.03413887198413789, 0.03413887198413789, 0.03413887198413789, 0.8341742083668702, 0.012564047193702271, 0.8340956830719095, 0.012564047193702271, 0.03415850330787805, 0.03413887198413789, 0.03413887198413789, 0.8340564204244292, 0.8340171577769488, 0.03413887198413789, 0.03415850330787805, 0.03415850330787805, 0.012564047193702271, 0.8338797385107678, 0.03413887198413789, 0.03413887198413789, 0.03413887198413789, 0.012564047193702271, 0.8338601071870276],