{"name": null, "run_number": 0, "data_file_name": "", "date_iso": "2022-03-28", "author": "Jonas", "description": "ohne nina daten", "architecture": [64, 40, 40, 30, 20, 10, 11], "bias_list": [1, 1, 1, 1, 1, 1], "train_acc": 0.9583250469561374, "loss_function": "categorical_cross_entropy", "activation_functions": ["relu", "relu", "relu", "relu", "relu", "softmax"], "lr": 0.00283, "epochs": 10, "batch_size": 256, "num_samples": 135765, "scaler": {"mean": [1.0152314661363392e-05, 2.4167134386623978e-05, 4.7004912900968665e-05, 5.6104003240894095e-05, 2.9654594335800848e-05, 6.15297904467278e-05, 0.00021792593820204028, 0.00020742369535594596, 7.524451810113066e-05, -3.1962361433359328e-06, -2.6371995727912204e-05, -0.00011976948403491328, -0.00024724914374102327, -0.0003718111221596142, -0.00048215798622619976, 9.048083084742019e-05, 0.00035774788789452375, 0.0005070152763967149, 0.0005804859278901043, 0.0007672428976540344, 1.4916355467167526e-05, 3.619510183036863e-05, 8.709760984053335e-05, 0.00010078042205281187, 9.33132913490221e-05, 4.72446948771775e-05, 0.00019036330423894215, 0.0001564746215887747, 0.00010322195705815199, -5.2269310941700634e-05, -6.570191139100654e-05, -0.00025855694766692454, -0.0005304637424962252, -0.000767861606452326, -0.0009775123411777703, 7.504142452031083e-05, 0.00023858718373660377, 0.00020442309873678794, 0.00017102337863219539, 0.00016218800132582016, 6.64326004493058e-05, 7.360089124590283e-05, 4.516868854270241e-05, 5.896864434869073e-05, 3.5676499834273697e-06, 3.654041174087581e-05, 7.1461466504622e-05, 0.00010054733546937714, 0.00019361955585018228, 0.00015117595109196026, 0.03384847459949177, 0.13819354069163628, 0.29029379947703754, 0.43254732860457407, 0.5758973848488197, -0.014647720472875927, -0.01250496546237985, -0.029602061002467497, -0.012301382101425258, -0.017495228505137548, 0.08305978960704156, -0.7843002002504327, -0.07890319850476928, -0.829329334209848], "std": [0.016630055074737173, 0.035335499834037824, 0.053640125498500425, 0.07035930600825532, 0.08696623573534074, 0.026669310819152584, 0.05059101663324514, 0.06826407519745714, 0.08549032202302646, 0.10126256003269167, 0.013998192969715351, 0.03183771851453885, 0.0487772885269321, 0.06509728448462893, 0.08014619615427836, 0.024709645553988812, 0.04853880820028597, 0.06981822362216267, 0.08953379759940544, 0.10715539364215063, 0.021265025052509386, 0.049460586145570626, 0.07711177446507045, 0.1038808554662707, 0.12740936559561689, 0.04263811717521937, 0.09335881293306196, 0.13877515536776242, 0.1800733620232183, 0.22027316866074084, 0.02309995031314027, 0.05876526126653375, 0.09537409198317504, 0.1270120641134338, 0.15375989444553037, 0.04227810439115921, 0.09878592773483644, 0.15635958530538824, 0.21208065963191045, 0.2646711869828876, 0.023410150813214427, 0.05199662080137292, 0.07528702247320768, 0.09305844305571384, 0.10684780060118265, 0.02428196809855898, 0.04997078440939507, 0.06831792597060292, 0.08039830685454956, 0.0876050957528968, 7.486039570893032, 25.917204379365003, 55.06802219115899, 81.26367953741999, 104.40594177996827, 4.133250333354104, 4.829264696570928, 5.370658827287476, 6.8377929003041835, 8.002284161262672, 0.1469569268435295, 0.6242719505604084, 0.1541969925392551, 0.6121553814204888]}, "loss_hist": [0.23425897252309072, 0.14804674388027522, 0.13142638273153323, 0.1313776294558629, 0.11376482993807233, 0.0827051097562227, 0.09286539777034783, 0.09017734327970574, 0.09228972735293135, 0.10871361361541099], "acc_hist": [0.9212904651419732, 0.9481309615880381, 0.9510698633668472, 0.9526608477884579, 0.9555555555555556, 0.9649983427245609, 0.9619489559164733, 0.9645416712702095, 0.9622362169925975, 0.9583250469561374], "val_acc_hist": [0.8981134219797704, 0.9352483236731447, 0.9375213092396864, 0.9440277304239119, 0.9437436072280941, 0.952295715422207, 0.9457608819183998, 0.9550517104216388, 0.9518695306284806, 0.9468121377429254], "f1_score_hist": [[0.9553115559245977, 0.8247217806041335, 0.7590098289042592, 0.7238757683597542, 0.8086210337258032, 0.42789598108747046, 0.6266907123534716, 0.7543859649122806, 0.8407960199004976, 0.7739082365948037, 0.7782781456953644], [0.9695452977118574, 0.8073561544064094, 0.7895331325301205, 0.8764887930226016, 0.8978410861339862, 0.8313176320814768, 0.8091106290672452, 0.8687214611872147, 0.8886669995007489, 0.8742216687422166, 0.7590346060528669], [0.9715334129398332, 0.8163265306122449, 0.7828487302171512, 0.8694378318989197, 0.8588651008106422, 0.7817142857142858, 0.8011834319526627, 0.8595224875069405, 0.8970736629667003, 0.8613317043372023, 0.8383946284144667], [0.9720268737457465, 0.8362956033676333, 0.8054972322962398, 0.8548473486877344, 0.9279421730291394, 0.8612051455653351, 0.806201550387597, 0.8892900120336943, 0.8891079349433219, 0.8210405946255003, 0.8204278812974465], [0.974030668460959, 0.828971618134906, 0.8387096774193549, 0.8906874880975053, 0.9199205823957645, 0.633377135348226, 0.7859614434008899, 0.8782707622298067, 0.9090909090909092, 0.9001907183725365, 0.8479724888952572], [0.9794867141147137, 0.8294501397949674, 0.8308926780341023, 0.9017002149697089, 0.9259757738896367, 0.864376130198915, 0.863006100942873, 0.8845714285714286, 0.9338274219163578, 0.9149637442320369, 0.8862052949372967], [0.9776740075892779, 0.8299796935573195, 0.8353317346123103, 0.870123910050482, 0.9434653238727398, 0.8088578088578088, 0.8328940432261466, 0.8791208791208791, 0.9088948787061994, 0.9102815979043877, 0.9025362896793747], [0.9791573664342151, 0.8410969196093163, 0.8200772200772201, 0.9069364161849711, 0.9405602368480984, 0.8557806912991657, 0.8849658314350797, 0.8771138669673055, 0.9152196118488254, 0.8758328285887341, 0.8835892085258608], [0.9777441950346755, 0.8459510357815443, 0.8115232536245528, 0.8977218568296635, 0.9401129943502825, 0.8411867364746947, 0.8928366762177651, 0.8950403690888119, 0.9138194798572157, 0.8959501557632399, 0.8570195627157653], [0.975380610108099, 0.8391556136745751, 0.8081985708913125, 0.8753320509297426, 0.9258426966292136, 0.8213272830402724, 0.8433734939759037, 0.8657381615598886, 0.8962779156327543, 0.8624624624624625, 0.8798098350913682]],