{"name": null, "run_number": 0, "data_file_name": "", "date_iso": "2022-03-28", "author": "Jonas", "description": "ohne nina daten", "architecture": [64, 40, 40, 30, 20, 10, 11], "bias_list": [1, 1, 1, 1, 1, 1], "train_acc": 0.815836187529923, "loss_function": "categorical_cross_entropy", "activation_functions": ["sigmoid", "sigmoid", "sigmoid", "sigmoid", "sigmoid", "softmax"], "lr": 0.000536, "epochs": 10, "batch_size": 128, "num_samples": 135765, "scaler": {"mean": [1.0152314661363392e-05, 2.4167134386623978e-05, 4.7004912900968665e-05, 5.6104003240894095e-05, 2.9654594335800848e-05, 6.15297904467278e-05, 0.00021792593820204028, 0.00020742369535594596, 7.524451810113066e-05, -3.1962361433359328e-06, -2.6371995727912204e-05, -0.00011976948403491328, -0.00024724914374102327, -0.0003718111221596142, -0.00048215798622619976, 9.048083084742019e-05, 0.00035774788789452375, 0.0005070152763967149, 0.0005804859278901043, 0.0007672428976540344, 1.4916355467167526e-05, 3.619510183036863e-05, 8.709760984053335e-05, 0.00010078042205281187, 9.33132913490221e-05, 4.72446948771775e-05, 0.00019036330423894215, 0.0001564746215887747, 0.00010322195705815199, -5.2269310941700634e-05, -6.570191139100654e-05, -0.00025855694766692454, -0.0005304637424962252, -0.000767861606452326, -0.0009775123411777703, 7.504142452031083e-05, 0.00023858718373660377, 0.00020442309873678794, 0.00017102337863219539, 0.00016218800132582016, 6.64326004493058e-05, 7.360089124590283e-05, 4.516868854270241e-05, 5.896864434869073e-05, 3.5676499834273697e-06, 3.654041174087581e-05, 7.1461466504622e-05, 0.00010054733546937714, 0.00019361955585018228, 0.00015117595109196026, 0.03384847459949177, 0.13819354069163628, 0.29029379947703754, 0.43254732860457407, 0.5758973848488197, -0.014647720472875927, -0.01250496546237985, -0.029602061002467497, -0.012301382101425258, -0.017495228505137548, 0.08305978960704156, -0.7843002002504327, -0.07890319850476928, -0.829329334209848], "std": [0.016630055074737173, 0.035335499834037824, 0.053640125498500425, 0.07035930600825532, 0.08696623573534074, 0.026669310819152584, 0.05059101663324514, 0.06826407519745714, 0.08549032202302646, 0.10126256003269167, 0.013998192969715351, 0.03183771851453885, 0.0487772885269321, 0.06509728448462893, 0.08014619615427836, 0.024709645553988812, 0.04853880820028597, 0.06981822362216267, 0.08953379759940544, 0.10715539364215063, 0.021265025052509386, 0.049460586145570626, 0.07711177446507045, 0.1038808554662707, 0.12740936559561689, 0.04263811717521937, 0.09335881293306196, 0.13877515536776242, 0.1800733620232183, 0.22027316866074084, 0.02309995031314027, 0.05876526126653375, 0.09537409198317504, 0.1270120641134338, 0.15375989444553037, 0.04227810439115921, 0.09878592773483644, 0.15635958530538824, 0.21208065963191045, 0.2646711869828876, 0.023410150813214427, 0.05199662080137292, 0.07528702247320768, 0.09305844305571384, 0.10684780060118265, 0.02428196809855898, 0.04997078440939507, 0.06831792597060292, 0.08039830685454956, 0.0876050957528968, 7.486039570893032, 25.917204379365003, 55.06802219115899, 81.26367953741999, 104.40594177996827, 4.133250333354104, 4.829264696570928, 5.370658827287476, 6.8377929003041835, 8.002284161262672, 0.1469569268435295, 0.6242719505604084, 0.1541969925392551, 0.6121553814204888]}, "loss_hist": [0.8726870825595852, 0.8613517523139496, 0.8566496906787379, 0.846413634629027, 0.8290450784539297, 0.6636314299186585, 0.5766817446882365, 0.5246696155777759, 0.5142923642908808, 0.49765480597987727], "acc_hist": [0.8647073988141274, 0.8631679740728465, 0.8490553529996685, 0.8461311825580967, 0.8495341214598755, 0.851677531027879, 0.8530549110595514, 0.8300298309579052, 0.8151732773542518, 0.815836187529923], "val_acc_hist": [0.8648141834299352, 0.8663484486873508, 0.8473974315263099, 0.8422263893624276, 0.8454653937947494, 0.8368280486418911, 0.840436413228776, 0.8035288100920559, 0.7746618933969769, 0.7759404477781566], "f1_score_hist": [[0.9274456672012388, 0, 0, 0, 0, 0, 0, 0, 0, 0, 0], [0.9359343198307013, 0, 0, 0, 0.3782319625707954, 0, 0, 0, 0, 0, 0], [0.931263930906807, 0, 0, 0, 0.3156448566031256, 0, 0, 0, 0, 0, 0], [0.9298974420203634, 0, 0.0315893385982231, 0, 0.32916883567586325, 0, 0, 0, 0, 0, 0], [0.9320673284419508, 0, 0.02347255781843286, 0, 0.34143744454303454, 0, 0, 0, 0, 0, 0], [0.9330250057503366, 0, 0.3446303927340005, 0, 0, 0, 0, 0, 0, 0, 0], [0.9334514813629687, 0, 0.3527991029069266, 0, 0, 0, 0, 0, 0, 0, 0], [0.9355523230940361, 0, 0.38207144887709654, 0.1681360201511335, 0, 0, 0, 0, 0, 0, 0], [0.9358582392213141, 0, 0.3767612076852699, 0.29117233058515984, 0, 0, 0, 0, 0, 0, 0], [0.9366482850536465, 0, 0.3833948339483395, 0.3084693084693084, 0, 0, 0, 0, 0, 0, 0]], "f1_score_val_hist": [[0.9275070847426639, 0, 0, 0, 0, 0, 0, 0, 0, 0, 0], [0.9371740905949614, 0, 0, 0, 0.46272855133614627, 0, 0, 0, 0, 0, 0], [0.9294143985671794, 0, 0, 0, 0.3846153846153846, 0, 0, 0, 0, 0, 0], [0.9266467546648682, 0, 0.02384500745156483, 0, 0.3939546599496222, 0, 0, 0, 0, 0, 0], [0.9283859592883476, 0, 0.01524390243902439, 0, 0.4088911863530629, 0, 0, 0, 0, 0, 0], [0.9304432740486978, 0, 0.2196078431372549, 0, 0, 0, 0, 0, 0, 0, 0], [0.93183087801063, 0, 0.2299054373522458, 0, 0, 0, 0, 0, 0, 0, 0], [0.9284788500058914, 0, 0.25619016176956094, 0.13982577618941255, 0, 0, 0, 0, 0, 0, 0], [0.9196353436185134, 0, 0.24460431654676262, 0.19347109913147648, 0, 0, 0, 0, 0, 0, 0], [0.9207146747246183, 0, 0.2459893048128342, 0.20983125458547322, 0, 0, 0, 0, 0, 0, 0]]}