{"name": null, "run_number": 0, "data_file_name": "", "date_iso": "2022-03-28", "author": "Jonas", "description": "ohne nina daten", "architecture": [64, 40, 40, 30, 20, 10, 11], "bias_list": [1, 1, 1, 1, 1, 1], "train_acc": 0.9588185467535816, "loss_function": "categorical_cross_entropy", "activation_functions": ["leaky_relu", "leaky_relu", "leaky_relu", "leaky_relu", "leaky_relu", "softmax"], "lr": 0.000664, "epochs": 10, "batch_size": 128, "num_samples": 135765, "scaler": {"mean": [1.0152314661363392e-05, 2.4167134386623978e-05, 4.7004912900968665e-05, 5.6104003240894095e-05, 2.9654594335800848e-05, 6.15297904467278e-05, 0.00021792593820204028, 0.00020742369535594596, 7.524451810113066e-05, -3.1962361433359328e-06, -2.6371995727912204e-05, -0.00011976948403491328, -0.00024724914374102327, -0.0003718111221596142, -0.00048215798622619976, 9.048083084742019e-05, 0.00035774788789452375, 0.0005070152763967149, 0.0005804859278901043, 0.0007672428976540344, 1.4916355467167526e-05, 3.619510183036863e-05, 8.709760984053335e-05, 0.00010078042205281187, 9.33132913490221e-05, 4.72446948771775e-05, 0.00019036330423894215, 0.0001564746215887747, 0.00010322195705815199, -5.2269310941700634e-05, -6.570191139100654e-05, -0.00025855694766692454, -0.0005304637424962252, -0.000767861606452326, -0.0009775123411777703, 7.504142452031083e-05, 0.00023858718373660377, 0.00020442309873678794, 0.00017102337863219539, 0.00016218800132582016, 6.64326004493058e-05, 7.360089124590283e-05, 4.516868854270241e-05, 5.896864434869073e-05, 3.5676499834273697e-06, 3.654041174087581e-05, 7.1461466504622e-05, 0.00010054733546937714, 0.00019361955585018228, 0.00015117595109196026, 0.03384847459949177, 0.13819354069163628, 0.29029379947703754, 0.43254732860457407, 0.5758973848488197, -0.014647720472875927, -0.01250496546237985, -0.029602061002467497, -0.012301382101425258, -0.017495228505137548, 0.08305978960704156, -0.7843002002504327, -0.07890319850476928, -0.829329334209848], "std": [0.016630055074737173, 0.035335499834037824, 0.053640125498500425, 0.07035930600825532, 0.08696623573534074, 0.026669310819152584, 0.05059101663324514, 0.06826407519745714, 0.08549032202302646, 0.10126256003269167, 0.013998192969715351, 0.03183771851453885, 0.0487772885269321, 0.06509728448462893, 0.08014619615427836, 0.024709645553988812, 0.04853880820028597, 0.06981822362216267, 0.08953379759940544, 0.10715539364215063, 0.021265025052509386, 0.049460586145570626, 0.07711177446507045, 0.1038808554662707, 0.12740936559561689, 0.04263811717521937, 0.09335881293306196, 0.13877515536776242, 0.1800733620232183, 0.22027316866074084, 0.02309995031314027, 0.05876526126653375, 0.09537409198317504, 0.1270120641134338, 0.15375989444553037, 0.04227810439115921, 0.09878592773483644, 0.15635958530538824, 0.21208065963191045, 0.2646711869828876, 0.023410150813214427, 0.05199662080137292, 0.07528702247320768, 0.09305844305571384, 0.10684780060118265, 0.02428196809855898, 0.04997078440939507, 0.06831792597060292, 0.08039830685454956, 0.0876050957528968, 7.486039570893032, 25.917204379365003, 55.06802219115899, 81.26367953741999, 104.40594177996827, 4.133250333354104, 4.829264696570928, 5.370658827287476, 6.8377929003041835, 8.002284161262672, 0.1469569268435295, 0.6242719505604084, 0.1541969925392551, 0.6121553814204888]}, "loss_hist": [0.27209080905048905, 0.1824376169537239, 0.1444989533735419, 0.13733933781116564, 0.11169507613245304, 0.10436877564960391, 0.10838064414415967, 0.11629754230646802, 0.11743823187971776, 0.10723747621322952], "acc_hist": [0.9010275107722904, 0.9430633815784628, 0.9491179611829264, 0.9511140573785586, 0.9580377858800132, 0.9590763451552314, 0.9593709718999742, 0.9563584134349795, 0.9561153463705668, 0.9588185467535816], "val_acc_hist": [0.8718888510057962, 0.9320945561995682, 0.9344527787248551, 0.9369246505284692, 0.9453346971246732, 0.9454767587225821, 0.9460165927946358, 0.9436015456301853, 0.9433174224343676, 0.9479202182066144], "f1_score_hist": [[0.9480823342976169, 0.7472879245954117, 0.7357049729931086, 0.7766923736075407, 0.4196937856499549, 0, 0.49033103900360536, 0.8749237339841366, 0, 0.6495806150978565, 0.6206225680933852], [0.9675756625918573, 0.8249269717624148, 0.7786259541984732, 0.8373969164575116, 0.8846419525673497, 0.5980611483967189, 0.8070175438596491, 0.851039260969977, 0.8204851752021562, 0.8022857142857142, 0.7588881706528766], [0.9704547139449389, 0.8109599117322545, 0.7731558513588463, 0.8752800597460791, 0.8560066973629133, 0.7287264420331239, 0.8341463414634146, 0.8744843842074249, 0.8918640576725027, 0.8523809523809524, 0.8126568162810148], [0.9714258343203512, 0.8274294373934458, 0.7947398513436248, 0.8617469327961912, 0.8906631182080283, 0.792831541218638, 0.8223072717331875, 0.8863636363636364, 0.899492385786802, 0.8511655708308429, 0.800974817221771], [0.9754101203482121, 0.8403809523809523, 0.8120094191522763, 0.8811572279474331, 0.9218932152016787, 0.8331226295828065, 0.8343767785998862, 0.8860164512338425, 0.9147609147609147, 0.8723010487353485, 0.8282399547255235], [0.9759879289263508, 0.8261992619926201, 0.7981927710843373, 0.9000983284169124, 0.9023642732049038, 0.8333333333333334, 0.8543007606787595, 0.8886310904872389, 0.9268805891635982, 0.8782287822878228, 0.8466491074041557], [0.9762007000559524, 0.8215328467153284, 0.7999248544054105, 0.9030797992718684, 0.9175996417375728, 0.8464467005076143, 0.8541423570595099, 0.8896672504378285, 0.9174406604747162, 0.8865203761755487, 0.8392067341988872], [0.974366330651296, 0.8278280125484406, 0.8117464021781408, 0.8988961609846634, 0.9348428835489834, 0.7088220295767466, 0.8402625820568926, 0.8698591549295774, 0.922440537745605, 0.8783783783783784, 0.8211370867339881], [0.974139846067401, 0.8408193948505921, 0.799925205684368, 0.9028044563964657, 0.9071085913650241, 0.82981220657277, 0.8405479452054795, 0.8752136752136753, 0.9028686462003018, 0.8314087759815242, 0.8160461601868388], [0.9757448732889221, 0.8427767354596623, 0.8165384615384614, 0.9036824485891918, 0.9306085784864137, 0.7946577629382304, 0.8876876876876876, 0.9044811320754716, 0.8868110236220471, 0.8838071693448702, 0.8140043763676149]],