{"name": null, "run_number": 0, "data_file_name": "", "date_iso": "2022-03-29", "author": "Jonas", "description": "alle daten", "architecture": [52, 40, 30, 20, 10, 4], "bias_list": [1, 1, 1, 1, 1], "train_acc": 0.8475398002739555, "loss_function": "categorical_cross_entropy", "activation_functions": ["sigmoid", "sigmoid", "sigmoid", "sigmoid", "softmax"], "lr": 0.001533, "epochs": 80, "batch_size": 256, "num_samples": 175941, "scaler": {"mean": [7.145534014243414e-05, 0.000214723731250817, 0.0002962366077264539, 0.00028962320323290205, 0.00020473225683609845, 0.0005377527466593915, 0.0007857292899324205, 0.0009979586338602145, -9.789758498587594e-05, -0.0002813267515814961, -0.0005339877061060243, -0.0009100138910202851, 0.00022351264912669582, 0.0005792480376944544, 0.0009174120983738869, 0.0013180990218311821, 0.00010581294865892545, 0.0003001874378342741, 0.00042514588981533576, 0.0004994684127065322, 0.0003244190438840292, 0.0009335439891781904, 0.001378535736411638, 0.0019132967187864113, -0.00013363630421561775, -0.0004159266913340268, -0.0007995690600826413, -0.0012652502713977982, 0.000330358193940014, 0.0008745539754804167, 0.0013460370578773566, 0.0019443878913954114, 0.00020750479422078995, 0.0005117411234447911, 0.0007435049874673896, 0.0010395394365156504, 0.00016838653866921296, 0.0004775128878430838, 0.0007466974951830443, 0.001072848193428479, 0.040515172245241295, 0.15569370814648098, 0.3255709493750745, 0.49476294283879246, -0.014382112441102414, -0.04076613622180162, -0.07670976829732694, -0.0636619687281532, 0.07296218944418868, -0.7827176576750159, -0.06406082311115659, -0.8201569928328246], "std": [0.0451672455401864, 0.07667305396123224, 0.09644837322340365, 0.11577331882617709, 0.04823251839431375, 0.0810169862297191, 0.1103593971889606, 0.1352344690646171, 0.047750888410549926, 0.07498652186571288, 0.10533130758708839, 0.12777795418109966, 0.05057434687973171, 0.07977739090553518, 0.11292171302365904, 0.14317390835328775, 0.05164281292461256, 0.08697618311692276, 0.112888519684835, 0.13685154814636621, 0.07200327557411249, 0.13061454906830514, 0.18648873303125896, 0.23707345272077518, 0.05261773179060906, 0.08885798723742322, 0.13082555160128834, 0.1633833412117642, 0.08191118447906211, 0.1417805882102565, 0.20738622077121388, 0.2703755374723751, 0.037827524758807365, 0.06878732916150937, 0.0937614933914955, 0.11443066371580439, 0.03543388578062412, 0.06536679157984299, 0.08608064733718998, 0.10145928453077022, 8.611797742106258, 24.6458371615954, 50.548251966329666, 73.85426862400588, 5.8556762426565525, 9.75107382879198, 12.41373658384884, 15.835755828950415, 0.15067176815151623, 0.5850823722634543, 0.1521215518880569, 0.5779450673972657]}, "loss_hist": [0.5625476970584788, 0.5668185271988451, 0.5762353095964563, 0.5676857981885304, 0.5553301616584017, 0.5689611632255117, 0.5542749637232496, 0.5619722058839193, 0.5549421192416388, 0.5468198506155455, 0.5528360403908901, 0.5523810594700008, 0.5580494073202524, 0.5681337592015049, 0.5598797459464427, 0.5608778107257453, 0.5559610336864075, 0.5673825395179305, 0.5632082683595953, 0.5635652648101058, 0.5405281838868633, 0.5633654399519673, 0.5664748170602364, 0.5486781292998959, 0.5607348849807197, 0.5678524018873049, 0.5508730159224344, 0.5667994630086075, 0.553887871014262, 0.545282373705565, 0.5529948642443123, 0.5544296795666407, 0.5590037917858006, 0.5464645200201526, 0.5516788840596161, 0.5395927913206022, 0.5668279090524674, 0.5743576729920533, 0.5621350980567925, 0.5526646266874213, 0.5577938494813534, 0.5572909034892265, 0.5832490949810519, 0.5516162825813403, 0.5561078186472448, 0.5595890231306755, 0.5647623144203985, 0.5545507088655505, 0.5644754138428776, 0.5586289658415226, 0.5315078835921738, 0.5567224479994075, 0.5658407868335176, 0.5553830413321376, 0.556059669580295, 0.5623128097291009, 0.5443644922719618, 0.5543941478719974, 0.5639141329796394, 0.5508189142888188, 0.5424678629622459, 0.5693285615644306, 0.5533889268559564, 0.5501447302406628, 0.5668173555847262, 0.5630415429683938, 0.5403200561667878, 0.5520854345211037, 0.5650250806360302, 0.5669531021062463, 0.5745087038544767, 0.5514960099946841, 0.5746408391930958, 0.5567918445449652, 0.5577405712930129, 0.5505888846588122, 0.5584178955923856, 0.5562267685765895, 0.5617729600572255, 0.5556826768102415], "acc_hist": [0.8475398002739555, 0.8475398002739555, 0.8475398002739555, 0.8475398002739555, 0.8475398002739555, 0.8475398002739555, 0.8475398002739555, 0.8475398002739555, 0.8475398002739555, 0.8475398002739555, 0.8475398002739555, 0.8475398002739555, 0.8475398002739555, 0.8475398002739555, 0.8475398002739555, 0.8475398002739555, 0.8475398002739555, 0.8475398002739555, 0.8475398002739555, 0.8475398002739555, 0.8475398002739555, 0.8475398002739555, 0.8475398002739555, 0.8475398002739555, 0.8475398002739555, 0.8475398002739555, 0.8475398002739555, 0.8475398002739555, 0.8475398002739555, 0.8475398002739555, 0.8475398002739555, 0.8475398002739555, 0.8475398002739555, 0.8475398002739555, 0.8475398002739555, 0.8475398002739555, 0.8475398002739555, 0.8475398002739555, 0.8475398002739555, 0.8475398002739555, 0.8475398002739555, 0.8475398002739555, 0.8475398002739555, 0.8475398002739555, 0.8475398002739555, 0.8475398002739555, 0.8475398002739555, 0.8475398002739555, 0.8475398002739555, 0.8475398002739555, 0.8475398002739555, 0.8475398002739555, 0.8475398002739555, 0.8475398002739555, 0.8475398002739555, 0.8475398002739555, 0.8475398002739555, 0.8475398002739555, 0.8475398002739555, 0.8475398002739555, 0.8475398002739555, 0.8475398002739555, 0.8475398002739555, 0.8475398002739555, 0.8475398002739555, 0.8475398002739555, 0.8475398002739555, 0.8475398002739555, 0.8475398002739555, 0.8475398002739555, 0.8475398002739555, 0.8475398002739555, 0.8475398002739555, 0.8475398002739555, 0.8475398002739555, 0.8475398002739555, 0.8475398002739555, 0.8475398002739555, 0.8475398002739555, 0.8475398002739555], "val_acc_hist": [0.8448929111289974, 0.8448929111289974, 0.8448929111289974, 0.8448929111289974, 0.8448929111289974, 0.8448929111289974, 0.8448929111289974, 0.8448929111289974, 0.8448929111289974, 0.8448929111289974, 0.8448929111289974, 0.8448929111289974, 0.8448929111289974, 0.8448929111289974, 0.8448929111289974, 0.8448929111289974, 0.8448929111289974, 0.8448929111289974, 0.8448929111289974, 0.8448929111289974, 0.8448929111289974, 0.8448929111289974, 0.8448929111289974, 0.8448929111289974, 0.8448929111289974, 0.8448929111289974, 0.8448929111289974, 0.8448929111289974, 0.8448929111289974, 0.8448929111289974, 0.8448929111289974, 0.8448929111289974, 0.8448929111289974, 0.8448929111289974, 0.8448929111289974, 0.8448929111289974, 0.8448929111289974, 0.8448929111289974, 0.8448929111289974, 0.8448929111289974, 0.8448929111289974, 0.8448929111289974, 0.8448929111289974, 0.8448929111289974, 0.8448929111289974, 0.8448929111289974, 0.8448929111289974, 0.8448929111289974, 0.8448929111289974, 0.8448929111289974, 0.8448929111289974, 0.8448929111289974, 0.8448929111289974, 0.8448929111289974, 0.8448929111289974, 0.8448929111289974, 0.8448929111289974, 0.8448929111289974, 0.8448929111289974, 0.8448929111289974, 0.8448929111289974, 0.8448929111289974, 0.8448929111289974, 0.8448929111289974, 0.8448929111289974, 0.8448929111289974, 0.8448929111289974, 0.8448929111289974, 0.8448929111289974, 0.8448929111289974, 0.8448929111289974, 0.8448929111289974, 0.8448929111289974, 0.8448929111289974, 0.8448929111289974, 0.8448929111289974, 0.8448929111289974, 0.8448929111289974, 0.8448929111289974, 0.8448929111289974],