{"name": null, "run_number": 0, "data_file_name": "", "date_iso": "2022-03-28", "author": "Jonas", "description": "ohne nina daten", "architecture": [64, 40, 40, 30, 20, 10, 11], "bias_list": [1, 1, 1, 1, 1, 1], "train_acc": 0.9237211357861009, "loss_function": "categorical_cross_entropy", "activation_functions": ["sigmoid", "sigmoid", "sigmoid", "sigmoid", "sigmoid", "softmax"], "lr": 0.002598, "epochs": 10, "batch_size": 128, "num_samples": 135765, "scaler": {"mean": [1.0152314661363392e-05, 2.4167134386623978e-05, 4.7004912900968665e-05, 5.6104003240894095e-05, 2.9654594335800848e-05, 6.15297904467278e-05, 0.00021792593820204028, 0.00020742369535594596, 7.524451810113066e-05, -3.1962361433359328e-06, -2.6371995727912204e-05, -0.00011976948403491328, -0.00024724914374102327, -0.0003718111221596142, -0.00048215798622619976, 9.048083084742019e-05, 0.00035774788789452375, 0.0005070152763967149, 0.0005804859278901043, 0.0007672428976540344, 1.4916355467167526e-05, 3.619510183036863e-05, 8.709760984053335e-05, 0.00010078042205281187, 9.33132913490221e-05, 4.72446948771775e-05, 0.00019036330423894215, 0.0001564746215887747, 0.00010322195705815199, -5.2269310941700634e-05, -6.570191139100654e-05, -0.00025855694766692454, -0.0005304637424962252, -0.000767861606452326, -0.0009775123411777703, 7.504142452031083e-05, 0.00023858718373660377, 0.00020442309873678794, 0.00017102337863219539, 0.00016218800132582016, 6.64326004493058e-05, 7.360089124590283e-05, 4.516868854270241e-05, 5.896864434869073e-05, 3.5676499834273697e-06, 3.654041174087581e-05, 7.1461466504622e-05, 0.00010054733546937714, 0.00019361955585018228, 0.00015117595109196026, 0.03384847459949177, 0.13819354069163628, 0.29029379947703754, 0.43254732860457407, 0.5758973848488197, -0.014647720472875927, -0.01250496546237985, -0.029602061002467497, -0.012301382101425258, -0.017495228505137548, 0.08305978960704156, -0.7843002002504327, -0.07890319850476928, -0.829329334209848], "std": [0.016630055074737173, 0.035335499834037824, 0.053640125498500425, 0.07035930600825532, 0.08696623573534074, 0.026669310819152584, 0.05059101663324514, 0.06826407519745714, 0.08549032202302646, 0.10126256003269167, 0.013998192969715351, 0.03183771851453885, 0.0487772885269321, 0.06509728448462893, 0.08014619615427836, 0.024709645553988812, 0.04853880820028597, 0.06981822362216267, 0.08953379759940544, 0.10715539364215063, 0.021265025052509386, 0.049460586145570626, 0.07711177446507045, 0.1038808554662707, 0.12740936559561689, 0.04263811717521937, 0.09335881293306196, 0.13877515536776242, 0.1800733620232183, 0.22027316866074084, 0.02309995031314027, 0.05876526126653375, 0.09537409198317504, 0.1270120641134338, 0.15375989444553037, 0.04227810439115921, 0.09878592773483644, 0.15635958530538824, 0.21208065963191045, 0.2646711869828876, 0.023410150813214427, 0.05199662080137292, 0.07528702247320768, 0.09305844305571384, 0.10684780060118265, 0.02428196809855898, 0.04997078440939507, 0.06831792597060292, 0.08039830685454956, 0.0876050957528968, 7.486039570893032, 25.917204379365003, 55.06802219115899, 81.26367953741999, 104.40594177996827, 4.133250333354104, 4.829264696570928, 5.370658827287476, 6.8377929003041835, 8.002284161262672, 0.1469569268435295, 0.6242719505604084, 0.1541969925392551, 0.6121553814204888]}, "loss_hist": [0.5573767446832054, 0.4725641538734932, 0.4172815186207555, 0.417413640859991, 0.38184737850386835, 0.34331584369192736, 0.2976531158739507, 0.2538512313869298, 0.22800264884044555, 0.20654570637665634], "acc_hist": [0.8535852392000884, 0.8315103303502376, 0.8552277833020292, 0.8536147018745627, 0.8596250874673148, 0.8588664235996023, 0.8754833720030936, 0.9075313961624867, 0.9193901226383825, 0.9237211357861009], "val_acc_hist": [0.8386748494147063, 0.7950051142175247, 0.8213149221502444, 0.8130469371519491, 0.8184452778724856, 0.8155756335947266, 0.838447550858052, 0.8838220252301398, 0.8947891805887033, 0.8997045118763496], "f1_score_hist": [[0.9346901579586876, 0, 0.34698220822337617, 0, 0, 0, 0, 0, 0, 0, 0], [0.9443700298597792, 0, 0.3875983341045812, 0.4105603448275862, 0, 0, 0, 0, 0, 0, 0.04323518449496831], [0.9476615589606928, 0, 0.38590665928795426, 0.5711781645173407, 0, 0, 0, 0, 0, 0, 0.49544398785063426], [0.9387912898063402, 0.5321446939825132, 0.391122666914291, 0.6486150445534296, 0, 0, 0, 0, 0.22701475595913737, 0, 0.5278857452770496], [0.9393517580016668, 0.5547792062604807, 0.43149241146711637, 0.6692706483914495, 0.06443914081145585, 0, 0, 0, 0.3937138130686518, 0, 0.6054988544053322], [0.9375132693393563, 0.5396173109027868, 0.43980840872804683, 0.7146401985111662, 0.07990690457719161, 0, 0, 0.046511627906976744, 0.39330143540669854, 0, 0.6170655567117586], [0.9475641369446679, 0.5720048406615571, 0.4960960960960961, 0.768703038222803, 0.06682769726247988, 0.09756097560975609, 0, 0.013953488372093025, 0.3730141458106637, 0, 0.6285714285714286], [0.9606345009914078, 0.6519370460048426, 0.513601127554616, 0.8347702426450982, 0.6736741519350216, 0.43385373870172556, 0, 0.031512605042016806, 0.4806158922188617, 0, 0.7328395061728394], [0.9631515087571219, 0.728345129760701, 0.6184191012902268, 0.8382838283828383, 0.8588112617309698, 0.5438202247191012, 0, 0.011363636363636364, 0.4911192557090499, 0.1492537313432836, 0.7480781348456207], [0.9649107386148883, 0.774340949033392, 0.6056701030927836, 0.8775072301520664, 0.8894645941278065, 0.689727463312369, 0, 0.01671891327063741, 0.4858569051580698, 0.09828571428571428, 0.7592734714760808]], "f1_score_val_hist": [[0.9325628671586125, 0, 0.21773288439955105, 0, 0, 0, 0, 0, 0, 0, 0], [0.9323473498787868, 0, 0.2416899658278969, 0.29896526237989657, 0, 0, 0, 0, 0, 0, 0.057846813069094796], [0.9348158975429804, 0, 0.24073506891271054, 0.46292641669016077, 0, 0, 0, 0, 0, 0, 0.46807313642756676], [0.9228246495636075, 0.4389880952380952, 0.2452771755961598, 0.5341416719846841, 0, 0, 0, 0, 0.18996415770609315, 0, 0.4902349278233796], [0.922397186434088, 0.4390532544378698, 0.27725631768953063, 0.5503749592435605, 0.10305343511450382, 0, 0, 0, 0.3184, 0, 0.5752598055648676], [0.9189898559977301, 0.4091149973502914, 0.2865583456425407, 0.6002844950213372, 0.10710987996306556, 0, 0, 0.039900249376558596, 0.329794762915782, 0, 0.5833887043189369], [0.9331001311762133, 0.4292035398230088, 0.3399383531483928, 0.6779388083735909, 0.11406844106463879, 0.09885931558935362, 0, 0.00588235294117647, 0.31387319522912743, 0, 0.6090506975161619], [0.9498978031981589, 0.5087833441769681, 0.40355753196220123, 0.7979077508321445, 0.7371461582900057, 0.3955431754874652, 0, 0.011142061281337047, 0.40880503144654085, 0, 0.7004716981132075], [0.9520871889779972, 0.5958747135217723, 0.5185185185185186, 0.8020735155513666, 0.8018912529550828, 0.4640371229698376, 0, 0, 0.40851735015772866, 0.0979020979020979, 0.7049247049247048], [0.9535134764654478, 0.632768361581921, 0.47542997542997545, 0.8533872598584429, 0.8441814595660749, 0.6373239436619719, 0, 0, 0.4103773584905661, 0.14838709677419354, 0.7393989296006588]]}