{"name": null, "run_number": 0, "data_file_name": "", "date_iso": "2022-03-29", "author": "Jonas", "description": "alle daten", "architecture": [52, 40, 30, 20, 10, 4], "bias_list": [1, 1, 1, 1, 1], "train_acc": 0.013106666439317726, "loss_function": "categorical_cross_entropy", "activation_functions": ["leaky_relu", "leaky_relu", "leaky_relu", "leaky_relu", "softmax"], "lr": 0.001201, "epochs": 80, "batch_size": 512, "num_samples": 175941, "scaler": {"mean": [7.145534014243414e-05, 0.000214723731250817, 0.0002962366077264539, 0.00028962320323290205, 0.00020473225683609845, 0.0005377527466593915, 0.0007857292899324205, 0.0009979586338602145, -9.789758498587594e-05, -0.0002813267515814961, -0.0005339877061060243, -0.0009100138910202851, 0.00022351264912669582, 0.0005792480376944544, 0.0009174120983738869, 0.0013180990218311821, 0.00010581294865892545, 0.0003001874378342741, 0.00042514588981533576, 0.0004994684127065322, 0.0003244190438840292, 0.0009335439891781904, 0.001378535736411638, 0.0019132967187864113, -0.00013363630421561775, -0.0004159266913340268, -0.0007995690600826413, -0.0012652502713977982, 0.000330358193940014, 0.0008745539754804167, 0.0013460370578773566, 0.0019443878913954114, 0.00020750479422078995, 0.0005117411234447911, 0.0007435049874673896, 0.0010395394365156504, 0.00016838653866921296, 0.0004775128878430838, 0.0007466974951830443, 0.001072848193428479, 0.040515172245241295, 0.15569370814648098, 0.3255709493750745, 0.49476294283879246, -0.014382112441102414, -0.04076613622180162, -0.07670976829732694, -0.0636619687281532, 0.07296218944418868, -0.7827176576750159, -0.06406082311115659, -0.8201569928328246], "std": [0.0451672455401864, 0.07667305396123224, 0.09644837322340365, 0.11577331882617709, 0.04823251839431375, 0.0810169862297191, 0.1103593971889606, 0.1352344690646171, 0.047750888410549926, 0.07498652186571288, 0.10533130758708839, 0.12777795418109966, 0.05057434687973171, 0.07977739090553518, 0.11292171302365904, 0.14317390835328775, 0.05164281292461256, 0.08697618311692276, 0.112888519684835, 0.13685154814636621, 0.07200327557411249, 0.13061454906830514, 0.18648873303125896, 0.23707345272077518, 0.05261773179060906, 0.08885798723742322, 0.13082555160128834, 0.1633833412117642, 0.08191118447906211, 0.1417805882102565, 0.20738622077121388, 0.2703755374723751, 0.037827524758807365, 0.06878732916150937, 0.0937614933914955, 0.11443066371580439, 0.03543388578062412, 0.06536679157984299, 0.08608064733718998, 0.10145928453077022, 8.611797742106258, 24.6458371615954, 50.548251966329666, 73.85426862400588, 5.8556762426565525, 9.75107382879198, 12.41373658384884, 15.835755828950415, 0.15067176815151623, 0.5850823722634543, 0.1521215518880569, 0.5779450673972657]}, "loss_hist": [12.94846320009705, 18.456870861278478, 1.755967621052875, 1.8632319203491805, 18.567794077174835, 18.215625680532597, 2.037103621267209, 18.681673826617793, 2.102143286685702, 2.1258159970774257, 18.577754985059528, 2.166667503025865, 2.18367882590806, 18.221224583445046, 2.2175790124115062, 18.221225955874, 2.246031542983723, 18.582502769635, 2.2712548590948534, 18.222398818636208, 18.22230406357758, 18.58412255457119, 2.3072970886740345, 2.314708410842241, 2.320253337635395, 2.3269666532948294, 2.334151565182254, 2.342749884886781, 18.686249335524966, 18.22009751632375, 2.3630089626588373, 18.222565846698497, 2.375376860172796, 18.222061000547917, 2.386212702663063, 18.222701562699676, 2.3949287787590285, 2.3992868366653632, 18.686639981764053, 2.407178451354158, 2.4127144799705036, 18.222330215224787, 2.4204883015604373, 2.4251996043146686, 18.588713238528317, 18.222183947075465, 18.222100715397836, 2.4421606894541177, 2.444869751663892, 2.4482855257926257, 2.4521724410995502, 18.221987461634903, 2.458532848026228, 18.222451735564114, 2.465128835344634, 2.4690157409308164, 18.22267932107205, 18.686406242403887, 2.476082859758986, 18.686523997314218, 18.222683632011965, 18.222568543604474, 18.222277985853125, 18.685694358985124, 2.494928509887967, 18.68639099960822, 18.59170501910851, 18.686224210606685, 18.222331215318174, 18.222330370485583, 18.59229394567585, 18.59241173098932, 18.686524979004734, 2.5181322166430684, 2.5210768494779554, 18.22280141732543, 18.222464821888117, 18.222683632011965, 2.5281439682860603, 18.686639981764053], "acc_hist": [0.09118397644664973, 0.014516229872514082, 0.829931624806043, 0.8246912317197242, 0.01854030612534884, 0.03558010924116607, 0.8165123535730728, 0.013208973462694881, 0.8133863056365486, 0.8122438772088371, 0.018239068778738328, 0.8102773088705874, 0.8094418015130072, 0.03552327200595654, 0.8078048891389727, 0.03553463945299845, 0.806440795493944, 0.01807424079663069, 0.805230162383981, 0.035494853388351774, 0.035494853388351774, 0.018028771008463066, 0.8034909429865693, 0.8031328684047493, 0.8028657333992645, 0.8025417611585702, 0.8021950540237921, 0.8017801422067625, 0.013112350162838678, 0.03556305807060321, 0.8008025417611586, 0.03550053711187273, 0.8002057507914585, 0.035511904558914634, 0.7996828482275308, 0.03548916966483082, 0.7992622526869803, 0.799051954916705, 0.013106666439317726, 0.7986711454408012, 0.7984040104353164, 0.035494853388351774, 0.7980288846829335, 0.7978015357420953, 0.017824156961708755, 0.03551758828243559, 0.03551758828243559, 0.7969830795550781, 0.7968523539140963, 0.7966875259319885, 0.7964999630557971, 0.03551758828243559, 0.7961930419856657, 0.03550622083539368, 0.7958747534684922, 0.7956871905923009, 0.035494853388351774, 0.013118033886359633, 0.7953461671810437, 0.013112350162838678, 0.035494853388351774, 0.03550053711187273, 0.03550622083539368, 0.013146452503964397, 0.7944367714176912, 0.013118033886359633, 0.017687747597205882, 0.013112350162838678, 0.035511904558914634, 0.035511904558914634, 0.017659328979601117, 0.017653645256080163, 0.013112350162838678, 0.7933170778840634, 0.7931749847960395, 0.03548916966483082, 0.03550053711187273, 0.035494853388351774, 0.7928339613847823, 0.013106666439317726], "val_acc_hist": [0.07616953611182002, 0.014075659121694575, 0.8247315416478533, 0.8200789179214354, 0.012858517049804669, 0.03421739727909853, 0.8141306268281671, 0.01260330984118259, 0.8114411354757651, 0.8107736704685997, 0.012858517049804669, 0.8093602151593082, 0.8088694320658042, 0.03409960933665757, 0.8074167141090324, 0.03413887198413789, 0.8064547792457646, 0.01276036043110387, 0.8056891576198983, 0.03411924066039773, 0.03411924066039773, 0.01276036043110387, 0.8041382830444257, 0.8038830758358037, 0.803568974655961, 0.8032745047998586, 0.8029015096487956, 0.802469620526512, 0.012564047193702271, 0.03413887198413789, 0.8015469483107246, 0.034079978012917414, 0.8011346905121812, 0.034079978012917414, 0.8005457507999765, 0.034079978012917414, 0.8001923869726536, 0.7999764424115118, 0.012564047193702271, 0.7995838159367086, 0.7992893460806062, 0.034079978012917414, 0.7988574569583227, 0.7986611437209211, 0.01270146645988339, 0.034079978012917414, 0.034079978012917414, 0.7981507293036769, 0.7979740473900155, 0.7978562594475745, 0.7978366281238344, 0.03409960933665757, 0.7975617895914722, 0.034079978012917414, 0.797169163116669, 0.7970710064979681, 0.03409960933665757, 0.012564047193702271, 0.7966194860519444, 0.012564047193702271, 0.03411924066039773, 0.03409960933665757, 0.03411924066039773, 0.012564047193702271, 0.7961090716347003, 0.012564047193702271, 0.01270146645988339, 0.012564047193702271, 0.03411924066039773, 0.03411924066039773, 0.01272109778362355, 0.01272109778362355, 0.012564047193702271, 0.7952452933901333, 0.7950882428002121, 0.03409960933665757, 0.03411924066039773, 0.03409960933665757, 0.7947348789728892, 0.012564047193702271],