{"name": null, "run_number": 0, "data_file_name": "", "date_iso": "2022-03-28", "author": "Jonas", "description": "ohne nina daten", "architecture": [64, 40, 40, 30, 20, 10, 11], "bias_list": [1, 1, 1, 1, 1, 1], "train_acc": 0.8355835450963062, "loss_function": "categorical_cross_entropy", "activation_functions": ["sigmoid", "sigmoid", "sigmoid", "sigmoid", "sigmoid", "softmax"], "lr": 0.000781, "epochs": 10, "batch_size": 128, "num_samples": 135765, "scaler": {"mean": [1.0152314661363392e-05, 2.4167134386623978e-05, 4.7004912900968665e-05, 5.6104003240894095e-05, 2.9654594335800848e-05, 6.15297904467278e-05, 0.00021792593820204028, 0.00020742369535594596, 7.524451810113066e-05, -3.1962361433359328e-06, -2.6371995727912204e-05, -0.00011976948403491328, -0.00024724914374102327, -0.0003718111221596142, -0.00048215798622619976, 9.048083084742019e-05, 0.00035774788789452375, 0.0005070152763967149, 0.0005804859278901043, 0.0007672428976540344, 1.4916355467167526e-05, 3.619510183036863e-05, 8.709760984053335e-05, 0.00010078042205281187, 9.33132913490221e-05, 4.72446948771775e-05, 0.00019036330423894215, 0.0001564746215887747, 0.00010322195705815199, -5.2269310941700634e-05, -6.570191139100654e-05, -0.00025855694766692454, -0.0005304637424962252, -0.000767861606452326, -0.0009775123411777703, 7.504142452031083e-05, 0.00023858718373660377, 0.00020442309873678794, 0.00017102337863219539, 0.00016218800132582016, 6.64326004493058e-05, 7.360089124590283e-05, 4.516868854270241e-05, 5.896864434869073e-05, 3.5676499834273697e-06, 3.654041174087581e-05, 7.1461466504622e-05, 0.00010054733546937714, 0.00019361955585018228, 0.00015117595109196026, 0.03384847459949177, 0.13819354069163628, 0.29029379947703754, 0.43254732860457407, 0.5758973848488197, -0.014647720472875927, -0.01250496546237985, -0.029602061002467497, -0.012301382101425258, -0.017495228505137548, 0.08305978960704156, -0.7843002002504327, -0.07890319850476928, -0.829329334209848], "std": [0.016630055074737173, 0.035335499834037824, 0.053640125498500425, 0.07035930600825532, 0.08696623573534074, 0.026669310819152584, 0.05059101663324514, 0.06826407519745714, 0.08549032202302646, 0.10126256003269167, 0.013998192969715351, 0.03183771851453885, 0.0487772885269321, 0.06509728448462893, 0.08014619615427836, 0.024709645553988812, 0.04853880820028597, 0.06981822362216267, 0.08953379759940544, 0.10715539364215063, 0.021265025052509386, 0.049460586145570626, 0.07711177446507045, 0.1038808554662707, 0.12740936559561689, 0.04263811717521937, 0.09335881293306196, 0.13877515536776242, 0.1800733620232183, 0.22027316866074084, 0.02309995031314027, 0.05876526126653375, 0.09537409198317504, 0.1270120641134338, 0.15375989444553037, 0.04227810439115921, 0.09878592773483644, 0.15635958530538824, 0.21208065963191045, 0.2646711869828876, 0.023410150813214427, 0.05199662080137292, 0.07528702247320768, 0.09305844305571384, 0.10684780060118265, 0.02428196809855898, 0.04997078440939507, 0.06831792597060292, 0.08039830685454956, 0.0876050957528968, 7.486039570893032, 25.917204379365003, 55.06802219115899, 81.26367953741999, 104.40594177996827, 4.133250333354104, 4.829264696570928, 5.370658827287476, 6.8377929003041835, 8.002284161262672, 0.1469569268435295, 0.6242719505604084, 0.1541969925392551, 0.6121553814204888]}, "loss_hist": [0.8519088758894114, 0.8439532241033793, 0.8340177206210636, 0.623310311155504, 0.5471438693737711, 0.5125659229366561, 0.4882288759597701, 0.4767737690781427, 0.4850332552393582, 0.4460341715103578], "acc_hist": [0.8647073988141274, 0.8467572643906751, 0.8476927043052334, 0.8506684344271351, 0.8295510624976983, 0.8161234486060472, 0.8221043715243251, 0.8252053180127427, 0.8213530733252311, 0.8355835450963062], "val_acc_hist": [0.8648141834299352, 0.8324525514262985, 0.8333901579724968, 0.8349244232299124, 0.8026196158654393, 0.7765655188089555, 0.7850323900443232, 0.7886123423116264, 0.7833844755085805, 0.8028185021025116], "f1_score_hist": [[0.9274456672012388, 0, 0, 0, 0, 0, 0, 0, 0, 0, 0], [0.9302143896842954, 0, 0.30362873364601334, 0, 0, 0, 0, 0, 0, 0, 0], [0.9314172774437948, 0, 0.31772709083633455, 0, 0, 0, 0, 0, 0, 0, 0], [0.9332532509472073, 0, 0.33604954367666234, 0, 0, 0, 0, 0, 0, 0, 0], [0.9335676745906512, 0, 0.36729174179588886, 0.1878692398582119, 0, 0, 0, 0, 0, 0, 0], [0.9360647995508944, 0, 0.3769251799872414, 0.297729659852953, 0, 0, 0, 0, 0, 0, 0], [0.9404918625355332, 0, 0.3949644435902364, 0.32570093457943927, 0, 0, 0, 0, 0, 0, 0], [0.9416510293862014, 0, 0.39724718027145867, 0.3410112802713576, 0, 0, 0, 0, 0, 0, 0], [0.9384482534910046, 0, 0.3785097192224622, 0.354879098521011, 0, 0, 0, 0, 0, 0, 0], [0.9458517993263604, 0, 0.42851256695508855, 0.41197268368285955, 0.013026819923371647, 0, 0, 0, 0, 0, 0.1148526758869513]], "f1_score_val_hist": [[0.9275070847426639, 0, 0, 0, 0, 0, 0, 0, 0, 0, 0], [0.9275785220695516, 0, 0.20294599018003276, 0, 0, 0, 0, 0, 0, 0, 0], [0.9290883707495546, 0, 0.20591397849462367, 0, 0, 0, 0, 0, 0, 0, 0], [0.9303109057657137, 0, 0.21118012422360247, 0, 0, 0, 0, 0, 0, 0, 0], [0.9266986612781004, 0, 0.23518575376112988, 0.16381933068102034, 0, 0, 0, 0, 0, 0, 0], [0.9208285143518031, 0, 0.24082140634723082, 0.2022607385079126, 0, 0, 0, 0, 0, 0, 0], [0.9266159363246742, 0, 0.25763166722576314, 0.2248485743832176, 0, 0, 0, 0, 0, 0, 0], [0.9292092616863259, 0, 0.2582159624413146, 0.23375074537865234, 0, 0, 0, 0, 0, 0, 0], [0.9255769062033868, 0, 0.24327704815509696, 0.24093879976232918, 0, 0, 0, 0, 0, 0, 0], [0.9353532896679929, 0, 0.2811478387213948, 0.308235294117647, 0.02316602316602317, 0, 0, 0, 0, 0, 0.13421633554083887]]}