{"name": null, "run_number": 0, "data_file_name": "test", "date_iso": "2022-03-31", "author": "Nina", "description": "test", "architecture": [1, 1], "bias_list": [1], "train_acc": 0.4532669205977146, "loss_function": "cross_entropy", "activation_functions": ["sigmoid"], "lr": 0.1, "epochs": 10, "batch_size": 64, "num_samples": 3413, "scaler": {"mean": [0.02538592130102554], "std": [0.025850688232078332]}, "loss_hist": [0.1820281256224397, 0.1559928542889191, 0.15025479092722083, 0.14794950318847733, 0.148710258732386, 0.14920487964901052, 0.14858893887736435, 0.14758659924929365, 0.14734662983399338, 0.14744069120882417], "acc_hist": [0.4532669205977146, 0.4532669205977146, 0.4532669205977146, 0.4532669205977146, 0.4532669205977146, 0.4532669205977146, 0.4532669205977146, 0.4532669205977146, 0.4532669205977146, 0.4532669205977146], "val_acc_hist": [0.5408245755860954, 0.5408245755860954, 0.5408245755860954, 0.5408245755860954, 0.5408245755860954, 0.5408245755860954, 0.5408245755860954, 0.5408245755860954, 0.5408245755860954, 0.5408245755860954], "f1_score_hist": [[1.0], [1.0], [1.0], [1.0], [1.0], [1.0], [1.0], [1.0], [1.0], [1.0]], "f1_score_val_hist": [[1.0], [1.0], [1.0], [1.0], [1.0], [1.0], [1.0], [1.0], [1.0], [1.0]]}