{"name": null, "run_number": 0, "data_file_name": "", "date_iso": "2022-03-29", "author": "Jonas", "description": "alle daten", "architecture": [88, 40, 30, 20, 10, 4], "bias_list": [1, 1, 1, 1, 1], "train_acc": 0.03554600690004035, "loss_function": "categorical_cross_entropy", "activation_functions": ["leaky_relu", "leaky_relu", "leaky_relu", "leaky_relu", "softmax"], "lr": 0.00074, "epochs": 80, "batch_size": 128, "num_samples": 175941, "scaler": {"mean": [7.145534014243414e-05, 0.00015188284709078615, 0.000214723731250817, 0.0002780036944202885, 0.0002962366077264539, 0.0002944427677460057, 0.00028962320323290205, 0.00020473225683609845, 0.0003608069239119932, 0.0005377527466593915, 0.0006501765762386252, 0.0007857292899324205, 0.0009012432804178675, 0.0009979586338602145, -9.789758498587594e-05, -0.0001795123876754139, -0.0002813267515814961, -0.00037839284191859774, -0.0005339877061060243, -0.000720110355175883, -0.0009100138910202851, 0.00022351264912669582, 0.0003902637702411603, 0.0005792480376944544, 0.0007153538856775852, 0.0009174120983738869, 0.0011376020597814041, 0.0013180990218311821, 0.00010581294865892545, 0.00021432892276388105, 0.0003001874378342741, 0.00038553436095054597, 0.00042514588981533576, 0.0004550345115692193, 0.0004994684127065322, 0.0003244190438840292, 0.0006064581194832358, 0.0009335439891781904, 0.001123684792060975, 0.001378535736411638, 0.0016633545393057898, 0.0019132967187864113, -0.00013363630421561775, -0.0002591063254159065, -0.0004159266913340268, -0.000583461035233402, -0.0007995690600826413, -0.0010368944987240042, -0.0012652502713977982, 0.000330358193940014, 0.0005855559477324785, 0.0008745539754804167, 0.0010711527841719669, 0.0013460370578773566, 0.001672738179276007, 0.0019443878913954114, 0.00020750479422078995, 0.0003699206779545416, 0.0005117411234447911, 0.0006160933210564905, 0.0007435049874673896, 0.0008991750075309337, 0.0010395394365156504, 0.00016838653866921296, 0.00032844751365514576, 0.0004775128878430838, 0.000594594335601139, 0.0007466974951830443, 0.0009195866341557683, 0.001072848193428479, 0.040515172245241295, 0.09692923119682163, 0.15569370814648098, 0.22847461780937925, 0.3255709493750745, 0.4151091443722612, 0.49476294283879246, -0.014382112441102414, -0.02442647080555414, -0.04076613622180162, -0.05944004211639129, -0.07670976829732694, -0.08517764038512912, -0.0636619687281532, 0.07296218944418868, -0.7827176576750159, -0.06406082311115659, -0.8201569928328246], "std": [0.0451672455401864, 0.0625532377285708, 0.07667305396123224, 0.08790443639159082, 0.09644837322340365, 0.10483777630404302, 0.11577331882617709, 0.04823251839431375, 0.06610009886981674, 0.0810169862297191, 0.09506358411700096, 0.1103593971889606, 0.12333811400700509, 0.1352344690646171, 0.047750888410549926, 0.06318205222643646, 0.07498652186571288, 0.0880514852449283, 0.10533130758708839, 0.11844201066594649, 0.12777795418109966, 0.05057434687973171, 0.06679377659365292, 0.07977739090553518, 0.09287344170556654, 0.11292171302365904, 0.12883317101675004, 0.14317390835328775, 0.05164281292461256, 0.07155984438218285, 0.08697618311692276, 0.1008894062805279, 0.112888519684835, 0.12332182733042706, 0.13685154814636621, 0.07200327557411249, 0.1027839720026151, 0.13061454906830514, 0.1563005628432518, 0.18648873303125896, 0.2135731535669627, 0.23707345272077518, 0.05261773179060906, 0.07167971131077247, 0.08885798723742322, 0.10829081194213518, 0.13082555160128834, 0.14919122791631678, 0.1633833412117642, 0.08191118447906211, 0.11343738438934488, 0.1417805882102565, 0.16959219239735698, 0.20738622077121388, 0.24073929698887536, 0.2703755374723751, 0.037827524758807365, 0.05488302656436688, 0.06878732916150937, 0.080360709945612, 0.0937614933914955, 0.10495889609010804, 0.11443066371580439, 0.03543388578062412, 0.0528215540247205, 0.06536679157984299, 0.07564781477766645, 0.08608064733718998, 0.09442187460550154, 0.10145928453077022, 8.611797742106258, 15.52751756492073, 24.6458371615954, 38.85041412569495, 50.548251966329666, 62.46294043169944, 73.85426862400588, 5.8556762426565525, 7.914665615135746, 9.75107382879198, 10.946751072651137, 12.41373658384884, 14.063673265039137, 15.835755828950415, 0.15067176815151623, 0.5850823722634543, 0.1521215518880569, 0.5779450673972657]}, "loss_hist": [1.4586829644914414, 1.5000828968141846, 18.66928237388559, 18.209123623324533, 1.5287506970131701, 18.212957256998116, 1.5296797413417822, 18.217391705730556, 1.5294562116741865, 1.5282645229788263, 1.529206812406962, 18.68229074095365, 1.528735604567271, 18.678988339598117, 18.21493476161561, 18.570618720943415, 1.5270866228080877, 1.5266154507132852, 1.52602652131354, 1.5259087368526143, 1.5262620938587275, 1.5266154478644638, 18.220247797569684, 18.217438576454352, 18.57048074855467, 18.220195156767172, 18.68648722389218, 1.5267332331775965, 1.52720437443147, 18.221118609413125, 1.528028871625749, 18.57156373050541, 1.5269688038047817, 18.220997008249075, 18.68640441113735, 1.5274399450584069, 1.528028871625749, 18.57156373050541, 18.221383067109812, 1.5276755156853437, 1.5279110863122805, 1.527793300998812, 1.5275577303718753, 18.685934756078236, 1.528617798193091, 18.57155667024892, 1.5288533688200279, 1.5289711541334963, 1.5289711541334963, 18.22056640013253, 18.221416530832272, 1.5294422953873699, 18.220830741490833, 1.5302667925816489, 1.5305023632085857, 1.5302667925816489, 18.686522196450582, 1.5303845778951173, 1.5303845778951173, 1.5302667925816489, 18.22162356419075, 18.57132214132205, 1.5302667925816489, 18.221741349504217, 1.5295600807008385, 1.5294422953873699, 18.221725129698406, 18.571681515818877, 1.529206724760433, 18.571681515818877, 1.5295600807008385, 1.5297956513277753, 1.5296778660143069, 18.686286625823648, 1.5303845778951173, 1.5307379338355225, 18.221859134817684, 18.6862866258282, 18.57144605076177, 18.22162356419075], "acc_hist": [0.844328496484617, 0.8424528677227024, 0.013817131879436857, 0.03606322574044708, 0.841060355460069, 0.0358188256290461, 0.8410148856719014, 0.03560852785877084, 0.8410262531189433, 0.8410830903541529, 0.8410376205659852, 0.013197606015652974, 0.841060355460069, 0.013424954956491096, 0.03581314190552515, 0.01867671548985171, 0.8411399275893623, 0.8411626624834462, 0.8411910811010509, 0.8411967648245718, 0.841179713654009, 0.8411626624834462, 0.03558579296468702, 0.03568809998806418, 0.01869376666041457, 0.03560284413524988, 0.013112350162838678, 0.8411569787599252, 0.8411342438658413, 0.03556305807060321, 0.8410944578011947, 0.01865966431928885, 0.8411456113128833, 0.03557442551764512, 0.013118033886359633, 0.8411228764187995, 0.8410944578011947, 0.01865966431928885, 0.03555737434708226, 0.8411115089717576, 0.8411001415247157, 0.8411058252482366, 0.8411171926952785, 0.013140768780443445, 0.8410660391835899, 0.01865966431928885, 0.841054671736548, 0.8410489880130271, 0.8410489880130271, 0.03559716041172893, 0.03555169062356131, 0.8410262531189433, 0.03558010924116607, 0.8409864670542966, 0.8409750996072547, 0.8409864670542966, 0.013112350162838678, 0.8409807833307756, 0.8409807833307756, 0.8409864670542966, 0.03554600690004035, 0.018671031766330757, 0.8409864670542966, 0.0355403231765194, 0.8410205693954224, 0.8410262531189433, 0.0355403231765194, 0.0186539805957679, 0.8410376205659852, 0.0186539805957679, 0.8410205693954224, 0.8410092019483805, 0.8410148856719014, 0.013123717609880585, 0.8409807833307756, 0.8409637321602128, 0.03553463945299845, 0.013123717609880585, 0.018665348042809806, 0.03554600690004035],