{"name": null, "run_number": 0, "data_file_name": "", "date_iso": "2022-03-28", "author": "Jonas", "description": "ohne nina daten", "architecture": [64, 40, 40, 30, 20, 10, 11], "bias_list": [1, 1, 1, 1, 1, 1], "train_acc": 0.9617942768754834, "loss_function": "categorical_cross_entropy", "activation_functions": ["leaky_relu", "leaky_relu", "leaky_relu", "leaky_relu", "leaky_relu", "softmax"], "lr": 0.000528, "epochs": 10, "batch_size": 64, "num_samples": 135765, "scaler": {"mean": [1.0152314661363392e-05, 2.4167134386623978e-05, 4.7004912900968665e-05, 5.6104003240894095e-05, 2.9654594335800848e-05, 6.15297904467278e-05, 0.00021792593820204028, 0.00020742369535594596, 7.524451810113066e-05, -3.1962361433359328e-06, -2.6371995727912204e-05, -0.00011976948403491328, -0.00024724914374102327, -0.0003718111221596142, -0.00048215798622619976, 9.048083084742019e-05, 0.00035774788789452375, 0.0005070152763967149, 0.0005804859278901043, 0.0007672428976540344, 1.4916355467167526e-05, 3.619510183036863e-05, 8.709760984053335e-05, 0.00010078042205281187, 9.33132913490221e-05, 4.72446948771775e-05, 0.00019036330423894215, 0.0001564746215887747, 0.00010322195705815199, -5.2269310941700634e-05, -6.570191139100654e-05, -0.00025855694766692454, -0.0005304637424962252, -0.000767861606452326, -0.0009775123411777703, 7.504142452031083e-05, 0.00023858718373660377, 0.00020442309873678794, 0.00017102337863219539, 0.00016218800132582016, 6.64326004493058e-05, 7.360089124590283e-05, 4.516868854270241e-05, 5.896864434869073e-05, 3.5676499834273697e-06, 3.654041174087581e-05, 7.1461466504622e-05, 0.00010054733546937714, 0.00019361955585018228, 0.00015117595109196026, 0.03384847459949177, 0.13819354069163628, 0.29029379947703754, 0.43254732860457407, 0.5758973848488197, -0.014647720472875927, -0.01250496546237985, -0.029602061002467497, -0.012301382101425258, -0.017495228505137548, 0.08305978960704156, -0.7843002002504327, -0.07890319850476928, -0.829329334209848], "std": [0.016630055074737173, 0.035335499834037824, 0.053640125498500425, 0.07035930600825532, 0.08696623573534074, 0.026669310819152584, 0.05059101663324514, 0.06826407519745714, 0.08549032202302646, 0.10126256003269167, 0.013998192969715351, 0.03183771851453885, 0.0487772885269321, 0.06509728448462893, 0.08014619615427836, 0.024709645553988812, 0.04853880820028597, 0.06981822362216267, 0.08953379759940544, 0.10715539364215063, 0.021265025052509386, 0.049460586145570626, 0.07711177446507045, 0.1038808554662707, 0.12740936559561689, 0.04263811717521937, 0.09335881293306196, 0.13877515536776242, 0.1800733620232183, 0.22027316866074084, 0.02309995031314027, 0.05876526126653375, 0.09537409198317504, 0.1270120641134338, 0.15375989444553037, 0.04227810439115921, 0.09878592773483644, 0.15635958530538824, 0.21208065963191045, 0.2646711869828876, 0.023410150813214427, 0.05199662080137292, 0.07528702247320768, 0.09305844305571384, 0.10684780060118265, 0.02428196809855898, 0.04997078440939507, 0.06831792597060292, 0.08039830685454956, 0.0876050957528968, 7.486039570893032, 25.917204379365003, 55.06802219115899, 81.26367953741999, 104.40594177996827, 4.133250333354104, 4.829264696570928, 5.370658827287476, 6.8377929003041835, 8.002284161262672, 0.1469569268435295, 0.6242719505604084, 0.1541969925392551, 0.6121553814204888]}, "loss_hist": [0.20482359492329086, 0.15638705246978285, 0.1402330932641778, 0.13122733047561247, 0.11332550905072442, 0.12057771401003445, 0.11595689438277919, 0.09710028914128002, 0.11266932170397727, 0.09650141918944553], "acc_hist": [0.93051964792104, 0.9424888594262144, 0.9476963871395426, 0.9523367583692409, 0.9560269583471439, 0.9534342429934077, 0.956299488086031, 0.9624571870511546, 0.9560785180274739, 0.9617942768754834], "val_acc_hist": [0.9112115013069667, 0.9299352199113535, 0.931497897488351, 0.9406182520740993, 0.9434878963518581, 0.9398227071258097, 0.9441413797022389, 0.9540288669166951, 0.9457892942379816, 0.9540856915558587], "f1_score_hist": [[0.9613238795610498, 0.7606076479832372, 0.7708492731446059, 0.8454362538869582, 0.6568185912448208, 0.647147147147147, 0.66696074106749, 0.8040426726558112, 0.9020501138952164, 0.7279529663281668, 0.7794334810041617], [0.9666863736889356, 0.8024963289280471, 0.7855258198266114, 0.8696533923303835, 0.7450907743608742, 0.749298934380258, 0.7948568088836937, 0.8442385639837869, 0.9292929292929294, 0.8395657418576599, 0.7927272727272727], [0.9694787260077614, 0.8071377072819034, 0.7835128109914593, 0.8960496942638067, 0.8135459736168538, 0.6950980392156862, 0.8035714285714286, 0.8625866050808314, 0.9327595481441636, 0.841979725700656, 0.8133184731122876], [0.9721668075023303, 0.8252354048964219, 0.8030098398610844, 0.8798882681564247, 0.8693206404154046, 0.8407994486560993, 0.846927374301676, 0.8810939357907254, 0.8934060485870103, 0.863941427699817, 0.7915890338035666], [0.9741617803142345, 0.8428080885158337, 0.8112764291307754, 0.8755094479436829, 0.9177469825659366, 0.8663594470046083, 0.8169014084507042, 0.8641975308641975, 0.9273392577104025, 0.9022164276401564, 0.807561539507684], [0.9728160924549186, 0.844071673656119, 0.8146143437077131, 0.8411165730337079, 0.9155739590522199, 0.8285714285714286, 0.8168557536466775, 0.8752136752136753, 0.9311440677966102, 0.8579952267303103, 0.824388873279011], [0.9742300823278303, 0.8054716645940663, 0.7963582311408399, 0.8939480174539935, 0.891396933560477, 0.8829174664107486, 0.8362855609232421, 0.8670779584969153, 0.942113648433351, 0.8881948782011243, 0.8406953548019379], [0.9783435521766786, 0.849288735101884, 0.8115548662272198, 0.916923076923077, 0.9265396982438783, 0.8742293464858198, 0.8143009605122732, 0.8859598853868195, 0.9378947368421053, 0.8946372239747634, 0.8249965359567688], [0.9741300386261978, 0.852975047984645, 0.7971148511189199, 0.8927732355981579, 0.8929180887372015, 0.8279506752789195, 0.8063524590163934, 0.8461538461538461, 0.9014507253626813, 0.8974197608558843, 0.8354643810594352], [0.9775476607259981, 0.8491241288378225, 0.8115668115668115, 0.9105612785212285, 0.9238263950398583, 0.8223234624145785, 0.8571428571428572, 0.9026128266033254, 0.9064386317907444, 0.919631093544137, 0.8451823470980558]],