{"name": null, "run_number": 1, "data_file_name": "test", "date_iso": "2022-04-01", "author": "Nina", "description": "test", "architecture": [4, 4, 1], "bias_list": [1, 1], "train_acc": 0.4532669205977146, "loss_function": "cross_entropy", "activation_functions": ["relu", "sigmoid"], "lr": 0.01, "epochs": 100, "batch_size": 64, "num_samples": 3413, "scaler": {"mean": [0.03454695309441603, 0.02538592130102554, 0.004370594770754168, -0.004790437022636319], "std": [0.03586054575773483, 0.025850688232078332, 0.018410306987455476, 0.015995577554033007]}, "loss_hist": [0.23926650069901606, 0.12693330796517027, 0.1220903586340442, 0.12011392929354506, 0.11735150232545762, 0.1153924378664112, 0.11453633617892027, 0.11391979798542856, 0.11327550466942454, 0.11255934077328865, 0.11184814392698755, 0.11145661000419299, 0.11059185475654848, 0.11037647686173939, 0.10905412268647305, 0.10843706651694543, 0.10898684141029814, 0.11218448594579312, 0.10751198026971547, 0.1074418793171702, 0.10778367124894371, 0.10705892907405014, 0.10596705181048602, 0.10602911232490407, 0.105383887739884, 0.111468083315522, 0.10466427067229318, 0.10418193223305265, 0.1053333317224993, 0.1048796914197387, 0.10321374587427783, 0.10593032355878072, 0.10542852569689515, 0.10357580729834352, 0.10335746946169995, 0.1038459317257912, 0.10268801214485106, 0.10425463354988218, 0.10246576001010871, 0.1026441052871092, 0.10420843617376477, 0.10254586066133471, 0.10288960441132798, 0.10233777040444791, 0.1019505437423607, 0.10166078451163424, 0.10246817798498148, 0.10129623265909382, 0.10204939438946846, 0.1017240866184031, 0.10306918754358636, 0.10290745669231027, 0.10320932606151362, 0.10180193902146588, 0.10235514140975524, 0.10096591895390929, 0.10163065862455725, 0.10198894322223319, 0.10225050162509464, 0.10322761658537326, 0.1025429706331955, 0.10449752749232646, 0.10115146408397452, 0.10510061733479616, 0.10149597065707802, 0.10066282921046701, 0.10051018158879989, 0.10071751549317351, 0.10063324758579739, 0.10406783069802593, 0.10087292031022366, 0.10085518279801205, 0.10062161465660498, 0.10061563299864262, 0.1012886536799266, 0.10088118194813113, 0.10018734875309586, 0.10085175727198786, 0.1017253095863891, 0.10076127973374403, 0.10079853835198967, 0.10013817380446745, 0.10053680897042291, 0.10178823734141638, 0.10054105794295792, 0.10063083859794035, 0.1002890253452335, 0.10084557480707235, 0.09991967333495202, 0.10114871942968134, 0.10334560549542529, 0.10114905812575528, 0.10102876327158625, 0.09985046432392028, 0.10104450646650365, 0.10020657190801469, 0.1003224759571107, 0.1010218554076057, 0.10009740641254482, 0.10120346056989303], "acc_hist": [0.4532669205977146, 0.4532669205977146, 0.4532669205977146, 0.4532669205977146, 0.4532669205977146, 0.4532669205977146, 0.4532669205977146, 0.4532669205977146, 0.4532669205977146, 0.4532669205977146, 0.4532669205977146, 0.4532669205977146, 0.4532669205977146, 0.4532669205977146, 0.4532669205977146, 0.4532669205977146, 0.4532669205977146, 0.4532669205977146, 0.4532669205977146, 0.4532669205977146, 0.4532669205977146, 0.4532669205977146, 0.4532669205977146, 0.4532669205977146, 0.4532669205977146, 0.4532669205977146, 0.4532669205977146, 0.4532669205977146, 0.4532669205977146, 0.4532669205977146, 0.4532669205977146, 0.4532669205977146, 0.4532669205977146, 0.4532669205977146, 0.4532669205977146, 0.4532669205977146, 0.4532669205977146, 0.4532669205977146, 0.4532669205977146, 0.4532669205977146, 0.4532669205977146, 0.4532669205977146, 0.4532669205977146, 0.4532669205977146, 0.4532669205977146, 0.4532669205977146, 0.4532669205977146, 0.4532669205977146, 0.4532669205977146, 0.4532669205977146, 0.4532669205977146, 0.4532669205977146, 0.4532669205977146, 0.4532669205977146, 0.4532669205977146, 0.4532669205977146, 0.4532669205977146, 0.4532669205977146, 0.4532669205977146, 0.4532669205977146, 0.4532669205977146, 0.4532669205977146, 0.4532669205977146, 0.4532669205977146, 0.4532669205977146, 0.4532669205977146, 0.4532669205977146, 0.4532669205977146, 0.4532669205977146, 0.4532669205977146, 0.4532669205977146, 0.4532669205977146, 0.4532669205977146, 0.4532669205977146, 0.4532669205977146, 0.4532669205977146, 0.4532669205977146, 0.4532669205977146, 0.4532669205977146, 0.4532669205977146, 0.4532669205977146, 0.4532669205977146, 0.4532669205977146, 0.4532669205977146, 0.4532669205977146, 0.4532669205977146, 0.4532669205977146, 0.4532669205977146, 0.4532669205977146, 0.4532669205977146, 0.4532669205977146, 0.4532669205977146, 0.4532669205977146, 0.4532669205977146, 0.4532669205977146, 0.4532669205977146, 0.4532669205977146, 0.4532669205977146, 0.4532669205977146, 0.4532669205977146], "val_acc_hist": [0.5408245755860954, 0.5408245755860954, 0.5408245755860954, 0.5408245755860954, 0.5408245755860954, 0.5408245755860954, 0.5408245755860954, 0.5408245755860954, 0.5408245755860954, 0.5408245755860954, 0.5408245755860954, 0.5408245755860954, 0.5408245755860954, 0.5408245755860954, 0.5408245755860954, 0.5408245755860954, 0.5408245755860954, 0.5408245755860954, 0.5408245755860954, 0.5408245755860954, 0.5408245755860954, 0.5408245755860954, 0.5408245755860954, 0.5408245755860954, 0.5408245755860954, 0.5408245755860954, 0.5408245755860954, 0.5408245755860954, 0.5408245755860954, 0.5408245755860954, 0.5408245755860954, 0.5408245755860954, 0.5408245755860954, 0.5408245755860954, 0.5408245755860954, 0.5408245755860954, 0.5408245755860954, 0.5408245755860954, 0.5408245755860954, 0.5408245755860954, 0.5408245755860954, 0.5408245755860954, 0.5408245755860954, 0.5408245755860954, 0.5408245755860954, 0.5408245755860954, 0.5408245755860954, 0.5408245755860954, 0.5408245755860954, 0.5408245755860954, 0.5408245755860954, 0.5408245755860954, 0.5408245755860954, 0.5408245755860954, 0.5408245755860954, 0.5408245755860954, 0.5408245755860954, 0.5408245755860954, 0.5408245755860954, 0.5408245755860954, 0.5408245755860954, 0.5408245755860954, 0.5408245755860954, 0.5408245755860954, 0.5408245755860954, 0.5408245755860954, 0.5408245755860954, 0.5408245755860954, 0.5408245755860954, 0.5408245755860954, 0.5408245755860954, 0.5408245755860954, 0.5408245755860954, 0.5408245755860954, 0.5408245755860954, 0.5408245755860954, 0.5408245755860954, 0.5408245755860954, 0.5408245755860954, 0.5408245755860954, 0.5408245755860954, 0.5408245755860954, 0.5408245755860954, 0.5408245755860954, 0.5408245755860954, 0.5408245755860954, 0.5408245755860954, 0.5408245755860954, 0.5408245755860954, 0.5408245755860954, 0.5408245755860954, 0.5408245755860954, 0.5408245755860954, 0.5408245755860954, 0.5408245755860954, 0.5408245755860954, 0.5408245755860954, 0.5408245755860954, 0.5408245755860954, 0.5408245755860954], "f1_score_hist": [[1.0], [1.0], [1.0], [1.0], [1.0], [1.0], [1.0], [1.0], [1.0], [1.0], [1.0], [1.0], [1.0], [1.0], [1.0], [1.0], [1.0], [1.0], [1.0], [1.0], [1.0], [1.0], [1.0], [1.0], [1.0], [1.0], [1.0], [1.0], [1.0], [1.0], [1.0], [1.0], [1.0], [1.0], [1.0], [1.0], [1.0], [1.0], [1.0], [1.0], [1.0], [1.0], [1.0], [1.0], [1.0], [1.0], [1.0], [1.0], [1.0], [1.0], [1.0], [1.0], [1.0], [1.0], [1.0], [1.0], [1.0], [1.0], [1.0], [1.0], [1.0], [1.0], [1.0], [1.0], [1.0], [1.0], [1.0], [1.0], [1.0], [1.0], [1.0], [1.0], [1.0], [1.0], [1.0], [1.0], [1.0], [1.0], [1.0], [1.0], [1.0], [1.0], [1.0], [1.0], [1.0], [1.0], [1.0], [1.0], [1.0], [1.0], [1.0], [1.0], [1.0], [1.0], [1.0], [1.0], [1.0], [1.0], [1.0], [1.0]],