{"name": null, "run_number": 0, "data_file_name": "", "date_iso": "2022-03-29", "author": "Jonas", "description": "alle daten", "architecture": [88, 40, 30, 20, 10, 4], "bias_list": [1, 1, 1, 1, 1], "train_acc": 0.8475398002739555, "loss_function": "categorical_cross_entropy", "activation_functions": ["leaky_relu", "leaky_relu", "leaky_relu", "leaky_relu", "softmax"], "lr": 0.000685, "epochs": 80, "batch_size": 64, "num_samples": 175941, "scaler": {"mean": [7.145534014243414e-05, 0.00015188284709078615, 0.000214723731250817, 0.0002780036944202885, 0.0002962366077264539, 0.0002944427677460057, 0.00028962320323290205, 0.00020473225683609845, 0.0003608069239119932, 0.0005377527466593915, 0.0006501765762386252, 0.0007857292899324205, 0.0009012432804178675, 0.0009979586338602145, -9.789758498587594e-05, -0.0001795123876754139, -0.0002813267515814961, -0.00037839284191859774, -0.0005339877061060243, -0.000720110355175883, -0.0009100138910202851, 0.00022351264912669582, 0.0003902637702411603, 0.0005792480376944544, 0.0007153538856775852, 0.0009174120983738869, 0.0011376020597814041, 0.0013180990218311821, 0.00010581294865892545, 0.00021432892276388105, 0.0003001874378342741, 0.00038553436095054597, 0.00042514588981533576, 0.0004550345115692193, 0.0004994684127065322, 0.0003244190438840292, 0.0006064581194832358, 0.0009335439891781904, 0.001123684792060975, 0.001378535736411638, 0.0016633545393057898, 0.0019132967187864113, -0.00013363630421561775, -0.0002591063254159065, -0.0004159266913340268, -0.000583461035233402, -0.0007995690600826413, -0.0010368944987240042, -0.0012652502713977982, 0.000330358193940014, 0.0005855559477324785, 0.0008745539754804167, 0.0010711527841719669, 0.0013460370578773566, 0.001672738179276007, 0.0019443878913954114, 0.00020750479422078995, 0.0003699206779545416, 0.0005117411234447911, 0.0006160933210564905, 0.0007435049874673896, 0.0008991750075309337, 0.0010395394365156504, 0.00016838653866921296, 0.00032844751365514576, 0.0004775128878430838, 0.000594594335601139, 0.0007466974951830443, 0.0009195866341557683, 0.001072848193428479, 0.040515172245241295, 0.09692923119682163, 0.15569370814648098, 0.22847461780937925, 0.3255709493750745, 0.4151091443722612, 0.49476294283879246, -0.014382112441102414, -0.02442647080555414, -0.04076613622180162, -0.05944004211639129, -0.07670976829732694, -0.08517764038512912, -0.0636619687281532, 0.07296218944418868, -0.7827176576750159, -0.06406082311115659, -0.8201569928328246], "std": [0.0451672455401864, 0.0625532377285708, 0.07667305396123224, 0.08790443639159082, 0.09644837322340365, 0.10483777630404302, 0.11577331882617709, 0.04823251839431375, 0.06610009886981674, 0.0810169862297191, 0.09506358411700096, 0.1103593971889606, 0.12333811400700509, 0.1352344690646171, 0.047750888410549926, 0.06318205222643646, 0.07498652186571288, 0.0880514852449283, 0.10533130758708839, 0.11844201066594649, 0.12777795418109966, 0.05057434687973171, 0.06679377659365292, 0.07977739090553518, 0.09287344170556654, 0.11292171302365904, 0.12883317101675004, 0.14317390835328775, 0.05164281292461256, 0.07155984438218285, 0.08697618311692276, 0.1008894062805279, 0.112888519684835, 0.12332182733042706, 0.13685154814636621, 0.07200327557411249, 0.1027839720026151, 0.13061454906830514, 0.1563005628432518, 0.18648873303125896, 0.2135731535669627, 0.23707345272077518, 0.05261773179060906, 0.07167971131077247, 0.08885798723742322, 0.10829081194213518, 0.13082555160128834, 0.14919122791631678, 0.1633833412117642, 0.08191118447906211, 0.11343738438934488, 0.1417805882102565, 0.16959219239735698, 0.20738622077121388, 0.24073929698887536, 0.2703755374723751, 0.037827524758807365, 0.05488302656436688, 0.06878732916150937, 0.080360709945612, 0.0937614933914955, 0.10495889609010804, 0.11443066371580439, 0.03543388578062412, 0.0528215540247205, 0.06536679157984299, 0.07564781477766645, 0.08608064733718998, 0.09442187460550154, 0.10145928453077022, 8.611797742106258, 15.52751756492073, 24.6458371615954, 38.85041412569495, 50.548251966329666, 62.46294043169944, 73.85426862400588, 5.8556762426565525, 7.914665615135746, 9.75107382879198, 10.946751072651137, 12.41373658384884, 14.063673265039137, 15.835755828950415, 0.15067176815151623, 0.5850823722634543, 0.1521215518880569, 0.5779450673972657]}, "loss_hist": [1.4489378444488834, 1.4796102276400904, 1.497135134490632, 18.212967149841013, 18.568270945183198, 1.5194312616980747, 1.5226824348132737, 18.6817209435046, 1.5277933016129779, 18.6817688657325, 18.57073627608204, 1.5338003521146524, 18.220385035969105, 1.535802702314664, 18.220927463580797, 1.5369805554493525, 1.536627199508943, 18.684675331344735, 18.21653060027856, 1.537805052643633, 18.22170304269723, 1.5394540470321851, 18.2209514412425, 1.539689617659122, 18.221656999527134, 18.686639981764053, 18.2216235647389, 18.221741349504217, 18.571328159878473, 1.5399251882860587, 1.5398074029725903, 18.221651954545493, 18.221741349504217, 18.221741349504217, 18.686522196450582, 18.686483699113094, 18.571917086445815, 1.5399251882860587, 1.5399251882860587, 18.221741349504217, 18.686639981764053, 1.5408674707938061, 18.221741349504217, 1.5414563973611481, 1.5418097533015533, 18.22163482604817, 1.5426342504958324, 18.221741349504217, 18.686639981764053, 1.5438121036305164, 1.543812247721053, 18.686639981764053, 1.5442832448843902, 18.22162356419075, 18.536699277718757, 1.5447543861382638, 1.3944603261525659, 18.07203621608586, 18.421858597087056, 1.3944603261525659, 1.3944603261525659, 1.3944603261525659, 18.070858362951174, 1.3944603261525659, 1.3944603261525659, 18.070858362951174, 18.071093933578112, 18.536228136464885, 1.3944603261525659, 18.07121171889158, 18.07121171889158, 1.3944603261525659, 18.536228136464885, 18.536110351151414, 18.07132950420505, 18.07132950420505, 18.071565074831987, 18.421976382400523, 1.3944603261525659, 1.3944603261525659], "acc_hist": [0.8449025525602333, 0.8434304681683065, 0.8425892770872053, 0.03588703031129754, 0.01869376666041457, 0.8415093696182243, 0.8413502253596377, 0.013294229315509177, 0.8411058252482366, 0.013248759527341551, 0.018671031766330757, 0.840815955348668, 0.03556874179412416, 0.8407193320488118, 0.03556305807060321, 0.8406624948136023, 0.8406795459841652, 0.013197606015652974, 0.03577903956439943, 0.8406227087489556, 0.0355403231765194, 0.8405431366196623, 0.03556305807060321, 0.8405317691726204, 0.0355403231765194, 0.013106666439317726, 0.03554600690004035, 0.0355403231765194, 0.018671031766330757, 0.8405204017255785, 0.8405260854490995, 0.0355403231765194, 0.0355403231765194, 0.0355403231765194, 0.013112350162838678, 0.013112350162838678, 0.018642613148725992, 0.8405204017255785, 0.8405204017255785, 0.0355403231765194, 0.013106666439317726, 0.8404749319374109, 0.0355403231765194, 0.840446513319806, 0.8404294621492432, 0.0355403231765194, 0.8403896760845966, 0.0355403231765194, 0.013106666439317726, 0.840332838849387, 0.840332838849387, 0.013106666439317726, 0.8403101039553031, 0.03554600690004035, 0.020342046481490954, 0.8402873690612194, 0.8475398002739555, 0.04276433577165072, 0.025883676914420176, 0.8475398002739555, 0.8475398002739555, 0.8475398002739555, 0.04282117300686025, 0.8475398002739555, 0.8475398002739555, 0.04282117300686025, 0.04280980555981835, 0.020364781375574768, 0.8475398002739555, 0.04280412183629739, 0.04280412183629739, 0.8475398002739555, 0.020364781375574768, 0.02037046509909572, 0.04279843811277644, 0.04279843811277644, 0.04278707066573453, 0.025877993190899222, 0.8475398002739555, 0.8475398002739555],