{"name": null, "run_number": 0, "data_file_name": "", "date_iso": "2022-03-28", "author": "Jonas", "description": "ohne nina daten", "architecture": [64, 40, 40, 30, 20, 10, 11], "bias_list": [1, 1, 1, 1, 1, 1], "train_acc": 0.9605936728906567, "loss_function": "categorical_cross_entropy", "activation_functions": ["relu", "relu", "relu", "relu", "relu", "softmax"], "lr": 0.004548, "epochs": 10, "batch_size": 128, "num_samples": 135765, "scaler": {"mean": [1.0152314661363392e-05, 2.4167134386623978e-05, 4.7004912900968665e-05, 5.6104003240894095e-05, 2.9654594335800848e-05, 6.15297904467278e-05, 0.00021792593820204028, 0.00020742369535594596, 7.524451810113066e-05, -3.1962361433359328e-06, -2.6371995727912204e-05, -0.00011976948403491328, -0.00024724914374102327, -0.0003718111221596142, -0.00048215798622619976, 9.048083084742019e-05, 0.00035774788789452375, 0.0005070152763967149, 0.0005804859278901043, 0.0007672428976540344, 1.4916355467167526e-05, 3.619510183036863e-05, 8.709760984053335e-05, 0.00010078042205281187, 9.33132913490221e-05, 4.72446948771775e-05, 0.00019036330423894215, 0.0001564746215887747, 0.00010322195705815199, -5.2269310941700634e-05, -6.570191139100654e-05, -0.00025855694766692454, -0.0005304637424962252, -0.000767861606452326, -0.0009775123411777703, 7.504142452031083e-05, 0.00023858718373660377, 0.00020442309873678794, 0.00017102337863219539, 0.00016218800132582016, 6.64326004493058e-05, 7.360089124590283e-05, 4.516868854270241e-05, 5.896864434869073e-05, 3.5676499834273697e-06, 3.654041174087581e-05, 7.1461466504622e-05, 0.00010054733546937714, 0.00019361955585018228, 0.00015117595109196026, 0.03384847459949177, 0.13819354069163628, 0.29029379947703754, 0.43254732860457407, 0.5758973848488197, -0.014647720472875927, -0.01250496546237985, -0.029602061002467497, -0.012301382101425258, -0.017495228505137548, 0.08305978960704156, -0.7843002002504327, -0.07890319850476928, -0.829329334209848], "std": [0.016630055074737173, 0.035335499834037824, 0.053640125498500425, 0.07035930600825532, 0.08696623573534074, 0.026669310819152584, 0.05059101663324514, 0.06826407519745714, 0.08549032202302646, 0.10126256003269167, 0.013998192969715351, 0.03183771851453885, 0.0487772885269321, 0.06509728448462893, 0.08014619615427836, 0.024709645553988812, 0.04853880820028597, 0.06981822362216267, 0.08953379759940544, 0.10715539364215063, 0.021265025052509386, 0.049460586145570626, 0.07711177446507045, 0.1038808554662707, 0.12740936559561689, 0.04263811717521937, 0.09335881293306196, 0.13877515536776242, 0.1800733620232183, 0.22027316866074084, 0.02309995031314027, 0.05876526126653375, 0.09537409198317504, 0.1270120641134338, 0.15375989444553037, 0.04227810439115921, 0.09878592773483644, 0.15635958530538824, 0.21208065963191045, 0.2646711869828876, 0.023410150813214427, 0.05199662080137292, 0.07528702247320768, 0.09305844305571384, 0.10684780060118265, 0.02428196809855898, 0.04997078440939507, 0.06831792597060292, 0.08039830685454956, 0.0876050957528968, 7.486039570893032, 25.917204379365003, 55.06802219115899, 81.26367953741999, 104.40594177996827, 4.133250333354104, 4.829264696570928, 5.370658827287476, 6.8377929003041835, 8.002284161262672, 0.1469569268435295, 0.6242719505604084, 0.1541969925392551, 0.6121553814204888]}, "loss_hist": [0.20137204401036432, 0.1442365525688303, 0.13176026423619688, 0.13101659618461742, 0.09793443547496698, 0.11066878811943852, 0.09816376497596167, 0.0965871685788434, 0.10185810789674038, 0.10564424796006285], "acc_hist": [0.9310352447243398, 0.9456781939380547, 0.9501859831326188, 0.9525798254336537, 0.9622804110043089, 0.95928994954517, 0.9634441866460428, 0.9632232165874858, 0.9605936728906567, 0.9605936728906567], "val_acc_hist": [0.9123195817706558, 0.9335435844982385, 0.9384020911467212, 0.940646664393681, 0.9495681327423571, 0.9453631094442551, 0.9521536538242982, 0.9520968291851347, 0.9493408341857029, 0.9503920900102284], "f1_score_hist": [[0.9609137789773001, 0.7627324873978794, 0.7738164815897137, 0.8134945894334819, 0.803330689928628, 0.5463768115942029, 0.7017707362534947, 0.8465116279069766, 0.8711470439615967, 0.5500575373993096, 0.7765231092436974], [0.9680791961399319, 0.7991967871485942, 0.7912004551488715, 0.8528884104772156, 0.9191825359962843, 0.7915742793791574, 0.7614631633178773, 0.8525896414342629, 0.8710767745050699, 0.8311688311688311, 0.7842929158928098], [0.9706106036102977, 0.7985840707964601, 0.7979760119940029, 0.8666302765647744, 0.8470301057770545, 0.8185993111366247, 0.8642266824085006, 0.8524216524216524, 0.8959365708622399, 0.8778998778998779, 0.835262180311473], [0.9722506633437754, 0.8381201044386423, 0.7954759660697455, 0.8684981684981685, 0.8772157371379162, 0.8400823610157858, 0.7800524934383202, 0.8824593128390597, 0.9305263157894738, 0.9078860172299537, 0.8056460369163952], [0.9780612311169418, 0.8467208467208468, 0.8260340632603406, 0.8845686512758203, 0.9175946547884187, 0.8769325912183056, 0.8416019127316198, 0.8483177054605626, 0.9266770670826834, 0.8926080892608088, 0.8705390473346275], [0.9765064266682868, 0.819791856855943, 0.8098298676748582, 0.8957477305303392, 0.826682789197904, 0.8608215818516247, 0.7943429581614614, 0.8849252013808977, 0.9421487603305785, 0.900687070580887, 0.8976279650436954], [0.9785640697100608, 0.8196007259528131, 0.8152817574021012, 0.8932424758659853, 0.9335719078505927, 0.8536231884057972, 0.8703170028818444, 0.8923444976076556, 0.918918918918919, 0.8766114180478822, 0.9023124115148655], [0.9784065460436547, 0.8486579097658481, 0.8118811881188119, 0.8899934352433649, 0.9502369668246445, 0.8920863309352518, 0.8579387186629527, 0.8659562535053281, 0.9365853658536585, 0.8574821852731591, 0.8758518518518518], [0.9768377687774861, 0.8506804677017444, 0.8093355919442876, 0.9100764688800697, 0.9349593495934959, 0.7792624265098878, 0.8203003625064733, 0.8780207134637513, 0.87627365356623, 0.8868388683886839, 0.8622789214265003], [0.9772863483570603, 0.8627221245850419, 0.7868911823284448, 0.9024761904761904, 0.887332908975175, 0.8011080332409973, 0.8302354399008676, 0.8847087378640776, 0.91324200913242, 0.9072164948453608, 0.8685714285714284]],