{"name": null, "run_number": 0, "data_file_name": "", "date_iso": "2022-03-29", "author": "Jonas", "description": "alle daten", "architecture": [52, 40, 30, 20, 10, 4], "bias_list": [1, 1, 1, 1, 1], "train_acc": 0.013106666439317726, "loss_function": "categorical_cross_entropy", "activation_functions": ["leaky_relu", "leaky_relu", "leaky_relu", "leaky_relu", "softmax"], "lr": 0.000532, "epochs": 80, "batch_size": 64, "num_samples": 175941, "scaler": {"mean": [7.145534014243414e-05, 0.000214723731250817, 0.0002962366077264539, 0.00028962320323290205, 0.00020473225683609845, 0.0005377527466593915, 0.0007857292899324205, 0.0009979586338602145, -9.789758498587594e-05, -0.0002813267515814961, -0.0005339877061060243, -0.0009100138910202851, 0.00022351264912669582, 0.0005792480376944544, 0.0009174120983738869, 0.0013180990218311821, 0.00010581294865892545, 0.0003001874378342741, 0.00042514588981533576, 0.0004994684127065322, 0.0003244190438840292, 0.0009335439891781904, 0.001378535736411638, 0.0019132967187864113, -0.00013363630421561775, -0.0004159266913340268, -0.0007995690600826413, -0.0012652502713977982, 0.000330358193940014, 0.0008745539754804167, 0.0013460370578773566, 0.0019443878913954114, 0.00020750479422078995, 0.0005117411234447911, 0.0007435049874673896, 0.0010395394365156504, 0.00016838653866921296, 0.0004775128878430838, 0.0007466974951830443, 0.001072848193428479, 0.040515172245241295, 0.15569370814648098, 0.3255709493750745, 0.49476294283879246, -0.014382112441102414, -0.04076613622180162, -0.07670976829732694, -0.0636619687281532, 0.07296218944418868, -0.7827176576750159, -0.06406082311115659, -0.8201569928328246], "std": [0.0451672455401864, 0.07667305396123224, 0.09644837322340365, 0.11577331882617709, 0.04823251839431375, 0.0810169862297191, 0.1103593971889606, 0.1352344690646171, 0.047750888410549926, 0.07498652186571288, 0.10533130758708839, 0.12777795418109966, 0.05057434687973171, 0.07977739090553518, 0.11292171302365904, 0.14317390835328775, 0.05164281292461256, 0.08697618311692276, 0.112888519684835, 0.13685154814636621, 0.07200327557411249, 0.13061454906830514, 0.18648873303125896, 0.23707345272077518, 0.05261773179060906, 0.08885798723742322, 0.13082555160128834, 0.1633833412117642, 0.08191118447906211, 0.1417805882102565, 0.20738622077121388, 0.2703755374723751, 0.037827524758807365, 0.06878732916150937, 0.0937614933914955, 0.11443066371580439, 0.03543388578062412, 0.06536679157984299, 0.08608064733718998, 0.10145928453077022, 8.611797742106258, 24.6458371615954, 50.548251966329666, 73.85426862400588, 5.8556762426565525, 9.75107382879198, 12.41373658384884, 15.835755828950415, 0.15067176815151623, 0.5850823722634543, 0.1521215518880569, 0.5779450673972657]}, "loss_hist": [18.180900433043714, 18.198161266283275, 18.202205188132083, 1.507349942331217, 18.670040468941345, 18.212293389760074, 18.55921815464565, 18.564445328226448, 18.560669132136844, 18.56221254552986, 18.568887370922077, 18.213360290815853, 18.567241870741327, 18.211417974417575, 1.5595953527274369, 18.220807567046098, 1.5598309261864522, 1.5608909778481668, 1.5643067572109928, 18.571669104206457, 1.5625399701666693, 18.570511112172504, 18.220370854783255, 1.5656023876170206, 1.5658379572491097, 1.5659557428561175, 18.220837552108634, 1.5672513810107336, 18.221270626611787, 1.5680758782050095, 1.5685470194588833, 1.568429234145415, 18.571324221663374, 1.5677225222646043, 1.568429234145415, 1.5689003754145576, 1.569607087280099, 1.5705493717964862, 1.571256081668657, 18.220894581019273, 18.570953134244995, 1.571845008235999, 1.5716094376090621, 1.5719627935494673, 18.220933256021876, 1.5725517201168093, 1.5727872907437463, 1.57325843199762, 18.221859134817684, 18.222094705444622, 1.5743184998188358, 1.574671855759241, 1.5749074263861778, 18.686565199934336, 1.575260782326583, 1.5751429970131146, 1.5750252116996462, 18.686639981764053, 18.222094705444622, 18.685881289155972, 18.22221249075809, 1.574671855759241, 18.22221249075809, 18.212195434658724, 18.222094705444622, 18.686286625823648, 18.22221249075809, 18.571917086445815, 1.5744362851323042, 18.685947010488853, 1.575260782326583, 18.22221249075809, 18.22221249075809, 1.5759674942073936, 1.5760852795208629, 18.571917086445815, 1.57620306483433, 18.222094705444622, 1.57620306483433, 18.686639981764053], "acc_hist": [0.036512239898602375, 0.03648382128099761, 0.0363758305340995, 0.8421004768644034, 0.013811448155915904, 0.03571083488214799, 0.01917688315969558, 0.01873355272506124, 0.019125729648007003, 0.018949534218857457, 0.018671031766330757, 0.03576767211735752, 0.018699450383935525, 0.035983653611153736, 0.8395712198975793, 0.03556874179412416, 0.8395598524505374, 0.8395086989388488, 0.8393438709567412, 0.018642613148725992, 0.8394291268095555, 0.018671031766330757, 0.03558010924116607, 0.8392813499980107, 0.8392699825509687, 0.8392642988274478, 0.03557442551764512, 0.8392017778687173, 0.03556305807060321, 0.8391619918040707, 0.8391392569099869, 0.8391449406335079, 0.01865966431928885, 0.8391790429746335, 0.8391449406335079, 0.839122205739424, 0.8390881033982983, 0.8390426336101307, 0.839008531269005, 0.03558010924116607, 0.018682399213372666, 0.8389801126514002, 0.838991480098442, 0.8389744289278792, 0.03557442551764512, 0.8389460103102745, 0.8389346428632326, 0.8389119079691487, 0.03553463945299845, 0.03552327200595654, 0.8388607544574602, 0.8388437032868973, 0.8388323358398554, 0.013106666439317726, 0.8388152846692926, 0.8388209683928135, 0.8388266521163344, 0.013106666439317726, 0.03552327200595654, 0.013129401333401538, 0.03551758828243559, 0.8388437032868973, 0.03551758828243559, 0.035983653611153736, 0.03552327200595654, 0.013123717609880585, 0.03551758828243559, 0.018642613148725992, 0.8388550707339392, 0.01313508505692249, 0.8388152846692926, 0.03551758828243559, 0.03551758828243559, 0.8387811823281668, 0.8387754986046458, 0.018642613148725992, 0.8387698148811249, 0.03552327200595654, 0.8387698148811249, 0.013106666439317726], "val_acc_hist": [0.03596458509197275, 0.035395276703508116, 0.03512043817114588, 0.8367459117768311, 0.013408194114529143, 0.03427629125031901, 0.013054830287206266, 0.01268183513614323, 0.013172618229647225, 0.012897779697284988, 0.01260330984118259, 0.03431555389779933, 0.01260330984118259, 0.03451186713520093, 0.8341349457193898, 0.03409960933665757, 0.8341153143956497, 0.834036789100689, 0.8339386324819883, 0.012564047193702271, 0.8339386324819883, 0.01260330984118259, 0.03417813463161821, 0.8338012132158071, 0.8338601071870276, 0.8338208445395473, 0.03413887198413789, 0.8338012132158071, 0.03413887198413789, 0.8338012132158071, 0.8338012132158071, 0.8338797385107678, 0.012622941164922751, 0.8339386324819883, 0.8338797385107678, 0.8338601071870276, 0.8338797385107678, 0.8338404758632875, 0.8338208445395473, 0.03409960933665757, 0.01260330984118259, 0.833781581892067, 0.833899369834508, 0.8338601071870276, 0.03417813463161821, 0.8338208445395473, 0.8338404758632875, 0.8338601071870276, 0.03409960933665757, 0.03409960933665757, 0.8338601071870276, 0.8338208445395473, 0.8338797385107678, 0.012583678517442432, 0.8338601071870276, 0.8338601071870276, 0.8338601071870276, 0.012583678517442432, 0.03409960933665757, 0.012583678517442432, 0.03409960933665757, 0.8338797385107678, 0.03409960933665757, 0.03474744302008284, 0.03409960933665757, 0.012564047193702271, 0.03409960933665757, 0.012564047193702271, 0.8338601071870276, 0.012583678517442432, 0.8338601071870276, 0.03411924066039773, 0.03409960933665757, 0.8338404758632875, 0.8338601071870276, 0.012564047193702271, 0.8338601071870276, 0.03409960933665757, 0.8338404758632875, 0.012564047193702271],