{"name": null, "run_number": 0, "data_file_name": "", "date_iso": "2022-03-28", "author": "Jonas", "description": "ohne nina daten", "architecture": [64, 40, 40, 30, 20, 10, 11], "bias_list": [1, 1, 1, 1, 1, 1], "train_acc": 0.9558870106433911, "loss_function": "categorical_cross_entropy", "activation_functions": ["leaky_relu", "leaky_relu", "leaky_relu", "leaky_relu", "leaky_relu", "softmax"], "lr": 0.001483, "epochs": 10, "batch_size": 128, "num_samples": 135765, "scaler": {"mean": [1.0152314661363392e-05, 2.4167134386623978e-05, 4.7004912900968665e-05, 5.6104003240894095e-05, 2.9654594335800848e-05, 6.15297904467278e-05, 0.00021792593820204028, 0.00020742369535594596, 7.524451810113066e-05, -3.1962361433359328e-06, -2.6371995727912204e-05, -0.00011976948403491328, -0.00024724914374102327, -0.0003718111221596142, -0.00048215798622619976, 9.048083084742019e-05, 0.00035774788789452375, 0.0005070152763967149, 0.0005804859278901043, 0.0007672428976540344, 1.4916355467167526e-05, 3.619510183036863e-05, 8.709760984053335e-05, 0.00010078042205281187, 9.33132913490221e-05, 4.72446948771775e-05, 0.00019036330423894215, 0.0001564746215887747, 0.00010322195705815199, -5.2269310941700634e-05, -6.570191139100654e-05, -0.00025855694766692454, -0.0005304637424962252, -0.000767861606452326, -0.0009775123411777703, 7.504142452031083e-05, 0.00023858718373660377, 0.00020442309873678794, 0.00017102337863219539, 0.00016218800132582016, 6.64326004493058e-05, 7.360089124590283e-05, 4.516868854270241e-05, 5.896864434869073e-05, 3.5676499834273697e-06, 3.654041174087581e-05, 7.1461466504622e-05, 0.00010054733546937714, 0.00019361955585018228, 0.00015117595109196026, 0.03384847459949177, 0.13819354069163628, 0.29029379947703754, 0.43254732860457407, 0.5758973848488197, -0.014647720472875927, -0.01250496546237985, -0.029602061002467497, -0.012301382101425258, -0.017495228505137548, 0.08305978960704156, -0.7843002002504327, -0.07890319850476928, -0.829329334209848], "std": [0.016630055074737173, 0.035335499834037824, 0.053640125498500425, 0.07035930600825532, 0.08696623573534074, 0.026669310819152584, 0.05059101663324514, 0.06826407519745714, 0.08549032202302646, 0.10126256003269167, 0.013998192969715351, 0.03183771851453885, 0.0487772885269321, 0.06509728448462893, 0.08014619615427836, 0.024709645553988812, 0.04853880820028597, 0.06981822362216267, 0.08953379759940544, 0.10715539364215063, 0.021265025052509386, 0.049460586145570626, 0.07711177446507045, 0.1038808554662707, 0.12740936559561689, 0.04263811717521937, 0.09335881293306196, 0.13877515536776242, 0.1800733620232183, 0.22027316866074084, 0.02309995031314027, 0.05876526126653375, 0.09537409198317504, 0.1270120641134338, 0.15375989444553037, 0.04227810439115921, 0.09878592773483644, 0.15635958530538824, 0.21208065963191045, 0.2646711869828876, 0.023410150813214427, 0.05199662080137292, 0.07528702247320768, 0.09305844305571384, 0.10684780060118265, 0.02428196809855898, 0.04997078440939507, 0.06831792597060292, 0.08039830685454956, 0.0876050957528968, 7.486039570893032, 25.917204379365003, 55.06802219115899, 81.26367953741999, 104.40594177996827, 4.133250333354104, 4.829264696570928, 5.370658827287476, 6.8377929003041835, 8.002284161262672, 0.1469569268435295, 0.6242719505604084, 0.1541969925392551, 0.6121553814204888]}, "loss_hist": [0.2466907125926482, 0.1441550507938138, 0.12825763206895202, 0.11996226090452732, 0.10108418935697051, 0.09009236892911367, 0.10549128129920503, 0.11990115483570045, 0.09830704276749562, 0.11340250530010441], "acc_hist": [0.9196700180458881, 0.9492652745552977, 0.9523293927006224, 0.9541708098552646, 0.9603432401576253, 0.9629433211799802, 0.9600780760873568, 0.9557176002651641, 0.9606746952454609, 0.9558870106433911], "val_acc_hist": [0.8963234458461189, 0.9368678258893056, 0.9421241050119332, 0.9410160245482441, 0.948829412433231, 0.9510171610410274, 0.9483179906807592, 0.9426071144448233, 0.9500511421752472, 0.9434594840322764], "f1_score_hist": [[0.9533506125251988, 0.8330745341614907, 0.76778882938026, 0.7001171989452095, 0.777245738364298, 0.5, 0.687111111111111, 0.8613804905875642, 0.8798328108672936, 0.8332351208014143, 0.7565194939323523], [0.9701316616609624, 0.8451688009313155, 0.7952994692949203, 0.8636029411764706, 0.8679562657695542, 0.836433611289288, 0.8188286808976464, 0.8573040045121263, 0.8797624938149431, 0.8816936488169365, 0.7801735471995792], [0.9721842066266267, 0.8288354898336414, 0.7924388435878429, 0.8996694536262881, 0.8133914421553089, 0.7970521541950114, 0.8200349446709378, 0.8658743633276739, 0.8975512243878061, 0.8636911942098914, 0.8286728176011356], [0.9730024186695139, 0.8428005284015851, 0.78693967902601, 0.8636239905634697, 0.8810591501174461, 0.8784676354029063, 0.8189473684210526, 0.8862698880377136, 0.8936381709741551, 0.8236632536973834, 0.8585798816568048], [0.9767498330601591, 0.8645874457165417, 0.8292579204762917, 0.8820903849730333, 0.9184169798806101, 0.8090154211150652, 0.8432017543859649, 0.8524410312671421, 0.8975124378109453, 0.9145860709592641, 0.8475060740317278], [0.9783071070378696, 0.8408101457505204, 0.8213940915234601, 0.9125710298075964, 0.891076396319281, 0.8545006165228113, 0.8734974241556956, 0.8666666666666666, 0.8717948717948718, 0.8537735849056605, 0.8873239436619719], [0.9765735252610782, 0.8112464183381091, 0.8021833239224544, 0.8995516550605742, 0.9340584636301835, 0.8629856850715747, 0.871264367816092, 0.8723766307430517, 0.8232621535665606, 0.8743169398907105, 0.8867753623188407], [0.9740580309527437, 0.8209145563854982, 0.8213312572985598, 0.8904174126071799, 0.9273823884197828, 0.7657082002129926, 0.8543263964950711, 0.7867203219315896, 0.8862745098039215, 0.8953922789539227, 0.8352576738946775], [0.9768365263477997, 0.8726038338658146, 0.7983721790603033, 0.9023948096555671, 0.9059903804110189, 0.8345908299477656, 0.8357410379882291, 0.8541552008805724, 0.9291338582677166, 0.8664259927797835, 0.8620739666424946], [0.9739134227456112, 0.8591144335825187, 0.8261624541771174, 0.876913206855467, 0.8678697365691764, 0.789272030651341, 0.8412017167381974, 0.8967551622418879, 0.8752417794970987, 0.8796579108124618, 0.8478384527872583]],