{"name": null, "run_number": 0, "data_file_name": "", "date_iso": "2022-03-29", "author": "Jonas", "description": "alle daten", "architecture": [88, 40, 30, 20, 10, 4], "bias_list": [1, 1, 1, 1, 1], "train_acc": 0.841179713654009, "loss_function": "categorical_cross_entropy", "activation_functions": ["leaky_relu", "leaky_relu", "leaky_relu", "leaky_relu", "softmax"], "lr": 0.000543, "epochs": 80, "batch_size": 128, "num_samples": 175941, "scaler": {"mean": [7.145534014243414e-05, 0.00015188284709078615, 0.000214723731250817, 0.0002780036944202885, 0.0002962366077264539, 0.0002944427677460057, 0.00028962320323290205, 0.00020473225683609845, 0.0003608069239119932, 0.0005377527466593915, 0.0006501765762386252, 0.0007857292899324205, 0.0009012432804178675, 0.0009979586338602145, -9.789758498587594e-05, -0.0001795123876754139, -0.0002813267515814961, -0.00037839284191859774, -0.0005339877061060243, -0.000720110355175883, -0.0009100138910202851, 0.00022351264912669582, 0.0003902637702411603, 0.0005792480376944544, 0.0007153538856775852, 0.0009174120983738869, 0.0011376020597814041, 0.0013180990218311821, 0.00010581294865892545, 0.00021432892276388105, 0.0003001874378342741, 0.00038553436095054597, 0.00042514588981533576, 0.0004550345115692193, 0.0004994684127065322, 0.0003244190438840292, 0.0006064581194832358, 0.0009335439891781904, 0.001123684792060975, 0.001378535736411638, 0.0016633545393057898, 0.0019132967187864113, -0.00013363630421561775, -0.0002591063254159065, -0.0004159266913340268, -0.000583461035233402, -0.0007995690600826413, -0.0010368944987240042, -0.0012652502713977982, 0.000330358193940014, 0.0005855559477324785, 0.0008745539754804167, 0.0010711527841719669, 0.0013460370578773566, 0.001672738179276007, 0.0019443878913954114, 0.00020750479422078995, 0.0003699206779545416, 0.0005117411234447911, 0.0006160933210564905, 0.0007435049874673896, 0.0008991750075309337, 0.0010395394365156504, 0.00016838653866921296, 0.00032844751365514576, 0.0004775128878430838, 0.000594594335601139, 0.0007466974951830443, 0.0009195866341557683, 0.001072848193428479, 0.040515172245241295, 0.09692923119682163, 0.15569370814648098, 0.22847461780937925, 0.3255709493750745, 0.4151091443722612, 0.49476294283879246, -0.014382112441102414, -0.02442647080555414, -0.04076613622180162, -0.05944004211639129, -0.07670976829732694, -0.08517764038512912, -0.0636619687281532, 0.07296218944418868, -0.7827176576750159, -0.06406082311115659, -0.8201569928328246], "std": [0.0451672455401864, 0.0625532377285708, 0.07667305396123224, 0.08790443639159082, 0.09644837322340365, 0.10483777630404302, 0.11577331882617709, 0.04823251839431375, 0.06610009886981674, 0.0810169862297191, 0.09506358411700096, 0.1103593971889606, 0.12333811400700509, 0.1352344690646171, 0.047750888410549926, 0.06318205222643646, 0.07498652186571288, 0.0880514852449283, 0.10533130758708839, 0.11844201066594649, 0.12777795418109966, 0.05057434687973171, 0.06679377659365292, 0.07977739090553518, 0.09287344170556654, 0.11292171302365904, 0.12883317101675004, 0.14317390835328775, 0.05164281292461256, 0.07155984438218285, 0.08697618311692276, 0.1008894062805279, 0.112888519684835, 0.12332182733042706, 0.13685154814636621, 0.07200327557411249, 0.1027839720026151, 0.13061454906830514, 0.1563005628432518, 0.18648873303125896, 0.2135731535669627, 0.23707345272077518, 0.05261773179060906, 0.07167971131077247, 0.08885798723742322, 0.10829081194213518, 0.13082555160128834, 0.14919122791631678, 0.1633833412117642, 0.08191118447906211, 0.11343738438934488, 0.1417805882102565, 0.16959219239735698, 0.20738622077121388, 0.24073929698887536, 0.2703755374723751, 0.037827524758807365, 0.05488302656436688, 0.06878732916150937, 0.080360709945612, 0.0937614933914955, 0.10495889609010804, 0.11443066371580439, 0.03543388578062412, 0.0528215540247205, 0.06536679157984299, 0.07564781477766645, 0.08608064733718998, 0.09442187460550154, 0.10145928453077022, 8.611797742106258, 15.52751756492073, 24.6458371615954, 38.85041412569495, 50.548251966329666, 62.46294043169944, 73.85426862400588, 5.8556762426565525, 7.914665615135746, 9.75107382879198, 10.946751072651137, 12.41373658384884, 14.063673265039137, 15.835755828950415, 0.15067176815151623, 0.5850823722634543, 0.1521215518880569, 0.5779450673972657]}, "loss_hist": [18.14927012048864, 18.225106443312697, 1.473828893902057, 18.202746320318134, 18.19869400624529, 18.211862272379754, 1.5017767694970867, 1.5035596716786381, 18.21542865758403, 1.50646130190429, 1.507891363852449, 18.21566251814014, 18.68081598773561, 18.564984041555952, 18.216049930797922, 18.215461603637454, 18.216771632334133, 18.684730110642043, 18.218586335239397, 18.68196455338211, 1.5143658433587124, 1.5154258876477782, 1.5153080703230601, 18.685924496050568, 1.5164860547383667, 18.21964184379718, 1.5168392668476463, 1.5170748408169803, 1.517192622826478, 1.5180171265834175, 1.5180171208087634, 18.22045054070812, 18.2190255443843, 18.216942898509533, 1.5187238318743965, 1.5194305437425581, 1.5197838996830602, 18.22046067229895, 1.5210795381315134, 1.5208439675043885, 1.5211973234556995, 1.5216684647002674, 18.21839714200544, 1.5217862500119266, 1.5222573912657966, 18.221510412297484, 1.523553031442948, 1.5240241709685716, 1.524141956282074, 18.216920484084792, 1.5243775269535182, 18.57145644417636, 18.221385547367017, 18.221505169191587, 18.221334415646908, 1.5248486681621016, 1.5250842387890386, 1.5247308828486332, 1.524613097535172, 1.525202024102507, 1.5250842387890386, 1.5254375947294438, 18.571799301132344, 18.219772137211194, 1.5250842387890386, 1.5253198094159754, 1.5253198094159754, 18.684537294536003, 1.5253198094159754, 1.5253198094159754, 18.220988293890997, 1.5255553800429122, 1.525790950669849, 1.5259087359833174, 18.22162356419115, 18.221741349504217, 18.571681516106597, 1.5259087359833174, 18.686522196450582, 1.5262620919237226], "acc_hist": [0.03681347724521288, 0.020580762869370984, 0.8436862357267493, 0.03627352351072234, 0.03617690021086614, 0.035921132652423256, 0.8423619281463672, 0.842276672293553, 0.03579040701144134, 0.8421345792055291, 0.8420663745232777, 0.03581314190552515, 0.013294229315509177, 0.018932483048294597, 0.03574493722327371, 0.0358074581820042, 0.03573356977623181, 0.01315213622748535, 0.03559147668820798, 0.013237392080299646, 0.8417537697296252, 0.8417026162179367, 0.8417082999414577, 0.01313508505692249, 0.8416514627062481, 0.03557442551764512, 0.8416344115356853, 0.8416230440886433, 0.8416173603651224, 0.8415775743004758, 0.8415775743004758, 0.03557442551764512, 0.03560852785877084, 0.03569946743510609, 0.84154347195935, 0.8415093696182243, 0.8414923184476615, 0.03558010924116607, 0.841429797488931, 0.8414411649359729, 0.84142411376541, 0.8414013788713262, 0.03564831392341751, 0.8413956951478052, 0.8413729602537214, 0.03554600690004035, 0.8413104392949909, 0.8412877044009072, 0.8412820206773862, 0.03569946743510609, 0.8412706532303442, 0.0186539805957679, 0.0355403231765194, 0.0355403231765194, 0.03555169062356131, 0.8412479183362604, 0.8412365508892186, 0.8412536020597814, 0.8412592857833023, 0.8412308671656976, 0.8412365508892186, 0.8412194997186557, 0.018648296872246947, 0.03560284413524988, 0.8412365508892186, 0.8412251834421767, 0.8412251834421767, 0.013180554845090115, 0.8412251834421767, 0.8412251834421767, 0.03555737434708226, 0.8412138159951348, 0.8412024485480928, 0.8411967648245718, 0.03554600690004035, 0.0355403231765194, 0.0186539805957679, 0.8411967648245718, 0.013112350162838678, 0.841179713654009],