{"name": null, "run_number": 0, "data_file_name": "", "date_iso": "2022-03-28", "author": "Jonas", "description": "ohne nina daten", "architecture": [64, 40, 40, 30, 20, 10, 11], "bias_list": [1, 1, 1, 1, 1, 1], "train_acc": 0.8343682097742423, "loss_function": "categorical_cross_entropy", "activation_functions": ["sigmoid", "sigmoid", "sigmoid", "sigmoid", "sigmoid", "softmax"], "lr": 0.001412, "epochs": 10, "batch_size": 512, "num_samples": 135765, "scaler": {"mean": [1.0152314661363392e-05, 2.4167134386623978e-05, 4.7004912900968665e-05, 5.6104003240894095e-05, 2.9654594335800848e-05, 6.15297904467278e-05, 0.00021792593820204028, 0.00020742369535594596, 7.524451810113066e-05, -3.1962361433359328e-06, -2.6371995727912204e-05, -0.00011976948403491328, -0.00024724914374102327, -0.0003718111221596142, -0.00048215798622619976, 9.048083084742019e-05, 0.00035774788789452375, 0.0005070152763967149, 0.0005804859278901043, 0.0007672428976540344, 1.4916355467167526e-05, 3.619510183036863e-05, 8.709760984053335e-05, 0.00010078042205281187, 9.33132913490221e-05, 4.72446948771775e-05, 0.00019036330423894215, 0.0001564746215887747, 0.00010322195705815199, -5.2269310941700634e-05, -6.570191139100654e-05, -0.00025855694766692454, -0.0005304637424962252, -0.000767861606452326, -0.0009775123411777703, 7.504142452031083e-05, 0.00023858718373660377, 0.00020442309873678794, 0.00017102337863219539, 0.00016218800132582016, 6.64326004493058e-05, 7.360089124590283e-05, 4.516868854270241e-05, 5.896864434869073e-05, 3.5676499834273697e-06, 3.654041174087581e-05, 7.1461466504622e-05, 0.00010054733546937714, 0.00019361955585018228, 0.00015117595109196026, 0.03384847459949177, 0.13819354069163628, 0.29029379947703754, 0.43254732860457407, 0.5758973848488197, -0.014647720472875927, -0.01250496546237985, -0.029602061002467497, -0.012301382101425258, -0.017495228505137548, 0.08305978960704156, -0.7843002002504327, -0.07890319850476928, -0.829329334209848], "std": [0.016630055074737173, 0.035335499834037824, 0.053640125498500425, 0.07035930600825532, 0.08696623573534074, 0.026669310819152584, 0.05059101663324514, 0.06826407519745714, 0.08549032202302646, 0.10126256003269167, 0.013998192969715351, 0.03183771851453885, 0.0487772885269321, 0.06509728448462893, 0.08014619615427836, 0.024709645553988812, 0.04853880820028597, 0.06981822362216267, 0.08953379759940544, 0.10715539364215063, 0.021265025052509386, 0.049460586145570626, 0.07711177446507045, 0.1038808554662707, 0.12740936559561689, 0.04263811717521937, 0.09335881293306196, 0.13877515536776242, 0.1800733620232183, 0.22027316866074084, 0.02309995031314027, 0.05876526126653375, 0.09537409198317504, 0.1270120641134338, 0.15375989444553037, 0.04227810439115921, 0.09878592773483644, 0.15635958530538824, 0.21208065963191045, 0.2646711869828876, 0.023410150813214427, 0.05199662080137292, 0.07528702247320768, 0.09305844305571384, 0.10684780060118265, 0.02428196809855898, 0.04997078440939507, 0.06831792597060292, 0.08039830685454956, 0.0876050957528968, 7.486039570893032, 25.917204379365003, 55.06802219115899, 81.26367953741999, 104.40594177996827, 4.133250333354104, 4.829264696570928, 5.370658827287476, 6.8377929003041835, 8.002284161262672, 0.1469569268435295, 0.6242719505604084, 0.1541969925392551, 0.6121553814204888]}, "loss_hist": [0.8748711228372497, 0.8435757597620993, 0.8398129420802948, 0.8236622480114438, 0.676914632745654, 0.5476181784920806, 0.487612515223524, 0.4869353704290942, 0.4640033031444292, 0.44456080287594096], "acc_hist": [0.8647073988141274, 0.852428829226973, 0.848348248812286, 0.8526129709424373, 0.8541744926895739, 0.8577394763009613, 0.8311199499134534, 0.8190402533790004, 0.8258093028394653, 0.8343682097742423], "val_acc_hist": [0.8648141834299352, 0.8522275258552108, 0.8339015797249687, 0.8379929537447437, 0.8402943516308672, 0.8448687350835322, 0.8033299238549835, 0.7803727696329128, 0.7885555176724628, 0.7988407773610637], "f1_score_hist": [[0.9274456672012388, 0, 0, 0, 0, 0, 0, 0, 0, 0, 0], [0.9326832466095791, 0, 0.09030837004405284, 0, 0.38565935308753674, 0, 0, 0, 0, 0, 0], [0.9317380735963675, 0, 0.3119986904567032, 0, 0, 0, 0, 0, 0, 0, 0], [0.9336005025847803, 0, 0.35043169121381407, 0, 0, 0, 0, 0, 0, 0, 0], [0.9341087973881408, 0, 0.36278586278586283, 0, 0, 0, 0, 0, 0, 0, 0], [0.9364233313683108, 0, 0.37534963457547593, 0, 0, 0, 0, 0, 0, 0, 0], [0.9403353743389926, 0, 0.39833543017516687, 0.2677996781979083, 0, 0, 0, 0, 0, 0, 0], [0.9386561583413565, 0, 0.37891867333030443, 0.33295942443816967, 0, 0, 0, 0, 0, 0, 0], [0.9432762792524934, 0, 0.36669588080631027, 0.35356349687058347, 0, 0, 0, 0, 0, 0, 0], [0.9484745883210252, 0, 0.3745412228090592, 0.37222315015867713, 0, 0, 0, 0, 0, 0, 0]], "f1_score_val_hist": [[0.9275070847426639, 0, 0, 0, 0, 0, 0, 0, 0, 0, 0], [0.9323979591836734, 0, 0.06492335437330927, 0, 0.4659753726506805, 0, 0, 0, 0, 0, 0], [0.9292093575127872, 0, 0.20381471389645775, 0, 0, 0, 0, 0, 0, 0, 0], [0.9308387303110259, 0, 0.22215876641918905, 0, 0, 0, 0, 0, 0, 0, 0], [0.9320962023699256, 0, 0.2293068148581457, 0, 0, 0, 0, 0, 0, 0, 0], [0.9344690335933769, 0, 0.24109079640533002, 0, 0, 0, 0, 0, 0, 0, 0], [0.9309382867251821, 0, 0.25677031093279834, 0.20482866043613707, 0, 0, 0, 0, 0, 0, 0], [0.9232658934180281, 0, 0.2413050169282856, 0.22944436124007786, 0, 0, 0, 0, 0, 0, 0], [0.9289183994408526, 0, 0.227906976744186, 0.25012009607686153, 0, 0, 0, 0, 0, 0, 0], [0.9355701434476051, 0, 0.2318494173887063, 0.2646174406949549, 0, 0, 0, 0, 0, 0, 0]]}