{"name": null, "run_number": 0, "data_file_name": "", "date_iso": "2022-03-29", "author": "Jonas", "description": "alle daten", "architecture": [52, 40, 30, 20, 10, 4], "bias_list": [1, 1, 1, 1, 1], "train_acc": 0.8475398002739555, "loss_function": "categorical_cross_entropy", "activation_functions": ["sigmoid", "sigmoid", "sigmoid", "sigmoid", "softmax"], "lr": 0.003552, "epochs": 80, "batch_size": 256, "num_samples": 175941, "scaler": {"mean": [7.145534014243414e-05, 0.000214723731250817, 0.0002962366077264539, 0.00028962320323290205, 0.00020473225683609845, 0.0005377527466593915, 0.0007857292899324205, 0.0009979586338602145, -9.789758498587594e-05, -0.0002813267515814961, -0.0005339877061060243, -0.0009100138910202851, 0.00022351264912669582, 0.0005792480376944544, 0.0009174120983738869, 0.0013180990218311821, 0.00010581294865892545, 0.0003001874378342741, 0.00042514588981533576, 0.0004994684127065322, 0.0003244190438840292, 0.0009335439891781904, 0.001378535736411638, 0.0019132967187864113, -0.00013363630421561775, -0.0004159266913340268, -0.0007995690600826413, -0.0012652502713977982, 0.000330358193940014, 0.0008745539754804167, 0.0013460370578773566, 0.0019443878913954114, 0.00020750479422078995, 0.0005117411234447911, 0.0007435049874673896, 0.0010395394365156504, 0.00016838653866921296, 0.0004775128878430838, 0.0007466974951830443, 0.001072848193428479, 0.040515172245241295, 0.15569370814648098, 0.3255709493750745, 0.49476294283879246, -0.014382112441102414, -0.04076613622180162, -0.07670976829732694, -0.0636619687281532, 0.07296218944418868, -0.7827176576750159, -0.06406082311115659, -0.8201569928328246], "std": [0.0451672455401864, 0.07667305396123224, 0.09644837322340365, 0.11577331882617709, 0.04823251839431375, 0.0810169862297191, 0.1103593971889606, 0.1352344690646171, 0.047750888410549926, 0.07498652186571288, 0.10533130758708839, 0.12777795418109966, 0.05057434687973171, 0.07977739090553518, 0.11292171302365904, 0.14317390835328775, 0.05164281292461256, 0.08697618311692276, 0.112888519684835, 0.13685154814636621, 0.07200327557411249, 0.13061454906830514, 0.18648873303125896, 0.23707345272077518, 0.05261773179060906, 0.08885798723742322, 0.13082555160128834, 0.1633833412117642, 0.08191118447906211, 0.1417805882102565, 0.20738622077121388, 0.2703755374723751, 0.037827524758807365, 0.06878732916150937, 0.0937614933914955, 0.11443066371580439, 0.03543388578062412, 0.06536679157984299, 0.08608064733718998, 0.10145928453077022, 8.611797742106258, 24.6458371615954, 50.548251966329666, 73.85426862400588, 5.8556762426565525, 9.75107382879198, 12.41373658384884, 15.835755828950415, 0.15067176815151623, 0.5850823722634543, 0.1521215518880569, 0.5779450673972657]}, "loss_hist": [0.5549184644285841, 0.5591635177817839, 0.5872998143619917, 0.5626201988508968, 0.5561736295908114, 0.5736167484841225, 0.550473215169818, 0.5630280502548428, 0.5498281229927138, 0.5389191314895774, 0.5491676351906375, 0.5571904729871988, 0.5465839950741126, 0.5611165160107326, 0.5711594654517609, 0.5552438169874989, 0.5498980309610295, 0.576244560943265, 0.5625846560377614, 0.5672876403033585, 0.5422091442232563, 0.5639430028208596, 0.5666959880294793, 0.5475165038737423, 0.5632023118729311, 0.5662081407488092, 0.5618210760826751, 0.5770397999261653, 0.5484771571589724, 0.5439039123578567, 0.5549430260568893, 0.5583843983352998, 0.5533379456277973, 0.5504465306480544, 0.5576023609427312, 0.5347544440692653, 0.5697878461991933, 0.5738058612120561, 0.5585472077947264, 0.5604989188885638, 0.5625339937926607, 0.5568104743443142, 0.5897925561562025, 0.546149853823825, 0.5603021095751407, 0.5580327124191619, 0.5673308270143748, 0.5529369738954778, 0.5675514890388842, 0.5663988560247465, 0.5295747563182315, 0.5543241835354192, 0.5640866923937853, 0.5543504297195277, 0.5676427744404196, 0.5657172056883409, 0.5424475374215184, 0.544279931235346, 0.5659635720249419, 0.5443854499130135, 0.5329703727493665, 0.5573732494377639, 0.553415695963287, 0.5538684281062196, 0.5877443913326302, 0.5599244193878165, 0.5295880673589133, 0.5564301620258472, 0.5688402833146761, 0.5739456441112, 0.579810580657025, 0.5496086630859585, 0.5739087531735724, 0.5666498740948079, 0.5579049111360412, 0.5510857010605902, 0.562088386685795, 0.5558877702518359, 0.5556772893451475, 0.5515560121260665], "acc_hist": [0.8475398002739555, 0.8475398002739555, 0.8475398002739555, 0.8475398002739555, 0.8475398002739555, 0.8475398002739555, 0.8475398002739555, 0.8475398002739555, 0.8475398002739555, 0.8475398002739555, 0.8475398002739555, 0.8475398002739555, 0.8475398002739555, 0.8475398002739555, 0.8475398002739555, 0.8475398002739555, 0.8475398002739555, 0.8475398002739555, 0.8475398002739555, 0.8475398002739555, 0.8475398002739555, 0.8475398002739555, 0.8475398002739555, 0.8475398002739555, 0.8475398002739555, 0.8475398002739555, 0.8475398002739555, 0.8475398002739555, 0.8475398002739555, 0.8475398002739555, 0.8475398002739555, 0.8475398002739555, 0.8475398002739555, 0.8475398002739555, 0.8475398002739555, 0.8475398002739555, 0.8475398002739555, 0.8475398002739555, 0.8475398002739555, 0.8475398002739555, 0.8475398002739555, 0.8475398002739555, 0.8475398002739555, 0.8475398002739555, 0.8475398002739555, 0.8475398002739555, 0.8475398002739555, 0.8475398002739555, 0.8475398002739555, 0.8475398002739555, 0.8475398002739555, 0.8475398002739555, 0.8475398002739555, 0.8475398002739555, 0.8475398002739555, 0.8475398002739555, 0.8475398002739555, 0.8475398002739555, 0.8475398002739555, 0.8475398002739555, 0.8475398002739555, 0.8475398002739555, 0.8475398002739555, 0.8475398002739555, 0.8475398002739555, 0.8475398002739555, 0.8475398002739555, 0.8475398002739555, 0.8475398002739555, 0.8475398002739555, 0.8475398002739555, 0.8475398002739555, 0.8475398002739555, 0.8475398002739555, 0.8475398002739555, 0.8475398002739555, 0.8475398002739555, 0.8475398002739555, 0.8475398002739555, 0.8475398002739555], "val_acc_hist": [0.8448929111289974, 0.8448929111289974, 0.8448929111289974, 0.8448929111289974, 0.8448929111289974, 0.8448929111289974, 0.8448929111289974, 0.8448929111289974, 0.8448929111289974, 0.8448929111289974, 0.8448929111289974, 0.8448929111289974, 0.8448929111289974, 0.8448929111289974, 0.8448929111289974, 0.8448929111289974, 0.8448929111289974, 0.8448929111289974, 0.8448929111289974, 0.8448929111289974, 0.8448929111289974, 0.8448929111289974, 0.8448929111289974, 0.8448929111289974, 0.8448929111289974, 0.8448929111289974, 0.8448929111289974, 0.8448929111289974, 0.8448929111289974, 0.8448929111289974, 0.8448929111289974, 0.8448929111289974, 0.8448929111289974, 0.8448929111289974, 0.8448929111289974, 0.8448929111289974, 0.8448929111289974, 0.8448929111289974, 0.8448929111289974, 0.8448929111289974, 0.8448929111289974, 0.8448929111289974, 0.8448929111289974, 0.8448929111289974, 0.8448929111289974, 0.8448929111289974, 0.8448929111289974, 0.8448929111289974, 0.8448929111289974, 0.8448929111289974, 0.8448929111289974, 0.8448929111289974, 0.8448929111289974, 0.8448929111289974, 0.8448929111289974, 0.8448929111289974, 0.8448929111289974, 0.8448929111289974, 0.8448929111289974, 0.8448929111289974, 0.8448929111289974, 0.8448929111289974, 0.8448929111289974, 0.8448929111289974, 0.8448929111289974, 0.8448929111289974, 0.8448929111289974, 0.8448929111289974, 0.8448929111289974, 0.8448929111289974, 0.8448929111289974, 0.8448929111289974, 0.8448929111289974, 0.8448929111289974, 0.8448929111289974, 0.8448929111289974, 0.8448929111289974, 0.8448929111289974, 0.8448929111289974, 0.8448929111289974],