{"name": null, "run_number": 0, "data_file_name": "", "date_iso": "2022-03-28", "author": "Jonas", "description": "ohne nina daten", "architecture": [64, 40, 40, 30, 20, 10, 11], "bias_list": [1, 1, 1, 1, 1, 1], "train_acc": 0.8805141236695762, "loss_function": "categorical_cross_entropy", "activation_functions": ["sigmoid", "sigmoid", "sigmoid", "sigmoid", "sigmoid", "softmax"], "lr": 0.001939, "epochs": 10, "batch_size": 128, "num_samples": 135765, "scaler": {"mean": [1.0152314661363392e-05, 2.4167134386623978e-05, 4.7004912900968665e-05, 5.6104003240894095e-05, 2.9654594335800848e-05, 6.15297904467278e-05, 0.00021792593820204028, 0.00020742369535594596, 7.524451810113066e-05, -3.1962361433359328e-06, -2.6371995727912204e-05, -0.00011976948403491328, -0.00024724914374102327, -0.0003718111221596142, -0.00048215798622619976, 9.048083084742019e-05, 0.00035774788789452375, 0.0005070152763967149, 0.0005804859278901043, 0.0007672428976540344, 1.4916355467167526e-05, 3.619510183036863e-05, 8.709760984053335e-05, 0.00010078042205281187, 9.33132913490221e-05, 4.72446948771775e-05, 0.00019036330423894215, 0.0001564746215887747, 0.00010322195705815199, -5.2269310941700634e-05, -6.570191139100654e-05, -0.00025855694766692454, -0.0005304637424962252, -0.000767861606452326, -0.0009775123411777703, 7.504142452031083e-05, 0.00023858718373660377, 0.00020442309873678794, 0.00017102337863219539, 0.00016218800132582016, 6.64326004493058e-05, 7.360089124590283e-05, 4.516868854270241e-05, 5.896864434869073e-05, 3.5676499834273697e-06, 3.654041174087581e-05, 7.1461466504622e-05, 0.00010054733546937714, 0.00019361955585018228, 0.00015117595109196026, 0.03384847459949177, 0.13819354069163628, 0.29029379947703754, 0.43254732860457407, 0.5758973848488197, -0.014647720472875927, -0.01250496546237985, -0.029602061002467497, -0.012301382101425258, -0.017495228505137548, 0.08305978960704156, -0.7843002002504327, -0.07890319850476928, -0.829329334209848], "std": [0.016630055074737173, 0.035335499834037824, 0.053640125498500425, 0.07035930600825532, 0.08696623573534074, 0.026669310819152584, 0.05059101663324514, 0.06826407519745714, 0.08549032202302646, 0.10126256003269167, 0.013998192969715351, 0.03183771851453885, 0.0487772885269321, 0.06509728448462893, 0.08014619615427836, 0.024709645553988812, 0.04853880820028597, 0.06981822362216267, 0.08953379759940544, 0.10715539364215063, 0.021265025052509386, 0.049460586145570626, 0.07711177446507045, 0.1038808554662707, 0.12740936559561689, 0.04263811717521937, 0.09335881293306196, 0.13877515536776242, 0.1800733620232183, 0.22027316866074084, 0.02309995031314027, 0.05876526126653375, 0.09537409198317504, 0.1270120641134338, 0.15375989444553037, 0.04227810439115921, 0.09878592773483644, 0.15635958530538824, 0.21208065963191045, 0.2646711869828876, 0.023410150813214427, 0.05199662080137292, 0.07528702247320768, 0.09305844305571384, 0.10684780060118265, 0.02428196809855898, 0.04997078440939507, 0.06831792597060292, 0.08039830685454956, 0.0876050957528968, 7.486039570893032, 25.917204379365003, 55.06802219115899, 81.26367953741999, 104.40594177996827, 4.133250333354104, 4.829264696570928, 5.370658827287476, 6.8377929003041835, 8.002284161262672, 0.1469569268435295, 0.6242719505604084, 0.1541969925392551, 0.6121553814204888]}, "loss_hist": [0.802156043463858, 0.5380232063511944, 0.4787500131465332, 0.442632453116585, 0.4184268877401025, 0.38529501162688984, 0.3494070890577895, 0.35065636455869154, 0.34057564319157874, 0.3189303478298539], "acc_hist": [0.8484440025043273, 0.8293890177880897, 0.8247633778956285, 0.851353441608662, 0.8533200751298199, 0.8559127904835562, 0.863875078260229, 0.8646558391337974, 0.8693109417007329, 0.8805141236695762], "val_acc_hist": [0.8330776224570974, 0.7900045459711331, 0.7873053756108649, 0.8152346857597454, 0.8184736901920673, 0.8203489032844642, 0.8309182861688829, 0.8327366746221162, 0.8333333333333334, 0.8462325264234573], "f1_score_hist": [[0.9307169985038555, 0, 0.32678438199452875, 0, 0, 0, 0, 0, 0, 0, 0], [0.9344099248828749, 0, 0.3968998181992154, 0.33447265625, 0, 0, 0, 0, 0, 0, 0], [0.9425005481891857, 0, 0.403983755559853, 0.3472390776699029, 0, 0, 0, 0, 0, 0, 0], [0.9493676483594234, 0, 0.43924640135478416, 0.455957530475816, 0, 0, 0, 0, 0, 0, 0.42224681793027113], [0.9467715919644166, 0, 0.4916798250941334, 0.5286754665452891, 0.057069573581276054, 0, 0, 0, 0.15313653136531366, 0, 0.4456854620789047], [0.9462869196426575, 0, 0.4847409510290987, 0.6156553477155706, 0.04017531044558072, 0, 0, 0, 0.43666990605766115, 0, 0.4429488182814212], [0.9503325251896172, 0, 0.508785140562249, 0.6715661790938281, 0.06579439252336448, 0, 0, 0.24256292906178487, 0.42660679202918883, 0, 0.4318379618640714], [0.9497484299172138, 0.033982300884955755, 0.5131328511610201, 0.6952821190109325, 0.10071942446043165, 0, 0, 0.4008676789587852, 0.4581124072110287, 0, 0.4477565353101834], [0.9464742312359782, 0.5414790996784566, 0.5020650490449148, 0.7284300943323875, 0.18838789376158122, 0.07434052757793765, 0, 0.3170731707317073, 0.45293466223698786, 0, 0.5068769163381516], [0.948510744806379, 0.6524236983842011, 0.5417914511298665, 0.7451072860174488, 0.2250783699059561, 0.32573839662447257, 0, 0.5086103323988787, 0.534477070273837, 0, 0.5394663183429743]], "f1_score_val_hist": [[0.9274006184807165, 0, 0.21014892443463873, 0, 0, 0, 0, 0, 0, 0, 0], [0.920026777897935, 0, 0.2551656280747786, 0.22000356569798538, 0, 0, 0, 0, 0, 0, 0], [0.9280613316530141, 0, 0.26150767178118745, 0.23787767133382462, 0, 0, 0, 0, 0, 0, 0], [0.9361437671552126, 0, 0.28997390980245996, 0.30891840607210624, 0, 0, 0, 0, 0, 0, 0.38465473145780055], [0.9325573314801945, 0, 0.3227467811158798, 0.3810396152965423, 0.07142857142857142, 0, 0, 0, 0.11320754716981132, 0, 0.4324992276799506], [0.9312555685609964, 0, 0.3251895534962089, 0.47643530419880037, 0.03136531365313654, 0, 0, 0, 0.3324299909665763, 0, 0.4341211627275197], [0.9364657672205726, 0, 0.34870848708487084, 0.5353925353925354, 0.05600722673893405, 0, 0, 0.1797752808988764, 0.35039999999999993, 0, 0.42920110192837463], [0.9358405153651954, 0.04761904761904762, 0.3565380997177799, 0.5592766242464835, 0.09666080843585238, 0, 0, 0.39030612244897955, 0.3468780971258672, 0, 0.45269526952695266], [0.9312624619582328, 0.488933601609658, 0.3389990557129367, 0.6049338577046836, 0.17546583850931677, 0.06324110671936758, 0, 0.2582496413199426, 0.361198738170347, 0, 0.4916067146282973], [0.9348561464690498, 0.5411365564037319, 0.3837029396596184, 0.6209174311926605, 0.219070133963751, 0.24523160762942778, 0, 0.4624145785876993, 0.43106796116504853, 0, 0.5213299874529486]]}