{"name": null, "run_number": 0, "data_file_name": "", "date_iso": "2022-03-28", "author": "Jonas", "description": "ohne nina daten", "architecture": [64, 40, 40, 30, 20, 10, 11], "bias_list": [1, 1, 1, 1, 1, 1], "train_acc": 0.9608293742864509, "loss_function": "categorical_cross_entropy", "activation_functions": ["leaky_relu", "leaky_relu", "leaky_relu", "leaky_relu", "leaky_relu", "softmax"], "lr": 0.002999, "epochs": 10, "batch_size": 128, "num_samples": 135765, "scaler": {"mean": [1.0152314661363392e-05, 2.4167134386623978e-05, 4.7004912900968665e-05, 5.6104003240894095e-05, 2.9654594335800848e-05, 6.15297904467278e-05, 0.00021792593820204028, 0.00020742369535594596, 7.524451810113066e-05, -3.1962361433359328e-06, -2.6371995727912204e-05, -0.00011976948403491328, -0.00024724914374102327, -0.0003718111221596142, -0.00048215798622619976, 9.048083084742019e-05, 0.00035774788789452375, 0.0005070152763967149, 0.0005804859278901043, 0.0007672428976540344, 1.4916355467167526e-05, 3.619510183036863e-05, 8.709760984053335e-05, 0.00010078042205281187, 9.33132913490221e-05, 4.72446948771775e-05, 0.00019036330423894215, 0.0001564746215887747, 0.00010322195705815199, -5.2269310941700634e-05, -6.570191139100654e-05, -0.00025855694766692454, -0.0005304637424962252, -0.000767861606452326, -0.0009775123411777703, 7.504142452031083e-05, 0.00023858718373660377, 0.00020442309873678794, 0.00017102337863219539, 0.00016218800132582016, 6.64326004493058e-05, 7.360089124590283e-05, 4.516868854270241e-05, 5.896864434869073e-05, 3.5676499834273697e-06, 3.654041174087581e-05, 7.1461466504622e-05, 0.00010054733546937714, 0.00019361955585018228, 0.00015117595109196026, 0.03384847459949177, 0.13819354069163628, 0.29029379947703754, 0.43254732860457407, 0.5758973848488197, -0.014647720472875927, -0.01250496546237985, -0.029602061002467497, -0.012301382101425258, -0.017495228505137548, 0.08305978960704156, -0.7843002002504327, -0.07890319850476928, -0.829329334209848], "std": [0.016630055074737173, 0.035335499834037824, 0.053640125498500425, 0.07035930600825532, 0.08696623573534074, 0.026669310819152584, 0.05059101663324514, 0.06826407519745714, 0.08549032202302646, 0.10126256003269167, 0.013998192969715351, 0.03183771851453885, 0.0487772885269321, 0.06509728448462893, 0.08014619615427836, 0.024709645553988812, 0.04853880820028597, 0.06981822362216267, 0.08953379759940544, 0.10715539364215063, 0.021265025052509386, 0.049460586145570626, 0.07711177446507045, 0.1038808554662707, 0.12740936559561689, 0.04263811717521937, 0.09335881293306196, 0.13877515536776242, 0.1800733620232183, 0.22027316866074084, 0.02309995031314027, 0.05876526126653375, 0.09537409198317504, 0.1270120641134338, 0.15375989444553037, 0.04227810439115921, 0.09878592773483644, 0.15635958530538824, 0.21208065963191045, 0.2646711869828876, 0.023410150813214427, 0.05199662080137292, 0.07528702247320768, 0.09305844305571384, 0.10684780060118265, 0.02428196809855898, 0.04997078440939507, 0.06831792597060292, 0.08039830685454956, 0.0876050957528968, 7.486039570893032, 25.917204379365003, 55.06802219115899, 81.26367953741999, 104.40594177996827, 4.133250333354104, 4.829264696570928, 5.370658827287476, 6.8377929003041835, 8.002284161262672, 0.1469569268435295, 0.6242719505604084, 0.1541969925392551, 0.6121553814204888]}, "loss_hist": [0.1568702630575586, 0.1367322748723785, 0.12007707811241149, 0.13171251540340237, 0.09817771257706769, 0.0926870174169447, 0.09746373646065111, 0.09608541710978967, 0.10637271570965197, 0.09754942559479483], "acc_hist": [0.9444039332670423, 0.9488307001068021, 0.9522704673516739, 0.953036496888005, 0.9597908150112326, 0.9608809339667809, 0.9597981806798512, 0.961646963503112, 0.9578757411704047, 0.9608293742864509], "val_acc_hist": [0.9327764518695306, 0.942891237640641, 0.9397374701670644, 0.9454199340834186, 0.9475508580520514, 0.9491987725877941, 0.9476645073303784, 0.9516138197522446, 0.949085123309467, 0.9515854074326628], "f1_score_hist": [[0.9683546787718633, 0.8154650728427345, 0.7912555620042561, 0.8307858298867111, 0.8784261715296198, 0.6183510638297873, 0.685972850678733, 0.8029427220178665, 0.8829545454545454, 0.8458308338332333, 0.8235630540463253], [0.9701532317614007, 0.8261035007610351, 0.7929368029739777, 0.8451830785638109, 0.8886978942844864, 0.7950310559006212, 0.7733175914994097, 0.8780487804878049, 0.8908730158730158, 0.8845425867507887, 0.8069840403764834], [0.9719769673704415, 0.8233999633229416, 0.8148434480092772, 0.8511968560200072, 0.8714943491000419, 0.8383658969804617, 0.8132231404958677, 0.8412887828162291, 0.8940825459970164, 0.8701622971285893, 0.8497679814385152], [0.9722865453467125, 0.8215919487648674, 0.8280078895463511, 0.867958867958868, 0.9385863267670914, 0.8677839851024207, 0.7365020766035995, 0.8909657320872274, 0.9334032511798637, 0.9167213114754099, 0.7857237276933245], [0.9765350155104587, 0.8238740388136213, 0.8479794740218088, 0.887986399697771, 0.9359251259899208, 0.8510370835952231, 0.7604485219164118, 0.826568265682657, 0.9368591473286562, 0.8942065491183879, 0.8478292225587768], [0.9769961400008674, 0.8341426970489354, 0.8279780564263324, 0.8965253182731885, 0.9262017603249831, 0.8545343883140597, 0.7757100881488737, 0.8698092031425365, 0.939443535188216, 0.8641826923076923, 0.868168168168168], [0.9762930940752306, 0.8133524766690595, 0.8282435323866951, 0.8809743495109799, 0.9407239819004525, 0.8167895632444697, 0.8280254777070064, 0.8777714610574189, 0.9166240409207161, 0.8772782503037667, 0.8847257893941683], [0.9774593987148169, 0.8434684684684685, 0.8288427989920527, 0.907804168686379, 0.9555079704972638, 0.7997750281214848, 0.8276225619399051, 0.8138572905894519, 0.9337572866984633, 0.8556149732620321, 0.8613414811581551], [0.9752173969784104, 0.8374181478016839, 0.7988252569750368, 0.9124865551970275, 0.9202067880422565, 0.8154111558366877, 0.8207904710341093, 0.8522789676002197, 0.8974874371859296, 0.869198312236287, 0.8338478809991581], [0.9769314377635754, 0.8412787436904094, 0.8016269180994638, 0.8917602996254682, 0.9315436241610738, 0.8511904761904763, 0.8774566473988439, 0.8590529247910864, 0.9081735620585267, 0.8798047589993899, 0.874447391688771]],