{"name": null, "run_number": 0, "data_file_name": "", "date_iso": "2022-03-28", "author": "Jonas", "description": "ohne nina daten", "architecture": [64, 40, 40, 30, 20, 10, 11], "bias_list": [1, 1, 1, 1, 1, 1], "train_acc": 0.9594372629175414, "loss_function": "categorical_cross_entropy", "activation_functions": ["relu", "relu", "relu", "relu", "relu", "softmax"], "lr": 0.000669, "epochs": 10, "batch_size": 128, "num_samples": 135765, "scaler": {"mean": [1.0152314661363392e-05, 2.4167134386623978e-05, 4.7004912900968665e-05, 5.6104003240894095e-05, 2.9654594335800848e-05, 6.15297904467278e-05, 0.00021792593820204028, 0.00020742369535594596, 7.524451810113066e-05, -3.1962361433359328e-06, -2.6371995727912204e-05, -0.00011976948403491328, -0.00024724914374102327, -0.0003718111221596142, -0.00048215798622619976, 9.048083084742019e-05, 0.00035774788789452375, 0.0005070152763967149, 0.0005804859278901043, 0.0007672428976540344, 1.4916355467167526e-05, 3.619510183036863e-05, 8.709760984053335e-05, 0.00010078042205281187, 9.33132913490221e-05, 4.72446948771775e-05, 0.00019036330423894215, 0.0001564746215887747, 0.00010322195705815199, -5.2269310941700634e-05, -6.570191139100654e-05, -0.00025855694766692454, -0.0005304637424962252, -0.000767861606452326, -0.0009775123411777703, 7.504142452031083e-05, 0.00023858718373660377, 0.00020442309873678794, 0.00017102337863219539, 0.00016218800132582016, 6.64326004493058e-05, 7.360089124590283e-05, 4.516868854270241e-05, 5.896864434869073e-05, 3.5676499834273697e-06, 3.654041174087581e-05, 7.1461466504622e-05, 0.00010054733546937714, 0.00019361955585018228, 0.00015117595109196026, 0.03384847459949177, 0.13819354069163628, 0.29029379947703754, 0.43254732860457407, 0.5758973848488197, -0.014647720472875927, -0.01250496546237985, -0.029602061002467497, -0.012301382101425258, -0.017495228505137548, 0.08305978960704156, -0.7843002002504327, -0.07890319850476928, -0.829329334209848], "std": [0.016630055074737173, 0.035335499834037824, 0.053640125498500425, 0.07035930600825532, 0.08696623573534074, 0.026669310819152584, 0.05059101663324514, 0.06826407519745714, 0.08549032202302646, 0.10126256003269167, 0.013998192969715351, 0.03183771851453885, 0.0487772885269321, 0.06509728448462893, 0.08014619615427836, 0.024709645553988812, 0.04853880820028597, 0.06981822362216267, 0.08953379759940544, 0.10715539364215063, 0.021265025052509386, 0.049460586145570626, 0.07711177446507045, 0.1038808554662707, 0.12740936559561689, 0.04263811717521937, 0.09335881293306196, 0.13877515536776242, 0.1800733620232183, 0.22027316866074084, 0.02309995031314027, 0.05876526126653375, 0.09537409198317504, 0.1270120641134338, 0.15375989444553037, 0.04227810439115921, 0.09878592773483644, 0.15635958530538824, 0.21208065963191045, 0.2646711869828876, 0.023410150813214427, 0.05199662080137292, 0.07528702247320768, 0.09305844305571384, 0.10684780060118265, 0.02428196809855898, 0.04997078440939507, 0.06831792597060292, 0.08039830685454956, 0.0876050957528968, 7.486039570893032, 25.917204379365003, 55.06802219115899, 81.26367953741999, 104.40594177996827, 4.133250333354104, 4.829264696570928, 5.370658827287476, 6.8377929003041835, 8.002284161262672, 0.1469569268435295, 0.6242719505604084, 0.1541969925392551, 0.6121553814204888]}, "loss_hist": [0.26323990639889294, 0.19634527385978892, 0.16929686482687312, 0.15983129530095985, 0.14063081787039486, 0.14480084792531006, 0.1192393011159809, 0.12886283378682245, 0.12404045166494293, 0.10610344755018078], "acc_hist": [0.9207159429897249, 0.9399182410783339, 0.9458181416418076, 0.9477258498140169, 0.9508120649651972, 0.9470555739697271, 0.954848451368173, 0.9544359739255331, 0.9537951607557176, 0.9594372629175414], "val_acc_hist": [0.8998749857938402, 0.9245937038299806, 0.9326343902716218, 0.9372940106830322, 0.936697351971815, 0.9347937265598364, 0.9434878963518581, 0.9444255028980566, 0.9436867825889306, 0.9519547675872259], "f1_score_hist": [[0.9563314372426135, 0.7852619458837075, 0.7564296520423601, 0.7772810067892035, 0.6957150605677094, 0.36324786324786323, 0.6487912087912088, 0.8514851485148515, 0.2594681708299758, 0.6817733990147784, 0.7823827109834497], [0.9653139758614658, 0.8027184466019417, 0.7359858532272325, 0.8735260555344238, 0.835060091172814, 0.7477578475336323, 0.8348729792147807, 0.8662576687116564, 0.6712454212454212, 0.7433155080213905, 0.7874183659869386], [0.9684930968021084, 0.8065905261187044, 0.7717005786820982, 0.8594860579551669, 0.8304539975893934, 0.8408370323398859, 0.8497284248642124, 0.8604516502605675, 0.7873799725651577, 0.8493317132442285, 0.8067042176123094], [0.9695159494334185, 0.7933405718422006, 0.7739891932178126, 0.8719092768172523, 0.8856216216216216, 0.8270874424720579, 0.8314855875831485, 0.881396748946418, 0.8567088607594936, 0.7841218053289831, 0.7976909652302324], [0.9710923107816689, 0.8044428259286234, 0.7798486805683705, 0.8705534509840155, 0.8877944325481798, 0.8284023668639052, 0.8460236886632825, 0.8487534626038781, 0.8621700879765396, 0.9043367346938777, 0.8223152022315202], [0.9698062308206052, 0.737085327611817, 0.7693412313767727, 0.9047619047619048, 0.8841970569417786, 0.7612761276127612, 0.8546712802768167, 0.8803269118505547, 0.7805171377029465, 0.7502601456815817, 0.8145094806265457], [0.9734813995129327, 0.8215859030837004, 0.7722772277227722, 0.8892252388610349, 0.9366742596810934, 0.8237347294938917, 0.8599537037037037, 0.8817966903073287, 0.8819444444444444, 0.8804414469650521, 0.8192737815822173], [0.9732351825943699, 0.8004974240540059, 0.7991655604020481, 0.8904833836858006, 0.9427131072410633, 0.7320125130344108, 0.8597387847813742, 0.8697142857142858, 0.8964824120603015, 0.8814180929095355, 0.8257596877613604], [0.9729034508316439, 0.8432950191570882, 0.7837641062977794, 0.9008766014834794, 0.8837110781614064, 0.8042203985932004, 0.833426808749299, 0.8720271800679502, 0.866923818707811, 0.8591800356506238, 0.8123211121711872], [0.9761630660022851, 0.8342085521380345, 0.8040770101925255, 0.9065971216072636, 0.912910284463895, 0.8170802077322562, 0.8517067711247901, 0.8922155688622755, 0.9206349206349207, 0.9199999999999998, 0.8317965912265997]],