{"name": null, "run_number": 0, "data_file_name": "", "date_iso": "2022-03-29", "author": "Jonas", "description": "alle daten", "architecture": [52, 40, 30, 20, 10, 4], "bias_list": [1, 1, 1, 1, 1], "train_acc": 0.1405300640555641, "loss_function": "categorical_cross_entropy", "activation_functions": ["leaky_relu", "leaky_relu", "leaky_relu", "leaky_relu", "softmax"], "lr": 0.001684, "epochs": 80, "batch_size": 256, "num_samples": 175941, "scaler": {"mean": [7.145534014243414e-05, 0.000214723731250817, 0.0002962366077264539, 0.00028962320323290205, 0.00020473225683609845, 0.0005377527466593915, 0.0007857292899324205, 0.0009979586338602145, -9.789758498587594e-05, -0.0002813267515814961, -0.0005339877061060243, -0.0009100138910202851, 0.00022351264912669582, 0.0005792480376944544, 0.0009174120983738869, 0.0013180990218311821, 0.00010581294865892545, 0.0003001874378342741, 0.00042514588981533576, 0.0004994684127065322, 0.0003244190438840292, 0.0009335439891781904, 0.001378535736411638, 0.0019132967187864113, -0.00013363630421561775, -0.0004159266913340268, -0.0007995690600826413, -0.0012652502713977982, 0.000330358193940014, 0.0008745539754804167, 0.0013460370578773566, 0.0019443878913954114, 0.00020750479422078995, 0.0005117411234447911, 0.0007435049874673896, 0.0010395394365156504, 0.00016838653866921296, 0.0004775128878430838, 0.0007466974951830443, 0.001072848193428479, 0.040515172245241295, 0.15569370814648098, 0.3255709493750745, 0.49476294283879246, -0.014382112441102414, -0.04076613622180162, -0.07670976829732694, -0.0636619687281532, 0.07296218944418868, -0.7827176576750159, -0.06406082311115659, -0.8201569928328246], "std": [0.0451672455401864, 0.07667305396123224, 0.09644837322340365, 0.11577331882617709, 0.04823251839431375, 0.0810169862297191, 0.1103593971889606, 0.1352344690646171, 0.047750888410549926, 0.07498652186571288, 0.10533130758708839, 0.12777795418109966, 0.05057434687973171, 0.07977739090553518, 0.11292171302365904, 0.14317390835328775, 0.05164281292461256, 0.08697618311692276, 0.112888519684835, 0.13685154814636621, 0.07200327557411249, 0.13061454906830514, 0.18648873303125896, 0.23707345272077518, 0.05261773179060906, 0.08885798723742322, 0.13082555160128834, 0.1633833412117642, 0.08191118447906211, 0.1417805882102565, 0.20738622077121388, 0.2703755374723751, 0.037827524758807365, 0.06878732916150937, 0.0937614933914955, 0.11443066371580439, 0.03543388578062412, 0.06536679157984299, 0.08608064733718998, 0.10145928453077022, 8.611797742106258, 24.6458371615954, 50.548251966329666, 73.85426862400588, 5.8556762426565525, 9.75107382879198, 12.41373658384884, 15.835755828950415, 0.15067176815151623, 0.5850823722634543, 0.1521215518880569, 0.5779450673972657]}, "loss_hist": [2.205064621657747, 2.585851052814639, 18.583734780013863, 2.8234829195812163, 2.8815098957190406, 18.151945632734034, 18.145736558707465, 3.0087084294027506, 18.142696331180332, 18.570112166687828, 18.573810235392042, 18.140234154533147, 18.570126525692423, 3.155586343617568, 18.13630199641158, 18.221342503703234, 18.566148614361992, 3.310474020343272, 18.132110495073448, 18.56402547044343, 18.654126437615584, 3.3737247336758114, 3.293041793985474, 18.128373105367935, 18.127866455956486, 18.138765249698398, 18.137963058389563, 3.4566455943575884, 18.121899803402744, 18.13611142661268, 18.1360449695107, 18.13502834193575, 3.434812067326064, 3.444333189067513, 3.4542898880882076, 3.55299398077474, 18.123155042136595, 3.477493594842771, 3.5909208517120574, 3.5018751547294484, 18.559785199158625, 3.5352083984412017, 3.5445134385995156, 3.5438555346719185, 15.959321048424028, 3.5756087609606757, 1.3945781114663522, 18.56031662953878, 16.48323012271041, 18.559269793894803, 3.621309462590528, 3.6330879939332625, 1.3946131568763793, 16.301413174249465, 3.6660678817044183, 18.11432114362103, 3.691675371213854, 3.710073778249735, 18.11307738227152, 3.780642712007593, 16.22610478340886, 3.749224313013119, 3.7476931039380297, 16.19960308787985, 3.776197149797386, 16.30693385566575, 1.3944603261525659, 3.7925783046082273, 3.9155371756305213, 3.9257844979022734, 3.934723707412265, 3.8341195779666606, 15.661795346581679, 15.651901380250333, 15.641536272665112, 3.873392001223714, 18.108206817828297, 18.11580987866096, 3.909467295546381, 16.045970190421865], "acc_hist": [0.8077878379684099, 0.789975048453743, 0.01731262184482298, 0.7785734990707112, 0.7757771070984023, 0.03883119909515122, 0.039075599206552195, 0.7696443694192939, 0.03929158070034841, 0.018545989848869793, 0.01852325495478598, 0.039462092405977006, 0.01869376666041457, 0.7625567661886655, 0.03966102272921036, 0.03554600690004035, 0.018909748154210787, 0.7550826697586123, 0.03984858560540181, 0.019023422624629846, 0.014669690407579815, 0.7520305102278605, 0.7559238608397133, 0.04004183220511422, 0.04007025082271898, 0.039541664535270346, 0.039581450599917016, 0.7480291688691095, 0.040326018381161864, 0.039672390176252265, 0.039672390176252265, 0.03971785996441989, 0.7490806577204858, 0.7486202761152887, 0.7481428433395286, 0.74337988302897, 0.0402975997635571, 0.7470231498059008, 0.741549724055223, 0.7458466190370635, 0.019228036671384157, 0.7442381252806338, 0.7437891111224786, 0.7438175297400833, 0.1447132845669855, 0.742288608112947, 0.8475341165504345, 0.019199618053779392, 0.11943208234578637, 0.019228036671384157, 0.7400833233868171, 0.7395149510347219, 0.8475284328269136, 0.12820206773861692, 0.737923508448855, 0.04072387902762858, 0.7366787729977663, 0.7357921121284976, 0.040780716262838114, 0.7323420919512791, 0.13183965079202686, 0.7339107996430622, 0.7339846880488345, 0.1331184885842413, 0.7326092269567639, 0.12793493273313214, 0.8475398002739555, 0.7317964544932676, 0.7258853820314765, 0.7253908980851536, 0.7249475676505192, 0.729812834984455, 0.1590703701809129, 0.15954780295667298, 0.16004797062651685, 0.7279144713284567, 0.04099101403311337, 0.04064999062185619, 0.726175251931045, 0.1405300640555641], "val_acc_hist": [0.8020573627279688, 0.7897092600954082, 0.012583678517442432, 0.7800702801389898, 0.7774985767290289, 0.03608237303441371, 0.03616089832937435, 0.7715306543120203, 0.03641610553799643, 0.013467088085749621, 0.013467088085749621, 0.03657315612791771, 0.013702663970631539, 0.7652486307151691, 0.03678910068905946, 0.03421739727909853, 0.013957871179253617, 0.7596144408017432, 0.03718172716386266, 0.014173815740395375, 0.011150591884410766, 0.7568267928306406, 0.7594181275643417, 0.03751545966744538, 0.03751545966744538, 0.03572900920709084, 0.03570937788335067, 0.7529397907300889, 0.037652878933626496, 0.035768271854571154, 0.035768271854571154, 0.03582716582579163, 0.751722648658199, 0.751231865564695, 0.7507214511474509, 0.7484245862698522, 0.037790298199807615, 0.7508392390898918, 0.7465988731620173, 0.749759516284183, 0.014507548243978092, 0.746814817723159, 0.7462258780109543, 0.7479338031763482, 0.13541687115962228, 0.744714266082962, 0.8448929111289974, 0.01462533618641905, 0.11193780796639118, 0.01468423015763953, 0.7443805335793793, 0.7439879071045761, 0.8448536484815171, 0.11613891124678537, 0.742868921651387, 0.03835960658827225, 0.7418284614931585, 0.7392567580831976, 0.038398869235752565, 0.737961090716347, 0.11961365554879365, 0.7373917823278824, 0.7390015508745754, 0.12069337835450245, 0.7364102161408744, 0.11967254952001413, 0.8448929111289974, 0.7369598932055988, 0.7322091128604802, 0.7317772237381966, 0.731325703292173, 0.7350360234790632, 0.14906064115903336, 0.1494728989575767, 0.14984589410863974, 0.7334458862561103, 0.03904670291917784, 0.0370639392214217, 0.7298926166591413, 0.12797659946210174],