{"name": null, "run_number": 0, "data_file_name": "", "date_iso": "2022-03-28", "author": "Jonas", "description": "ohne nina daten", "architecture": [64, 40, 40, 30, 20, 10, 11], "bias_list": [1, 1, 1, 1, 1, 1], "train_acc": 0.9582366589327146, "loss_function": "categorical_cross_entropy", "activation_functions": ["relu", "relu", "relu", "relu", "relu", "softmax"], "lr": 0.000538, "epochs": 10, "batch_size": 128, "num_samples": 135765, "scaler": {"mean": [1.0152314661363392e-05, 2.4167134386623978e-05, 4.7004912900968665e-05, 5.6104003240894095e-05, 2.9654594335800848e-05, 6.15297904467278e-05, 0.00021792593820204028, 0.00020742369535594596, 7.524451810113066e-05, -3.1962361433359328e-06, -2.6371995727912204e-05, -0.00011976948403491328, -0.00024724914374102327, -0.0003718111221596142, -0.00048215798622619976, 9.048083084742019e-05, 0.00035774788789452375, 0.0005070152763967149, 0.0005804859278901043, 0.0007672428976540344, 1.4916355467167526e-05, 3.619510183036863e-05, 8.709760984053335e-05, 0.00010078042205281187, 9.33132913490221e-05, 4.72446948771775e-05, 0.00019036330423894215, 0.0001564746215887747, 0.00010322195705815199, -5.2269310941700634e-05, -6.570191139100654e-05, -0.00025855694766692454, -0.0005304637424962252, -0.000767861606452326, -0.0009775123411777703, 7.504142452031083e-05, 0.00023858718373660377, 0.00020442309873678794, 0.00017102337863219539, 0.00016218800132582016, 6.64326004493058e-05, 7.360089124590283e-05, 4.516868854270241e-05, 5.896864434869073e-05, 3.5676499834273697e-06, 3.654041174087581e-05, 7.1461466504622e-05, 0.00010054733546937714, 0.00019361955585018228, 0.00015117595109196026, 0.03384847459949177, 0.13819354069163628, 0.29029379947703754, 0.43254732860457407, 0.5758973848488197, -0.014647720472875927, -0.01250496546237985, -0.029602061002467497, -0.012301382101425258, -0.017495228505137548, 0.08305978960704156, -0.7843002002504327, -0.07890319850476928, -0.829329334209848], "std": [0.016630055074737173, 0.035335499834037824, 0.053640125498500425, 0.07035930600825532, 0.08696623573534074, 0.026669310819152584, 0.05059101663324514, 0.06826407519745714, 0.08549032202302646, 0.10126256003269167, 0.013998192969715351, 0.03183771851453885, 0.0487772885269321, 0.06509728448462893, 0.08014619615427836, 0.024709645553988812, 0.04853880820028597, 0.06981822362216267, 0.08953379759940544, 0.10715539364215063, 0.021265025052509386, 0.049460586145570626, 0.07711177446507045, 0.1038808554662707, 0.12740936559561689, 0.04263811717521937, 0.09335881293306196, 0.13877515536776242, 0.1800733620232183, 0.22027316866074084, 0.02309995031314027, 0.05876526126653375, 0.09537409198317504, 0.1270120641134338, 0.15375989444553037, 0.04227810439115921, 0.09878592773483644, 0.15635958530538824, 0.21208065963191045, 0.2646711869828876, 0.023410150813214427, 0.05199662080137292, 0.07528702247320768, 0.09305844305571384, 0.10684780060118265, 0.02428196809855898, 0.04997078440939507, 0.06831792597060292, 0.08039830685454956, 0.0876050957528968, 7.486039570893032, 25.917204379365003, 55.06802219115899, 81.26367953741999, 104.40594177996827, 4.133250333354104, 4.829264696570928, 5.370658827287476, 6.8377929003041835, 8.002284161262672, 0.1469569268435295, 0.6242719505604084, 0.1541969925392551, 0.6121553814204888]}, "loss_hist": [0.3270576832890464, 0.19104630354090557, 0.14844114954126103, 0.13855005067234627, 0.12033370849652883, 0.10438103812970469, 0.09895062600884039, 0.1158971775031682, 0.1157531337814549, 0.10959793847035024], "acc_hist": [0.8896180900821272, 0.9411998674179649, 0.950355393510846, 0.9531175192428093, 0.9560195926785254, 0.959407800243067, 0.9620299782712776, 0.9572496593378264, 0.9561595403822782, 0.9582366589327146], "val_acc_hist": [0.8556085918854416, 0.9270087509944311, 0.9337140584157291, 0.9389135128991931, 0.9408455506307535, 0.9460450051142175, 0.9498522559381748, 0.9462154790317081, 0.9445675644959655, 0.9476360950107967], "f1_score_hist": [[0.9456470886585135, 0.7520763385757202, 0.5252854812398043, 0.7599933927981499, 0.32866043613707163, 0, 0.5100143061516452, 0, 0, 0, 0.6217072904142529], [0.9663277387004666, 0.8087492989343803, 0.7386159913947653, 0.8529195739992654, 0.8820375335120643, 0.7015113350125944, 0.848235294117647, 0.8820960698689957, 0.5098970704671417, 0.7756445419637961, 0.7777482033537396], [0.9710636703793564, 0.817279411764706, 0.7605788605971788, 0.8754709871891484, 0.8727427236031443, 0.7950617283950617, 0.8554070473876064, 0.8815165876777251, 0.9069392146315224, 0.8587155963302752, 0.8022505832304102], [0.9726025012837137, 0.8292774948122995, 0.7833017077798861, 0.8745225896599906, 0.9013650374284455, 0.8370106761565835, 0.8508042151968941, 0.8855780691299165, 0.9116570831155254, 0.8513913558318531, 0.799512987012987], [0.974169870066619, 0.8436896950984176, 0.809449433814916, 0.8827573217817121, 0.8986632169038379, 0.8217703349282296, 0.8711162255466053, 0.8637648388920295, 0.9154488517745302, 0.8837787445618397, 0.8097520887549651], [0.9762677493576216, 0.8420850900728247, 0.8033441003230097, 0.9052673743240538, 0.8966702470461869, 0.8671978751660026, 0.8592848904267589, 0.8717948717948718, 0.9263736263736262, 0.8790273556231003, 0.8245638520586182], [0.9777251965296376, 0.8476923076923076, 0.8120388349514563, 0.8926371647872642, 0.950291715285881, 0.8530864197530864, 0.8722919042189281, 0.8939660222612772, 0.9206019719771666, 0.8990595611285265, 0.8415175375805296], [0.9748679031942422, 0.8160232010150444, 0.8133436174315464, 0.8915411575258121, 0.9271028037383177, 0.8559166155732678, 0.8521927449918788, 0.8450244698205547, 0.9112365315546433, 0.8940438871473355, 0.825445434298441], [0.974548332941903, 0.8537473643856623, 0.7926470588235294, 0.9008305814069848, 0.9379932356257046, 0.7003089598352216, 0.8794974300399772, 0.8282828282828283, 0.9172699069286453, 0.8926342072409488, 0.8046969901471183], [0.9755132907981433, 0.8426859425527868, 0.8109848484848484, 0.9080078125000001, 0.9070825211176089, 0.8012307692307693, 0.8788571428571428, 0.8824884792626728, 0.91602266872746, 0.8751529987760098, 0.8093945153407549]],