{"name": null, "run_number": 0, "data_file_name": "", "date_iso": "2022-03-29", "author": "Jonas", "description": "alle daten", "architecture": [52, 40, 30, 20, 10, 4], "bias_list": [1, 1, 1, 1, 1], "train_acc": 0.03550622083539368, "loss_function": "categorical_cross_entropy", "activation_functions": ["leaky_relu", "leaky_relu", "leaky_relu", "leaky_relu", "softmax"], "lr": 0.000709, "epochs": 80, "batch_size": 512, "num_samples": 175941, "scaler": {"mean": [7.145534014243414e-05, 0.000214723731250817, 0.0002962366077264539, 0.00028962320323290205, 0.00020473225683609845, 0.0005377527466593915, 0.0007857292899324205, 0.0009979586338602145, -9.789758498587594e-05, -0.0002813267515814961, -0.0005339877061060243, -0.0009100138910202851, 0.00022351264912669582, 0.0005792480376944544, 0.0009174120983738869, 0.0013180990218311821, 0.00010581294865892545, 0.0003001874378342741, 0.00042514588981533576, 0.0004994684127065322, 0.0003244190438840292, 0.0009335439891781904, 0.001378535736411638, 0.0019132967187864113, -0.00013363630421561775, -0.0004159266913340268, -0.0007995690600826413, -0.0012652502713977982, 0.000330358193940014, 0.0008745539754804167, 0.0013460370578773566, 0.0019443878913954114, 0.00020750479422078995, 0.0005117411234447911, 0.0007435049874673896, 0.0010395394365156504, 0.00016838653866921296, 0.0004775128878430838, 0.0007466974951830443, 0.001072848193428479, 0.040515172245241295, 0.15569370814648098, 0.3255709493750745, 0.49476294283879246, -0.014382112441102414, -0.04076613622180162, -0.07670976829732694, -0.0636619687281532, 0.07296218944418868, -0.7827176576750159, -0.06406082311115659, -0.8201569928328246], "std": [0.0451672455401864, 0.07667305396123224, 0.09644837322340365, 0.11577331882617709, 0.04823251839431375, 0.0810169862297191, 0.1103593971889606, 0.1352344690646171, 0.047750888410549926, 0.07498652186571288, 0.10533130758708839, 0.12777795418109966, 0.05057434687973171, 0.07977739090553518, 0.11292171302365904, 0.14317390835328775, 0.05164281292461256, 0.08697618311692276, 0.112888519684835, 0.13685154814636621, 0.07200327557411249, 0.13061454906830514, 0.18648873303125896, 0.23707345272077518, 0.05261773179060906, 0.08885798723742322, 0.13082555160128834, 0.1633833412117642, 0.08191118447906211, 0.1417805882102565, 0.20738622077121388, 0.2703755374723751, 0.037827524758807365, 0.06878732916150937, 0.0937614933914955, 0.11443066371580439, 0.03543388578062412, 0.06536679157984299, 0.08608064733718998, 0.10145928453077022, 8.611797742106258, 24.6458371615954, 50.548251966329666, 73.85426862400588, 5.8556762426565525, 9.75107382879198, 12.41373658384884, 15.835755828950415, 0.15067176815151623, 0.5850823722634543, 0.1521215518880569, 0.5779450673972657]}, "loss_hist": [1.252278315037568, 1.4003418871507525, 17.661166438588975, 1.4101173451025828, 1.4180264166285061, 18.65999759980745, 1.4410092541699793, 18.547339731880623, 1.4679541349522676, 1.4813645051117459, 18.21771569195538, 18.217641003986625, 18.547205886515037, 1.5205102749037842, 18.200634303874512, 1.5369880816274937, 1.5444313075959495, 18.569647998577498, 18.220299049852446, 18.219591110383604, 18.220197015791953, 1.5707519658927804, 1.5751333286087528, 1.578727982168448, 1.5840115222075626, 18.220808151915584, 1.5910007612025059, 1.5948217277669905, 18.685232338644425, 18.2204671131608, 18.22111479631679, 1.6057717696174414, 18.21948430249272, 1.6107796666350243, 18.221346238668023, 1.6151906579667845, 1.6174862579190754, 18.2206366095654, 18.68562233639001, 18.683492157186578, 18.57129271321233, 1.627440456660345, 18.68565040748844, 1.6310923526839671, 18.217863571837306, 18.570952139407932, 1.636155789965903, 1.6374514676045424, 18.221699350629454, 18.22140154607717, 18.22217520312612, 18.571524217329642, 18.221947445816692, 18.22158334381418, 18.57117147942941, 18.22197569609612, 1.6501723136262822, 1.6514680004773872, 18.221583144404516, 18.686135393157013, 1.654412514561205, 1.6554594788987471, 1.6557083859540829, 18.22232962313584, 1.6584172298231077, 18.57118512022208, 18.222240321217782, 1.6610085506175174, 1.6624219727791716, 18.222544991215035, 18.22235753853432, 18.22209383840987, 18.222489165852785, 1.6650133409272163, 18.222489966031812, 18.222565846698497, 18.571591406727766, 18.571345881972647, 18.22175677890408, 18.222318997282073], "acc_hist": [0.8473295025036802, 0.8472158280332611, 0.03589271403481849, 0.846749762704543, 0.8463746369521601, 0.01335675027423966, 0.8452719945890952, 0.01884154347195935, 0.8439704219027969, 0.8433167936978874, 0.03560284413524988, 0.0356369464763756, 0.018887013260126973, 0.8414468486594938, 0.035841560523129916, 0.8406511273665603, 0.8402930527847403, 0.018682399213372666, 0.03553463945299845, 0.03558579296468702, 0.03553463945299845, 0.8390198987160469, 0.8388209683928135, 0.838639089240143, 0.838394689128742, 0.03552327200595654, 0.8380536657174849, 0.8378717865648143, 0.013146452503964397, 0.03555169062356131, 0.03554600690004035, 0.8373432002773658, 0.03559147668820798, 0.8370988001659647, 0.03553463945299845, 0.8368885023956895, 0.8367748279252704, 0.0355403231765194, 0.013129401333401538, 0.013174871121569162, 0.01865966431928885, 0.8362973951495103, 0.013129401333401538, 0.8361211997203608, 0.03560852785877084, 0.018671031766330757, 0.8358767996089598, 0.8358142786502294, 0.03552895572947749, 0.03553463945299845, 0.035511904558914634, 0.0186539805957679, 0.03551758828243559, 0.03552327200595654, 0.018665348042809806, 0.035511904558914634, 0.8352004365099664, 0.835137915551236, 0.03552895572947749, 0.013123717609880585, 0.8349958224632121, 0.8349446689515235, 0.8349333015044816, 0.03550053711187273, 0.8348025758634997, 0.0186539805957679, 0.035511904558914634, 0.8346775339460387, 0.8346093292637873, 0.03550053711187273, 0.03550622083539368, 0.03551758828243559, 0.03550053711187273, 0.8344842873463263, 0.03550053711187273, 0.03550053711187273, 0.0186539805957679, 0.018665348042809806, 0.03553463945299845, 0.03550622083539368], "val_acc_hist": [0.8442450774455722, 0.8441469208268714, 0.03435481654527965, 0.8439113449419894, 0.8436757690571075, 0.01270146645988339, 0.8428316221362806, 0.012622941164922751, 0.8420856318341545, 0.8416930053593514, 0.03425665992657885, 0.03431555389779933, 0.01266220381240307, 0.8403188126975402, 0.03429592257405917, 0.8399065548989968, 0.8396317163666346, 0.012583678517442432, 0.03425665992657885, 0.03421739727909853, 0.03421739727909853, 0.8387090441508471, 0.8385519935609258, 0.8384930995897053, 0.8383949429710046, 0.03421739727909853, 0.8380808417911619, 0.8380219478199415, 0.01260330984118259, 0.03419776595535837, 0.03419776595535837, 0.837590058697658, 0.03425665992657885, 0.8373741141365162, 0.03419776595535837, 0.837217063546595, 0.8371189069278941, 0.03427629125031901, 0.012564047193702271, 0.012564047193702271, 0.012564047193702271, 0.8368833310430123, 0.012564047193702271, 0.8367459117768311, 0.03421739727909853, 0.012564047193702271, 0.8366477551581303, 0.8366281238343901, 0.03421739727909853, 0.03421739727909853, 0.03419776595535837, 0.012564047193702271, 0.03419776595535837, 0.03423702860283869, 0.012564047193702271, 0.03419776595535837, 0.8361569720646264, 0.8360588154459255, 0.03419776595535837, 0.012564047193702271, 0.8359606588272247, 0.8359410275034845, 0.8359410275034845, 0.03419776595535837, 0.835882133532264, 0.012583678517442432, 0.03421739727909853, 0.8358232395610437, 0.8358036082373035, 0.03421739727909853, 0.03419776595535837, 0.03419776595535837, 0.03419776595535837, 0.8356661889711223, 0.03419776595535837, 0.03419776595535837, 0.012564047193702271, 0.012564047193702271, 0.03421739727909853, 0.03419776595535837],