{"name": null, "run_number": 0, "data_file_name": "", "date_iso": "2022-03-28", "author": "Jonas", "description": "ohne nina daten", "architecture": [64, 40, 40, 30, 20, 10, 11], "bias_list": [1, 1, 1, 1, 1, 1], "train_acc": 0.8255883327809082, "loss_function": "categorical_cross_entropy", "activation_functions": ["sigmoid", "sigmoid", "sigmoid", "sigmoid", "sigmoid", "softmax"], "lr": 0.000822, "epochs": 10, "batch_size": 256, "num_samples": 135765, "scaler": {"mean": [1.0152314661363392e-05, 2.4167134386623978e-05, 4.7004912900968665e-05, 5.6104003240894095e-05, 2.9654594335800848e-05, 6.15297904467278e-05, 0.00021792593820204028, 0.00020742369535594596, 7.524451810113066e-05, -3.1962361433359328e-06, -2.6371995727912204e-05, -0.00011976948403491328, -0.00024724914374102327, -0.0003718111221596142, -0.00048215798622619976, 9.048083084742019e-05, 0.00035774788789452375, 0.0005070152763967149, 0.0005804859278901043, 0.0007672428976540344, 1.4916355467167526e-05, 3.619510183036863e-05, 8.709760984053335e-05, 0.00010078042205281187, 9.33132913490221e-05, 4.72446948771775e-05, 0.00019036330423894215, 0.0001564746215887747, 0.00010322195705815199, -5.2269310941700634e-05, -6.570191139100654e-05, -0.00025855694766692454, -0.0005304637424962252, -0.000767861606452326, -0.0009775123411777703, 7.504142452031083e-05, 0.00023858718373660377, 0.00020442309873678794, 0.00017102337863219539, 0.00016218800132582016, 6.64326004493058e-05, 7.360089124590283e-05, 4.516868854270241e-05, 5.896864434869073e-05, 3.5676499834273697e-06, 3.654041174087581e-05, 7.1461466504622e-05, 0.00010054733546937714, 0.00019361955585018228, 0.00015117595109196026, 0.03384847459949177, 0.13819354069163628, 0.29029379947703754, 0.43254732860457407, 0.5758973848488197, -0.014647720472875927, -0.01250496546237985, -0.029602061002467497, -0.012301382101425258, -0.017495228505137548, 0.08305978960704156, -0.7843002002504327, -0.07890319850476928, -0.829329334209848], "std": [0.016630055074737173, 0.035335499834037824, 0.053640125498500425, 0.07035930600825532, 0.08696623573534074, 0.026669310819152584, 0.05059101663324514, 0.06826407519745714, 0.08549032202302646, 0.10126256003269167, 0.013998192969715351, 0.03183771851453885, 0.0487772885269321, 0.06509728448462893, 0.08014619615427836, 0.024709645553988812, 0.04853880820028597, 0.06981822362216267, 0.08953379759940544, 0.10715539364215063, 0.021265025052509386, 0.049460586145570626, 0.07711177446507045, 0.1038808554662707, 0.12740936559561689, 0.04263811717521937, 0.09335881293306196, 0.13877515536776242, 0.1800733620232183, 0.22027316866074084, 0.02309995031314027, 0.05876526126653375, 0.09537409198317504, 0.1270120641134338, 0.15375989444553037, 0.04227810439115921, 0.09878592773483644, 0.15635958530538824, 0.21208065963191045, 0.2646711869828876, 0.023410150813214427, 0.05199662080137292, 0.07528702247320768, 0.09305844305571384, 0.10684780060118265, 0.02428196809855898, 0.04997078440939507, 0.06831792597060292, 0.08039830685454956, 0.0876050957528968, 7.486039570893032, 25.917204379365003, 55.06802219115899, 81.26367953741999, 104.40594177996827, 4.133250333354104, 4.829264696570928, 5.370658827287476, 6.8377929003041835, 8.002284161262672, 0.1469569268435295, 0.6242719505604084, 0.1541969925392551, 0.6121553814204888]}, "loss_hist": [0.8757191009521034, 0.8545647530523418, 0.8486577136802739, 0.8345089459704911, 0.7783060579421626, 0.619306064439202, 0.5382448947425029, 0.5119388044577763, 0.49492180838364114, 0.47388060027369444], "acc_hist": [0.8647073988141274, 0.8565241409788974, 0.8482377637830074, 0.8478105550031304, 0.8549036938828122, 0.85295915736751, 0.8541376643464811, 0.8281589511287887, 0.8223179759142636, 0.8255883327809082], "val_acc_hist": [0.8648141834299352, 0.8573701556995114, 0.8351233094669849, 0.8322252528696443, 0.8412887828162291, 0.8389589726105239, 0.841800204568701, 0.794095919990908, 0.7847766791680872, 0.7898624843732243], "f1_score_hist": [[0.9274456672012388, 0, 0, 0, 0, 0, 0, 0, 0, 0, 0], [0.9341500515886447, 0, 0.006959547629404089, 0, 0.35136765888978283, 0, 0, 0, 0, 0, 0], [0.9313032936777003, 0, 0.30757701915070773, 0, 0, 0, 0, 0, 0, 0, 0], [0.9309030749983539, 0, 0.323869610935857, 0, 0, 0, 0, 0, 0, 0, 0], [0.9343392329537304, 0, 0.3644067796610169, 0, 0, 0, 0, 0, 0, 0, 0], [0.9335659026081959, 0, 0.3535042735042735, 0, 0, 0, 0, 0, 0, 0, 0], [0.935050755066271, 0, 0.37667004514880675, 0.006667836462537286, 0, 0, 0, 0, 0, 0, 0], [0.9416477125815683, 0, 0.393655092368701, 0.27398272597108675, 0, 0, 0, 0, 0, 0, 0], [0.9404747608182219, 0, 0.38833490122295394, 0.311968924496237, 0, 0, 0, 0, 0, 0, 0], [0.9428902926389068, 0, 0.41828478964401283, 0.3153361512082304, 0.009357720119098257, 0, 0, 0, 0, 0, 0]], "f1_score_val_hist": [[0.9275070847426639, 0, 0, 0, 0, 0, 0, 0, 0, 0, 0], [0.9340439706862093, 0, 0, 0, 0.4282380396732789, 0, 0, 0, 0, 0, 0], [0.9293880295897782, 0, 0.2070890315378175, 0, 0, 0, 0, 0, 0, 0, 0], [0.9276613498507654, 0, 0.2075826835170745, 0, 0, 0, 0, 0, 0, 0, 0], [0.9321487814214623, 0, 0.23286441185273868, 0, 0, 0, 0, 0, 0, 0, 0], [0.931472689780847, 0, 0.22541690626797006, 0, 0, 0, 0, 0, 0, 0, 0], [0.9340404798798704, 0, 0.2452229299363057, 0.013605442176870746, 0, 0, 0, 0, 0, 0, 0], [0.9299246982773441, 0, 0.25966101694915256, 0.17968615278496294, 0, 0, 0, 0, 0, 0, 0], [0.9261550795614968, 0, 0.25105143966353927, 0.20567705909725456, 0, 0, 0, 0, 0, 0, 0], [0.9295073694468129, 0, 0.27240649258997884, 0.21360711002145266, 0.018633540372670808, 0, 0, 0, 0, 0, 0]]}