{"name": null, "run_number": 0, "data_file_name": "", "date_iso": "2022-03-28", "author": "Jonas", "description": "ohne nina daten", "architecture": [64, 40, 40, 30, 20, 10, 11], "bias_list": [1, 1, 1, 1, 1, 1], "train_acc": 0.9321916546974551, "loss_function": "categorical_cross_entropy", "activation_functions": ["sigmoid", "sigmoid", "sigmoid", "sigmoid", "sigmoid", "softmax"], "lr": 0.003133, "epochs": 10, "batch_size": 128, "num_samples": 135765, "scaler": {"mean": [1.0152314661363392e-05, 2.4167134386623978e-05, 4.7004912900968665e-05, 5.6104003240894095e-05, 2.9654594335800848e-05, 6.15297904467278e-05, 0.00021792593820204028, 0.00020742369535594596, 7.524451810113066e-05, -3.1962361433359328e-06, -2.6371995727912204e-05, -0.00011976948403491328, -0.00024724914374102327, -0.0003718111221596142, -0.00048215798622619976, 9.048083084742019e-05, 0.00035774788789452375, 0.0005070152763967149, 0.0005804859278901043, 0.0007672428976540344, 1.4916355467167526e-05, 3.619510183036863e-05, 8.709760984053335e-05, 0.00010078042205281187, 9.33132913490221e-05, 4.72446948771775e-05, 0.00019036330423894215, 0.0001564746215887747, 0.00010322195705815199, -5.2269310941700634e-05, -6.570191139100654e-05, -0.00025855694766692454, -0.0005304637424962252, -0.000767861606452326, -0.0009775123411777703, 7.504142452031083e-05, 0.00023858718373660377, 0.00020442309873678794, 0.00017102337863219539, 0.00016218800132582016, 6.64326004493058e-05, 7.360089124590283e-05, 4.516868854270241e-05, 5.896864434869073e-05, 3.5676499834273697e-06, 3.654041174087581e-05, 7.1461466504622e-05, 0.00010054733546937714, 0.00019361955585018228, 0.00015117595109196026, 0.03384847459949177, 0.13819354069163628, 0.29029379947703754, 0.43254732860457407, 0.5758973848488197, -0.014647720472875927, -0.01250496546237985, -0.029602061002467497, -0.012301382101425258, -0.017495228505137548, 0.08305978960704156, -0.7843002002504327, -0.07890319850476928, -0.829329334209848], "std": [0.016630055074737173, 0.035335499834037824, 0.053640125498500425, 0.07035930600825532, 0.08696623573534074, 0.026669310819152584, 0.05059101663324514, 0.06826407519745714, 0.08549032202302646, 0.10126256003269167, 0.013998192969715351, 0.03183771851453885, 0.0487772885269321, 0.06509728448462893, 0.08014619615427836, 0.024709645553988812, 0.04853880820028597, 0.06981822362216267, 0.08953379759940544, 0.10715539364215063, 0.021265025052509386, 0.049460586145570626, 0.07711177446507045, 0.1038808554662707, 0.12740936559561689, 0.04263811717521937, 0.09335881293306196, 0.13877515536776242, 0.1800733620232183, 0.22027316866074084, 0.02309995031314027, 0.05876526126653375, 0.09537409198317504, 0.1270120641134338, 0.15375989444553037, 0.04227810439115921, 0.09878592773483644, 0.15635958530538824, 0.21208065963191045, 0.2646711869828876, 0.023410150813214427, 0.05199662080137292, 0.07528702247320768, 0.09305844305571384, 0.10684780060118265, 0.02428196809855898, 0.04997078440939507, 0.06831792597060292, 0.08039830685454956, 0.0876050957528968, 7.486039570893032, 25.917204379365003, 55.06802219115899, 81.26367953741999, 104.40594177996827, 4.133250333354104, 4.829264696570928, 5.370658827287476, 6.8377929003041835, 8.002284161262672, 0.1469569268435295, 0.6242719505604084, 0.1541969925392551, 0.6121553814204888]}, "loss_hist": [0.6700653251694532, 0.48368389788700566, 0.4236959843449569, 0.387025117487525, 0.36887612303596007, 0.34686100459882363, 0.32252355493940654, 0.2808926142820667, 0.25604333586169126, 0.19719425078756983], "acc_hist": [0.8515154863182706, 0.8332559938128383, 0.8537767465841711, 0.8630574890435679, 0.8523257098663131, 0.852789746989283, 0.8574669465620741, 0.880072183552462, 0.9007697123706404, 0.9321916546974551], "val_acc_hist": [0.8369416979202182, 0.7947494033412887, 0.8175360836458688, 0.8217695192635527, 0.8038413456074553, 0.8073928855551767, 0.8124786907603136, 0.8420843277645187, 0.8767473576542789, 0.9130014774406182], "f1_score_hist": [[0.9315724714953654, 0, 0.3533593411356741, 0, 0, 0, 0, 0, 0, 0, 0], [0.9427801848258508, 0, 0.407630912984232, 0.38290654862863527, 0, 0, 0, 0, 0, 0, 0], [0.9435311633182975, 0, 0.4116379310344828, 0.546692492809767, 0, 0, 0, 0, 0, 0, 0.5249682400078178], [0.9432616157763669, 0.5542308810700786, 0.45437737901033165, 0.6300480281404316, 0, 0, 0, 0, 0.39487357118115696, 0, 0.5828887977020928], [0.9341042243437836, 0.5223298528116744, 0.4528134692069118, 0.7067512122342411, 0.040627227369921595, 0, 0, 0.051647373107747106, 0.3432104028991686, 0, 0.6050015695301872], [0.9332044615063484, 0.5335978180014878, 0.4604154969118473, 0.7418899858956276, 0.07314449623520976, 0.029375764993880053, 0, 0.13914265635980322, 0.36394923639492355, 0, 0.5791793164234649], [0.9356147388819966, 0.5173067804646753, 0.49769249453485553, 0.7259486393254121, 0.10220067139127191, 0.260149130074565, 0, 0, 0.3670111790761442, 0, 0.5935341807626865], [0.9491426962727285, 0.684012539184953, 0.4775707384403037, 0.7688332660476382, 0.06060606060606061, 0.41609907120743034, 0, 0.03908045977011494, 0.3862564563215809, 0, 0.6473408892763731], [0.9610963787907535, 0.7848191908342285, 0.2652316672747172, 0.7973878097789684, 0.43397203521491456, 0.5645412130637636, 0, 0.34876989869753977, 0.48339684267827976, 0, 0.7191914271797369], [0.9682949679972681, 0.8300094966761634, 0.6996373227827233, 0.8476713809566706, 0.7704703016676036, 0.6304044630404464, 0, 0.6447761194029851, 0.6208112874779541, 0, 0.7763612217795485]], "f1_score_val_hist": [[0.9284847323367829, 0, 0.2268342589885998, 0, 0, 0, 0, 0, 0, 0, 0], [0.929597526446525, 0, 0.2606100795755968, 0.25939968404423386, 0, 0, 0, 0, 0, 0, 0], [0.9304578840443819, 0, 0.264607118871726, 0.3889804567930304, 0, 0, 0, 0, 0, 0, 0.5041404438555813], [0.9265556591001003, 0.42737094837935174, 0.3062426383981155, 0.49392952324548417, 0, 0, 0, 0, 0.294062205466541, 0, 0.5613917698226832], [0.9127861370605433, 0.3743155798904928, 0.30086410054988216, 0.5715258855585831, 0.05305039787798408, 0, 0, 0.06435643564356434, 0.2639593908629442, 0, 0.5605053191489362], [0.9131279984305614, 0.3852579852579853, 0.3020214030915576, 0.6204352637403172, 0.10517090271691498, 0.025104602510460254, 0, 0.11673151750972761, 0.29954809554551326, 0, 0.558879694462126], [0.916402944209366, 0.3585766423357664, 0.33875338753387535, 0.608569353667393, 0.09764918625678119, 0.1763085399449036, 0, 0, 0.300982800982801, 0, 0.5702346512375442], [0.935019564002236, 0.53077975376197, 0.3128353281056541, 0.6674593737613951, 0.09040590405904059, 0.31535269709543573, 0, 0.04166666666666667, 0.3175631885936488, 0, 0.6288951841359773], [0.9501882769648721, 0.6706484641638226, 0.167003367003367, 0.718843045512548, 0.5117187499999999, 0.5113924050632912, 0, 0.3542435424354244, 0.42458100558659223, 0, 0.6968253968253969], [0.9591683963387663, 0.7216494845360824, 0.5689404934687954, 0.7910731244064578, 0.7777777777777777, 0.49433106575963714, 0, 0.6568265682656826, 0.5812917594654788, 0, 0.7511032656663725]]}