,activation function,epochs,batch size,lr,weight decay,min_f1_train,min_f1_val
0,relu,1200,512,0.00011,0.0,0.9366038331013748,0.8755607030096464
1,relu,1200,512,0.00011,0.0,0.9448759377236415,0.8767210977983461
2,relu,1200,512,0.000875,0.0,0.9650734074049466,0.8802512632252388
3,relu,1200,512,0.000875,0.0,0.9747768126562342,0.8877121743266865
4,relu,1200,512,0.000875,0.001456,0.9632330851467774,0.8820450247106183
5,relu,1200,512,0.000875,0.001456,0.9761768630765048,0.8849327204048787
