{"name": null, "run_number": 0, "data_file_name": "", "date_iso": "2022-03-28", "author": "Jonas", "description": "ohne nina daten", "architecture": [64, 40, 40, 30, 20, 10, 11], "bias_list": [1, 1, 1, 1, 1, 1], "train_acc": 0.9614038964386992, "loss_function": "categorical_cross_entropy", "activation_functions": ["leaky_relu", "leaky_relu", "leaky_relu", "leaky_relu", "leaky_relu", "softmax"], "lr": 0.000841, "epochs": 10, "batch_size": 64, "num_samples": 135765, "scaler": {"mean": [1.0152314661363392e-05, 2.4167134386623978e-05, 4.7004912900968665e-05, 5.6104003240894095e-05, 2.9654594335800848e-05, 6.15297904467278e-05, 0.00021792593820204028, 0.00020742369535594596, 7.524451810113066e-05, -3.1962361433359328e-06, -2.6371995727912204e-05, -0.00011976948403491328, -0.00024724914374102327, -0.0003718111221596142, -0.00048215798622619976, 9.048083084742019e-05, 0.00035774788789452375, 0.0005070152763967149, 0.0005804859278901043, 0.0007672428976540344, 1.4916355467167526e-05, 3.619510183036863e-05, 8.709760984053335e-05, 0.00010078042205281187, 9.33132913490221e-05, 4.72446948771775e-05, 0.00019036330423894215, 0.0001564746215887747, 0.00010322195705815199, -5.2269310941700634e-05, -6.570191139100654e-05, -0.00025855694766692454, -0.0005304637424962252, -0.000767861606452326, -0.0009775123411777703, 7.504142452031083e-05, 0.00023858718373660377, 0.00020442309873678794, 0.00017102337863219539, 0.00016218800132582016, 6.64326004493058e-05, 7.360089124590283e-05, 4.516868854270241e-05, 5.896864434869073e-05, 3.5676499834273697e-06, 3.654041174087581e-05, 7.1461466504622e-05, 0.00010054733546937714, 0.00019361955585018228, 0.00015117595109196026, 0.03384847459949177, 0.13819354069163628, 0.29029379947703754, 0.43254732860457407, 0.5758973848488197, -0.014647720472875927, -0.01250496546237985, -0.029602061002467497, -0.012301382101425258, -0.017495228505137548, 0.08305978960704156, -0.7843002002504327, -0.07890319850476928, -0.829329334209848], "std": [0.016630055074737173, 0.035335499834037824, 0.053640125498500425, 0.07035930600825532, 0.08696623573534074, 0.026669310819152584, 0.05059101663324514, 0.06826407519745714, 0.08549032202302646, 0.10126256003269167, 0.013998192969715351, 0.03183771851453885, 0.0487772885269321, 0.06509728448462893, 0.08014619615427836, 0.024709645553988812, 0.04853880820028597, 0.06981822362216267, 0.08953379759940544, 0.10715539364215063, 0.021265025052509386, 0.049460586145570626, 0.07711177446507045, 0.1038808554662707, 0.12740936559561689, 0.04263811717521937, 0.09335881293306196, 0.13877515536776242, 0.1800733620232183, 0.22027316866074084, 0.02309995031314027, 0.05876526126653375, 0.09537409198317504, 0.1270120641134338, 0.15375989444553037, 0.04227810439115921, 0.09878592773483644, 0.15635958530538824, 0.21208065963191045, 0.2646711869828876, 0.023410150813214427, 0.05199662080137292, 0.07528702247320768, 0.09305844305571384, 0.10684780060118265, 0.02428196809855898, 0.04997078440939507, 0.06831792597060292, 0.08039830685454956, 0.0876050957528968, 7.486039570893032, 25.917204379365003, 55.06802219115899, 81.26367953741999, 104.40594177996827, 4.133250333354104, 4.829264696570928, 5.370658827287476, 6.8377929003041835, 8.002284161262672, 0.1469569268435295, 0.6242719505604084, 0.1541969925392551, 0.6121553814204888]}, "loss_hist": [0.19313978758009195, 0.158706638811229, 0.13327110755953767, 0.12688007943670346, 0.11079942602867165, 0.14082226253957653, 0.10912695590371049, 0.09938322060217758, 0.11363331816956534, 0.09583189222225438], "acc_hist": [0.9311309984163813, 0.9423783743969358, 0.9510330350237542, 0.9528007954922108, 0.9568887415755165, 0.9475048797554598, 0.9578168158214562, 0.9613376054211321, 0.954642212646853, 0.9614038964386992], "val_acc_hist": [0.9137686100693261, 0.9320661438799863, 0.9380895556313218, 0.9411864984657348, 0.943885668826003, 0.9354756222297989, 0.94672690078418, 0.950818274803955, 0.943260597795204, 0.951187634958518], "f1_score_hist": [[0.9595567379784964, 0.7661777394305436, 0.79299234796617, 0.7690534979423868, 0.858690940615518, 0.5947467166979362, 0.7774261603375527, 0.7995769434161819, 0.819620253164557, 0.8686868686868686, 0.799055686710179], [0.966107713552969, 0.8242217160212605, 0.7966264136476904, 0.8460170697012802, 0.8233400402414488, 0.6737247353224254, 0.8146929824561403, 0.8533791523482245, 0.8520357497517378, 0.8957928802588997, 0.7888223552894211], [0.9713500904711038, 0.8080260303687636, 0.7845551203133744, 0.882778038479587, 0.8456676860346585, 0.7864788732394368, 0.8138578978273634, 0.8408966648441772, 0.8732251521298174, 0.8941027266962587, 0.8400815613166327], [0.9724349024190313, 0.8296570898980538, 0.7777980646339238, 0.87441260480973, 0.8903871248368855, 0.8184281842818427, 0.8261102193686463, 0.8660508083140878, 0.8876684972541189, 0.9071108263933377, 0.8204488778054863], [0.9753630919081135, 0.8317307692307693, 0.8265410608232644, 0.8574007220216607, 0.9187976671152982, 0.6723989681857266, 0.8667894413750766, 0.8429035752979416, 0.864423076923077, 0.9328719723183392, 0.8476039717945029], [0.969095038434661, 0.7983670571529996, 0.8142829419755483, 0.7849795918367347, 0.9090909090909092, 0.864450127877238, 0.7873303167420816, 0.864225352112676, 0.8852459016393444, 0.9026993094789705, 0.8718626155878467], [0.9751444006449678, 0.7775496235455168, 0.8011958146487294, 0.8892428785607196, 0.9345751930940482, 0.8675742574257426, 0.8536986301369863, 0.8499452354874041, 0.8798430603236881, 0.8676293622141997, 0.890214412381106], [0.9772621769480729, 0.8273092369477911, 0.784, 0.9153549153549154, 0.9482999534233816, 0.8211764705882353, 0.8616780045351473, 0.8334226031065881, 0.9195876288659793, 0.8911014312383323, 0.8737835446770864], [0.973304359967885, 0.8334564254062038, 0.7780557541100785, 0.8949919224555735, 0.8833087149187593, 0.7418839808408728, 0.8458197611292074, 0.849808847624249, 0.912621359223301, 0.9045226130653268, 0.8525576730190572], [0.9772614713574477, 0.8295831796385098, 0.8193092921198246, 0.8967082860385925, 0.9169054441260746, 0.8726153846153847, 0.8676716917922948, 0.8887594641817124, 0.9069884364002011, 0.9234760051880674, 0.8599537037037036]],