{"name": null, "run_number": 0, "data_file_name": "", "date_iso": "2022-03-28", "author": "Jonas", "description": "ohne nina daten", "architecture": [64, 40, 40, 30, 20, 10, 11], "bias_list": [1, 1, 1, 1, 1, 1], "train_acc": 0.8280631974367473, "loss_function": "categorical_cross_entropy", "activation_functions": ["sigmoid", "sigmoid", "sigmoid", "sigmoid", "sigmoid", "softmax"], "lr": 0.000842, "epochs": 10, "batch_size": 256, "num_samples": 135765, "scaler": {"mean": [1.0152314661363392e-05, 2.4167134386623978e-05, 4.7004912900968665e-05, 5.6104003240894095e-05, 2.9654594335800848e-05, 6.15297904467278e-05, 0.00021792593820204028, 0.00020742369535594596, 7.524451810113066e-05, -3.1962361433359328e-06, -2.6371995727912204e-05, -0.00011976948403491328, -0.00024724914374102327, -0.0003718111221596142, -0.00048215798622619976, 9.048083084742019e-05, 0.00035774788789452375, 0.0005070152763967149, 0.0005804859278901043, 0.0007672428976540344, 1.4916355467167526e-05, 3.619510183036863e-05, 8.709760984053335e-05, 0.00010078042205281187, 9.33132913490221e-05, 4.72446948771775e-05, 0.00019036330423894215, 0.0001564746215887747, 0.00010322195705815199, -5.2269310941700634e-05, -6.570191139100654e-05, -0.00025855694766692454, -0.0005304637424962252, -0.000767861606452326, -0.0009775123411777703, 7.504142452031083e-05, 0.00023858718373660377, 0.00020442309873678794, 0.00017102337863219539, 0.00016218800132582016, 6.64326004493058e-05, 7.360089124590283e-05, 4.516868854270241e-05, 5.896864434869073e-05, 3.5676499834273697e-06, 3.654041174087581e-05, 7.1461466504622e-05, 0.00010054733546937714, 0.00019361955585018228, 0.00015117595109196026, 0.03384847459949177, 0.13819354069163628, 0.29029379947703754, 0.43254732860457407, 0.5758973848488197, -0.014647720472875927, -0.01250496546237985, -0.029602061002467497, -0.012301382101425258, -0.017495228505137548, 0.08305978960704156, -0.7843002002504327, -0.07890319850476928, -0.829329334209848], "std": [0.016630055074737173, 0.035335499834037824, 0.053640125498500425, 0.07035930600825532, 0.08696623573534074, 0.026669310819152584, 0.05059101663324514, 0.06826407519745714, 0.08549032202302646, 0.10126256003269167, 0.013998192969715351, 0.03183771851453885, 0.0487772885269321, 0.06509728448462893, 0.08014619615427836, 0.024709645553988812, 0.04853880820028597, 0.06981822362216267, 0.08953379759940544, 0.10715539364215063, 0.021265025052509386, 0.049460586145570626, 0.07711177446507045, 0.1038808554662707, 0.12740936559561689, 0.04263811717521937, 0.09335881293306196, 0.13877515536776242, 0.1800733620232183, 0.22027316866074084, 0.02309995031314027, 0.05876526126653375, 0.09537409198317504, 0.1270120641134338, 0.15375989444553037, 0.04227810439115921, 0.09878592773483644, 0.15635958530538824, 0.21208065963191045, 0.2646711869828876, 0.023410150813214427, 0.05199662080137292, 0.07528702247320768, 0.09305844305571384, 0.10684780060118265, 0.02428196809855898, 0.04997078440939507, 0.06831792597060292, 0.08039830685454956, 0.0876050957528968, 7.486039570893032, 25.917204379365003, 55.06802219115899, 81.26367953741999, 104.40594177996827, 4.133250333354104, 4.829264696570928, 5.370658827287476, 6.8377929003041835, 8.002284161262672, 0.1469569268435295, 0.6242719505604084, 0.1541969925392551, 0.6121553814204888]}, "loss_hist": [0.8730478445290007, 0.8525475312430549, 0.8473334745968909, 0.8331016015011063, 0.7579308124466659, 0.6088084446986507, 0.5317244960153579, 0.5092313257779502, 0.4927877455293428, 0.4674788477266759], "acc_hist": [0.8647073988141274, 0.8555666040584834, 0.8483261518064302, 0.8484440025043273, 0.8532169557691599, 0.8530254483850771, 0.8498729422163297, 0.8254778477516297, 0.8219054984716238, 0.8280631974367473], "val_acc_hist": [0.8648141834299352, 0.8564609614728946, 0.8352937833844755, 0.8327650869416979, 0.8393567450846687, 0.8394135697238323, 0.8345266507557677, 0.7911978633935675, 0.7841231958177065, 0.7923911808160018], "f1_score_hist": [[0.9274456672012388, 0, 0, 0, 0, 0, 0, 0, 0, 0, 0], [0.9338150053065557, 0, 0.022028104823395366, 0, 0.3545075719077142, 0, 0, 0, 0, 0, 0], [0.931418566226336, 0, 0.3094665228573799, 0, 0, 0, 0, 0, 0, 0, 0], [0.9312061347573167, 0, 0.3278234671443694, 0, 0, 0, 0, 0, 0, 0, 0], [0.9335018216430893, 0, 0.3568293312677511, 0, 0, 0, 0, 0, 0, 0, 0], [0.933576837050869, 0, 0.35431993156544056, 0, 0, 0, 0, 0, 0, 0, 0], [0.935277579380643, 0, 0.3808363022688918, 0.02222832052689352, 0, 0, 0, 0, 0, 0, 0], [0.9413932980599646, 0, 0.39571984435797664, 0.2843285844195211, 0, 0, 0, 0, 0, 0, 0], [0.940486102144673, 0, 0.38842819449679605, 0.31308598445388247, 0, 0, 0, 0, 0, 0, 0], [0.9445639230044612, 0, 0.414822233350025, 0.32395321917534825, 0.004587155963302752, 0, 0, 0, 0, 0, 0]], "f1_score_val_hist": [[0.9275070847426639, 0, 0, 0, 0, 0, 0, 0, 0, 0, 0], [0.9339558223365569, 0, 0.02185792349726776, 0, 0.43088712054229295, 0, 0, 0, 0, 0, 0], [0.9294841002978192, 0, 0.2087636059168295, 0, 0, 0, 0, 0, 0, 0, 0], [0.9278072722023514, 0, 0.20975609756097563, 0, 0, 0, 0, 0, 0, 0, 0], [0.9314184385833187, 0, 0.22674418604651161, 0, 0, 0, 0, 0, 0, 0, 0], [0.931646055028281, 0, 0.2260214430599826, 0, 0, 0, 0, 0, 0, 0, 0], [0.933200141784552, 0, 0.25098039215686274, 0.03130240357741756, 0, 0, 0, 0, 0, 0, 0], [0.9295112294472587, 0, 0.2629591486440096, 0.1891935745578452, 0, 0, 0, 0, 0, 0, 0], [0.9259517744355654, 0, 0.2491951062459755, 0.20816012317167054, 0, 0, 0, 0, 0, 0, 0], [0.9313977746870653, 0, 0.2676348547717842, 0.22002472187886277, 0.006600660066006602, 0, 0, 0, 0, 0, 0]]}