{"name": null, "run_number": 0, "data_file_name": "", "date_iso": "2022-03-28", "author": "Jonas", "description": "ohne nina daten", "architecture": [64, 40, 40, 30, 20, 10, 11], "bias_list": [1, 1, 1, 1, 1, 1], "train_acc": 0.9622435826612161, "loss_function": "categorical_cross_entropy", "activation_functions": ["leaky_relu", "leaky_relu", "leaky_relu", "leaky_relu", "leaky_relu", "softmax"], "lr": 0.000999, "epochs": 10, "batch_size": 64, "num_samples": 135765, "scaler": {"mean": [1.0152314661363392e-05, 2.4167134386623978e-05, 4.7004912900968665e-05, 5.6104003240894095e-05, 2.9654594335800848e-05, 6.15297904467278e-05, 0.00021792593820204028, 0.00020742369535594596, 7.524451810113066e-05, -3.1962361433359328e-06, -2.6371995727912204e-05, -0.00011976948403491328, -0.00024724914374102327, -0.0003718111221596142, -0.00048215798622619976, 9.048083084742019e-05, 0.00035774788789452375, 0.0005070152763967149, 0.0005804859278901043, 0.0007672428976540344, 1.4916355467167526e-05, 3.619510183036863e-05, 8.709760984053335e-05, 0.00010078042205281187, 9.33132913490221e-05, 4.72446948771775e-05, 0.00019036330423894215, 0.0001564746215887747, 0.00010322195705815199, -5.2269310941700634e-05, -6.570191139100654e-05, -0.00025855694766692454, -0.0005304637424962252, -0.000767861606452326, -0.0009775123411777703, 7.504142452031083e-05, 0.00023858718373660377, 0.00020442309873678794, 0.00017102337863219539, 0.00016218800132582016, 6.64326004493058e-05, 7.360089124590283e-05, 4.516868854270241e-05, 5.896864434869073e-05, 3.5676499834273697e-06, 3.654041174087581e-05, 7.1461466504622e-05, 0.00010054733546937714, 0.00019361955585018228, 0.00015117595109196026, 0.03384847459949177, 0.13819354069163628, 0.29029379947703754, 0.43254732860457407, 0.5758973848488197, -0.014647720472875927, -0.01250496546237985, -0.029602061002467497, -0.012301382101425258, -0.017495228505137548, 0.08305978960704156, -0.7843002002504327, -0.07890319850476928, -0.829329334209848], "std": [0.016630055074737173, 0.035335499834037824, 0.053640125498500425, 0.07035930600825532, 0.08696623573534074, 0.026669310819152584, 0.05059101663324514, 0.06826407519745714, 0.08549032202302646, 0.10126256003269167, 0.013998192969715351, 0.03183771851453885, 0.0487772885269321, 0.06509728448462893, 0.08014619615427836, 0.024709645553988812, 0.04853880820028597, 0.06981822362216267, 0.08953379759940544, 0.10715539364215063, 0.021265025052509386, 0.049460586145570626, 0.07711177446507045, 0.1038808554662707, 0.12740936559561689, 0.04263811717521937, 0.09335881293306196, 0.13877515536776242, 0.1800733620232183, 0.22027316866074084, 0.02309995031314027, 0.05876526126653375, 0.09537409198317504, 0.1270120641134338, 0.15375989444553037, 0.04227810439115921, 0.09878592773483644, 0.15635958530538824, 0.21208065963191045, 0.2646711869828876, 0.023410150813214427, 0.05199662080137292, 0.07528702247320768, 0.09305844305571384, 0.10684780060118265, 0.02428196809855898, 0.04997078440939507, 0.06831792597060292, 0.08039830685454956, 0.0876050957528968, 7.486039570893032, 25.917204379365003, 55.06802219115899, 81.26367953741999, 104.40594177996827, 4.133250333354104, 4.829264696570928, 5.370658827287476, 6.8377929003041835, 8.002284161262672, 0.1469569268435295, 0.6242719505604084, 0.1541969925392551, 0.6121553814204888]}, "loss_hist": [0.1824625469228333, 0.17417511867947566, 0.13076212949394997, 0.12963823049391351, 0.12688081609392848, 0.08753642352631939, 0.1390421949738798, 0.12499127692484226, 0.10878332675201019, 0.09097900815210525], "acc_hist": [0.9372150406953191, 0.9409347033476964, 0.9499944757485361, 0.9526240194453651, 0.9550988841012042, 0.9634662836518985, 0.9469524546090672, 0.9564099731153095, 0.9579862261996833, 0.9622435826612161], "val_acc_hist": [0.9207580406864416, 0.9290544380043186, 0.9356745084668713, 0.9414990339811342, 0.9429196499602227, 0.9514717581543357, 0.9336572337765655, 0.9428628253210593, 0.9461586543925447, 0.9554494828957836], "f1_score_hist": [[0.9633219449938818, 0.7795961002785516, 0.7632958801498126, 0.8204723026951101, 0.8676923076923078, 0.7527272727272728, 0.6637168141592921, 0.7931747673216132, 0.906215921483097, 0.7761852260198456, 0.8010514665190924], [0.9652467943088002, 0.8307866440294284, 0.714572864321608, 0.8713054757713334, 0.8393761393558842, 0.7646736149204608, 0.7340267459138188, 0.834733893557423, 0.8718446601941746, 0.8524188609920392, 0.7896915476031512], [0.9704832671532974, 0.8059116809116809, 0.7892791127541591, 0.8731095536702325, 0.8567329370772699, 0.7840531561461793, 0.8336980306345734, 0.855072463768116, 0.90126582278481, 0.8510895883777241, 0.835268185157972], [0.972039896899573, 0.8387828387828388, 0.7921907264877042, 0.8811551277304702, 0.8886015944839474, 0.8626476072094468, 0.8518725544997207, 0.8891625615763546, 0.8601431980906921, 0.88860103626943, 0.7922821024617431], [0.9735478759066252, 0.7703503130817397, 0.8203323558162268, 0.8846189721108104, 0.9431578947368422, 0.8658764815970056, 0.8675417661097852, 0.7908860759493671, 0.897, 0.9051383399209485, 0.8352272727272728], [0.97861260926167, 0.8308946101129839, 0.825576847868596, 0.9041016193154271, 0.918534961154273, 0.8289855072463768, 0.8814589665653495, 0.8840161569532602, 0.9271817676486938, 0.8838071693448702, 0.87569573283859], [0.9685099678315863, 0.6636588560617086, 0.8277493102089081, 0.8475205515778309, 0.9553297092885843, 0.7964105440269209, 0.8809946714031972, 0.839546191247974, 0.8977556109725686, 0.852816474863719, 0.8782119507374183], [0.9745163593306517, 0.8224852071005917, 0.7751247327156094, 0.8978116079923881, 0.9469483568075118, 0.8161808447352766, 0.8613303269447576, 0.7659990229604299, 0.9175257731958764, 0.8548972188633617, 0.8519053117782911], [0.975232737374705, 0.8463581183611532, 0.7843772498200144, 0.8999810570183747, 0.9205430669931003, 0.879950495049505, 0.8314960629921261, 0.8336008560727661, 0.9002583979328166, 0.8669476219145094, 0.8488654202939918], [0.9777731471834411, 0.857252641690682, 0.8023708094091498, 0.9051136908759475, 0.9097646033129904, 0.857313432835821, 0.8703394546466331, 0.9037304452466907, 0.919917864476386, 0.9207596594629993, 0.8547598504457865]],