{"name": null, "run_number": 0, "data_file_name": "", "date_iso": "2022-03-29", "author": "Jonas", "description": "alle daten", "architecture": [52, 40, 30, 20, 10, 4], "bias_list": [1, 1, 1, 1, 1], "train_acc": 0.8330008355073576, "loss_function": "categorical_cross_entropy", "activation_functions": ["leaky_relu", "leaky_relu", "leaky_relu", "leaky_relu", "softmax"], "lr": 0.001053, "epochs": 80, "batch_size": 128, "num_samples": 175941, "scaler": {"mean": [7.145534014243414e-05, 0.000214723731250817, 0.0002962366077264539, 0.00028962320323290205, 0.00020473225683609845, 0.0005377527466593915, 0.0007857292899324205, 0.0009979586338602145, -9.789758498587594e-05, -0.0002813267515814961, -0.0005339877061060243, -0.0009100138910202851, 0.00022351264912669582, 0.0005792480376944544, 0.0009174120983738869, 0.0013180990218311821, 0.00010581294865892545, 0.0003001874378342741, 0.00042514588981533576, 0.0004994684127065322, 0.0003244190438840292, 0.0009335439891781904, 0.001378535736411638, 0.0019132967187864113, -0.00013363630421561775, -0.0004159266913340268, -0.0007995690600826413, -0.0012652502713977982, 0.000330358193940014, 0.0008745539754804167, 0.0013460370578773566, 0.0019443878913954114, 0.00020750479422078995, 0.0005117411234447911, 0.0007435049874673896, 0.0010395394365156504, 0.00016838653866921296, 0.0004775128878430838, 0.0007466974951830443, 0.001072848193428479, 0.040515172245241295, 0.15569370814648098, 0.3255709493750745, 0.49476294283879246, -0.014382112441102414, -0.04076613622180162, -0.07670976829732694, -0.0636619687281532, 0.07296218944418868, -0.7827176576750159, -0.06406082311115659, -0.8201569928328246], "std": [0.0451672455401864, 0.07667305396123224, 0.09644837322340365, 0.11577331882617709, 0.04823251839431375, 0.0810169862297191, 0.1103593971889606, 0.1352344690646171, 0.047750888410549926, 0.07498652186571288, 0.10533130758708839, 0.12777795418109966, 0.05057434687973171, 0.07977739090553518, 0.11292171302365904, 0.14317390835328775, 0.05164281292461256, 0.08697618311692276, 0.112888519684835, 0.13685154814636621, 0.07200327557411249, 0.13061454906830514, 0.18648873303125896, 0.23707345272077518, 0.05261773179060906, 0.08885798723742322, 0.13082555160128834, 0.1633833412117642, 0.08191118447906211, 0.1417805882102565, 0.20738622077121388, 0.2703755374723751, 0.037827524758807365, 0.06878732916150937, 0.0937614933914955, 0.11443066371580439, 0.03543388578062412, 0.06536679157984299, 0.08608064733718998, 0.10145928453077022, 8.611797742106258, 24.6458371615954, 50.548251966329666, 73.85426862400588, 5.8556762426565525, 9.75107382879198, 12.41373658384884, 15.835755828950415, 0.15067176815151623, 0.5850823722634543, 0.1521215518880569, 0.5779450673972657]}, "loss_hist": [1.5246544626141953, 1.5646423133864413, 18.201437122401146, 1.6056086560356522, 18.67882314115183, 18.215728281843074, 1.6288624384558859, 18.215924264163842, 18.219185487175427, 1.6367394330623584, 1.6427517922017472, 1.6448720990400358, 18.57083520447406, 18.684234535439177, 1.6509967520508622, 18.22142700606993, 1.6544125141779276, 1.6564149383341482, 18.22145622892252, 1.6582994283225816, 18.221178770351028, 1.6608907052181208, 18.21933805440388, 1.6628930555471302, 1.664542050069469, 1.6660732628367247, 18.22125647318993, 18.222055662349536, 18.22186810011941, 1.6704313156221495, 1.6726692365649625, 1.6738470896996467, 1.6749071575208623, 1.6754960840882045, 18.221348610008516, 1.677027293163294, 18.221976920323378, 1.6791474288057253, 1.680325281940448, 1.6806786378808147, 18.686294314007352, 18.57182946971601, 18.222683632011965, 18.6856374251868, 18.222565846698497, 1.6835054854040603, 18.68654768172233, 18.222094705624936, 18.686522196471365, 1.6863323329272988, 1.6864501182407672, 1.6869212594946408, 1.6877457566889198, 18.222565846698497, 1.688688039196667, 1.6884524685697302, 18.6862797732721, 1.6891591804505408, 18.22233027607156, 1.6891591804505408, 1.6897481070178828, 18.686522196450582, 18.22051085651778, 18.222448061385027, 18.222448061385027, 1.6912793161003634, 18.221921835634152, 18.222448061385027, 1.6928105251680616, 1.6933994517354038, 18.571681515818877, 1.6943417342453082, 18.222565846698497, 1.6954018020643669, 18.571681515818877, 1.6950484461239617, 18.571681515818877, 18.222565846698497, 1.695755158004772, 1.695755158004772], "acc_hist": [0.8410660391835899, 0.8393154523391364, 0.03634172819297378, 0.8373488840008867, 0.013214657186215834, 0.03564263019989656, 0.836229190467259, 0.0356255790293337, 0.03558579296468702, 0.8358483809913551, 0.8355585110917865, 0.8354562040684093, 0.01865966431928885, 0.01316918739804821, 0.8351606504453197, 0.03553463945299845, 0.8349958224632121, 0.8348991991633559, 0.0355403231765194, 0.8348082595870207, 0.03555169062356131, 0.8346832176695597, 0.03560852785877084, 0.8345865943697035, 0.8345070222404102, 0.8344331338346378, 0.03556305807060321, 0.03552327200595654, 0.03552895572947749, 0.8342228360643625, 0.8341148453174644, 0.8340580080822548, 0.8340068545705662, 0.8339784359529615, 0.0355403231765194, 0.8339045475471891, 0.03552895572947749, 0.8338022405238119, 0.8337454032886025, 0.8337283521180395, 0.013118033886359633, 0.018642613148725992, 0.035494853388351774, 0.01315213622748535, 0.03550053711187273, 0.8335919427535367, 0.013106666439317726, 0.03552327200595654, 0.013112350162838678, 0.8334555333890338, 0.8334498496655128, 0.8334271147714291, 0.8333873287067823, 0.03550053711187273, 0.8333418589186148, 0.8333532263656567, 0.013123717609880585, 0.8333191240245309, 0.035511904558914634, 0.8333191240245309, 0.8332907054069262, 0.013112350162838678, 0.03556305807060321, 0.03550622083539368, 0.03550622083539368, 0.8332168170011538, 0.03552327200595654, 0.03550622083539368, 0.8331429285953814, 0.8331145099777767, 0.0186539805957679, 0.833069040189609, 0.03550053711187273, 0.8330178866779204, 0.0186539805957679, 0.8330349378484833, 0.0186539805957679, 0.03550053711187273, 0.8330008355073576, 0.8330008355073576], "val_acc_hist": [0.8359802901509649, 0.8340956830719095, 0.03519896346610652, 0.8319755001079723, 0.01264257248866291, 0.03431555389779933, 0.8310331965684447, 0.03427629125031901, 0.03419776595535837, 0.830836883331043, 0.8305227821512005, 0.8304442568562398, 0.01260330984118259, 0.01260330984118259, 0.8302479436188382, 0.03415850330787805, 0.8301890496476177, 0.8301301556763973, 0.03419776595535837, 0.8300516303814366, 0.03421739727909853, 0.8299731050864759, 0.03419776595535837, 0.8299731050864759, 0.8299731050864759, 0.8298945797915154, 0.03413887198413789, 0.03413887198413789, 0.03415850330787805, 0.8299534737627359, 0.8299142111152555, 0.8299534737627359, 0.8298749484677752, 0.829855317144035, 0.03421739727909853, 0.8297964231728145, 0.03417813463161821, 0.8297571605253342, 0.8297178978778539, 0.829737529201594, 0.012583678517442432, 0.012564047193702271, 0.03411924066039773, 0.012622941164922751, 0.03413887198413789, 0.8296786352303736, 0.012564047193702271, 0.03411924066039773, 0.012564047193702271, 0.8296393725828932, 0.8296393725828932, 0.8296393725828932, 0.829600109935413, 0.03411924066039773, 0.8295019533167122, 0.8295608472879327, 0.012583678517442432, 0.8295019533167122, 0.03411924066039773, 0.8295019533167122, 0.829482321992972, 0.012564047193702271, 0.03417813463161821, 0.03413887198413789, 0.03411924066039773, 0.8294234280217515, 0.03411924066039773, 0.03411924066039773, 0.8294430593454917, 0.8294037966980113, 0.012564047193702271, 0.8293841653742712, 0.03411924066039773, 0.8293449027267908, 0.012564047193702271, 0.829364534050531, 0.012564047193702271, 0.03411924066039773, 0.8293841653742712, 0.8293841653742712],