{"name": null, "run_number": 0, "data_file_name": "", "date_iso": "2022-03-28", "author": "Jonas", "description": "ohne nina daten", "architecture": [64, 40, 40, 30, 20, 10, 11], "bias_list": [1, 1, 1, 1, 1, 1], "train_acc": 0.9548189886936986, "loss_function": "categorical_cross_entropy", "activation_functions": ["leaky_relu", "leaky_relu", "leaky_relu", "leaky_relu", "leaky_relu", "softmax"], "lr": 0.001621, "epochs": 10, "batch_size": 256, "num_samples": 135765, "scaler": {"mean": [1.0152314661363392e-05, 2.4167134386623978e-05, 4.7004912900968665e-05, 5.6104003240894095e-05, 2.9654594335800848e-05, 6.15297904467278e-05, 0.00021792593820204028, 0.00020742369535594596, 7.524451810113066e-05, -3.1962361433359328e-06, -2.6371995727912204e-05, -0.00011976948403491328, -0.00024724914374102327, -0.0003718111221596142, -0.00048215798622619976, 9.048083084742019e-05, 0.00035774788789452375, 0.0005070152763967149, 0.0005804859278901043, 0.0007672428976540344, 1.4916355467167526e-05, 3.619510183036863e-05, 8.709760984053335e-05, 0.00010078042205281187, 9.33132913490221e-05, 4.72446948771775e-05, 0.00019036330423894215, 0.0001564746215887747, 0.00010322195705815199, -5.2269310941700634e-05, -6.570191139100654e-05, -0.00025855694766692454, -0.0005304637424962252, -0.000767861606452326, -0.0009775123411777703, 7.504142452031083e-05, 0.00023858718373660377, 0.00020442309873678794, 0.00017102337863219539, 0.00016218800132582016, 6.64326004493058e-05, 7.360089124590283e-05, 4.516868854270241e-05, 5.896864434869073e-05, 3.5676499834273697e-06, 3.654041174087581e-05, 7.1461466504622e-05, 0.00010054733546937714, 0.00019361955585018228, 0.00015117595109196026, 0.03384847459949177, 0.13819354069163628, 0.29029379947703754, 0.43254732860457407, 0.5758973848488197, -0.014647720472875927, -0.01250496546237985, -0.029602061002467497, -0.012301382101425258, -0.017495228505137548, 0.08305978960704156, -0.7843002002504327, -0.07890319850476928, -0.829329334209848], "std": [0.016630055074737173, 0.035335499834037824, 0.053640125498500425, 0.07035930600825532, 0.08696623573534074, 0.026669310819152584, 0.05059101663324514, 0.06826407519745714, 0.08549032202302646, 0.10126256003269167, 0.013998192969715351, 0.03183771851453885, 0.0487772885269321, 0.06509728448462893, 0.08014619615427836, 0.024709645553988812, 0.04853880820028597, 0.06981822362216267, 0.08953379759940544, 0.10715539364215063, 0.021265025052509386, 0.049460586145570626, 0.07711177446507045, 0.1038808554662707, 0.12740936559561689, 0.04263811717521937, 0.09335881293306196, 0.13877515536776242, 0.1800733620232183, 0.22027316866074084, 0.02309995031314027, 0.05876526126653375, 0.09537409198317504, 0.1270120641134338, 0.15375989444553037, 0.04227810439115921, 0.09878592773483644, 0.15635958530538824, 0.21208065963191045, 0.2646711869828876, 0.023410150813214427, 0.05199662080137292, 0.07528702247320768, 0.09305844305571384, 0.10684780060118265, 0.02428196809855898, 0.04997078440939507, 0.06831792597060292, 0.08039830685454956, 0.0876050957528968, 7.486039570893032, 25.917204379365003, 55.06802219115899, 81.26367953741999, 104.40594177996827, 4.133250333354104, 4.829264696570928, 5.370658827287476, 6.8377929003041835, 8.002284161262672, 0.1469569268435295, 0.6242719505604084, 0.1541969925392551, 0.6121553814204888]}, "loss_hist": [0.22423736446755152, 0.14490152242461582, 0.12646747846619202, 0.14592822131960428, 0.10706999249369822, 0.10453158494740807, 0.09856171997720257, 0.10480049012973547, 0.10612877772501975, 0.11967113187835136], "acc_hist": [0.9175266084778846, 0.9470187456266342, 0.9530659595624793, 0.9457739476300961, 0.9575000920708577, 0.9577284277980334, 0.9613523367583693, 0.9589069347770044, 0.9587669870732516, 0.9548189886936986], "val_acc_hist": [0.8970053415160814, 0.9341686555290374, 0.9409876122286623, 0.9324355040345493, 0.9456188203204909, 0.9439140811455847, 0.9503068530514831, 0.9501079668144107, 0.9509887487214456, 0.9438288441868394], "f1_score_hist": [[0.95474813627813, 0.8103706878080136, 0.7549317147192717, 0.6936061381074168, 0.5793357933579335, 0.3796753705010586, 0.6606549596582818, 0.8702830188679246, 0.8581157775255392, 0.7318376068376069, 0.7166646108301468], [0.9687809950757428, 0.8298473713962692, 0.7881097560975611, 0.8533285224607614, 0.9009294944457038, 0.7812865497076024, 0.8435136707388017, 0.8686753837407618, 0.8814559763895721, 0.8289855072463768, 0.7712981082844097], [0.9726545993160384, 0.8052136133236785, 0.7791105369994463, 0.8785481619357841, 0.9003314917127072, 0.8714285714285716, 0.8317073170731707, 0.837108953613808, 0.9087200407955125, 0.9068721901091843, 0.8146814404432133], [0.9679236439931843, 0.8158085569253081, 0.7974634896233667, 0.8370707778556412, 0.8713536201469044, 0.8478414720452937, 0.750236518448439, 0.8832369942196533, 0.8784046692607004, 0.8955974842767296, 0.7984381311431263], [0.97518203751603, 0.8379342723004695, 0.8122920336660795, 0.892598668339284, 0.9086927961462667, 0.7747844827586207, 0.8650749583564686, 0.8627232142857143, 0.9137314956610516, 0.9053968253968253, 0.8245663122551763], [0.9751755625611479, 0.8317861121425919, 0.8012105163608852, 0.8976954970591072, 0.8836717428087987, 0.8526379624014554, 0.8218142548596112, 0.8566685113447702, 0.9341758820431806, 0.9059936908517351, 0.8433700472035475], [0.9773221982291369, 0.8200290275761973, 0.8135072908672295, 0.8917065840142763, 0.9493321050207277, 0.7994289793004995, 0.8742921857304644, 0.8860613071139386, 0.9281594126900891, 0.9113924050632912, 0.8605402231356429], [0.9758134240492855, 0.8203167667941016, 0.8081773022544898, 0.8955880945545028, 0.948960302457467, 0.8182336182336182, 0.87215411558669, 0.8454496499730748, 0.9211065573770492, 0.9018366054464851, 0.836691559814006], [0.9756770158238584, 0.8578611487139818, 0.7763864042933811, 0.9091439688715953, 0.9331238779174147, 0.862932061978546, 0.8488434642280795, 0.859357696566999, 0.919197117858981, 0.9260954872465663, 0.8150984682713347], [0.973317678074927, 0.8471566219535236, 0.8114955568160334, 0.8934295622832505, 0.8774355751099937, 0.7351026539809715, 0.8131181676210307, 0.8815489749430525, 0.9101978691019786, 0.8693558097531607, 0.8397914611807805]],