{"name": null, "run_number": 0, "data_file_name": "", "date_iso": "2022-03-28", "author": "Jonas", "description": "ohne nina daten", "architecture": [64, 40, 40, 30, 20, 10, 11], "bias_list": [1, 1, 1, 1, 1, 1], "train_acc": 0.9464663204802416, "loss_function": "categorical_cross_entropy", "activation_functions": ["leaky_relu", "leaky_relu", "leaky_relu", "leaky_relu", "leaky_relu", "softmax"], "lr": 0.000585, "epochs": 10, "batch_size": 512, "num_samples": 135765, "scaler": {"mean": [1.0152314661363392e-05, 2.4167134386623978e-05, 4.7004912900968665e-05, 5.6104003240894095e-05, 2.9654594335800848e-05, 6.15297904467278e-05, 0.00021792593820204028, 0.00020742369535594596, 7.524451810113066e-05, -3.1962361433359328e-06, -2.6371995727912204e-05, -0.00011976948403491328, -0.00024724914374102327, -0.0003718111221596142, -0.00048215798622619976, 9.048083084742019e-05, 0.00035774788789452375, 0.0005070152763967149, 0.0005804859278901043, 0.0007672428976540344, 1.4916355467167526e-05, 3.619510183036863e-05, 8.709760984053335e-05, 0.00010078042205281187, 9.33132913490221e-05, 4.72446948771775e-05, 0.00019036330423894215, 0.0001564746215887747, 0.00010322195705815199, -5.2269310941700634e-05, -6.570191139100654e-05, -0.00025855694766692454, -0.0005304637424962252, -0.000767861606452326, -0.0009775123411777703, 7.504142452031083e-05, 0.00023858718373660377, 0.00020442309873678794, 0.00017102337863219539, 0.00016218800132582016, 6.64326004493058e-05, 7.360089124590283e-05, 4.516868854270241e-05, 5.896864434869073e-05, 3.5676499834273697e-06, 3.654041174087581e-05, 7.1461466504622e-05, 0.00010054733546937714, 0.00019361955585018228, 0.00015117595109196026, 0.03384847459949177, 0.13819354069163628, 0.29029379947703754, 0.43254732860457407, 0.5758973848488197, -0.014647720472875927, -0.01250496546237985, -0.029602061002467497, -0.012301382101425258, -0.017495228505137548, 0.08305978960704156, -0.7843002002504327, -0.07890319850476928, -0.829329334209848], "std": [0.016630055074737173, 0.035335499834037824, 0.053640125498500425, 0.07035930600825532, 0.08696623573534074, 0.026669310819152584, 0.05059101663324514, 0.06826407519745714, 0.08549032202302646, 0.10126256003269167, 0.013998192969715351, 0.03183771851453885, 0.0487772885269321, 0.06509728448462893, 0.08014619615427836, 0.024709645553988812, 0.04853880820028597, 0.06981822362216267, 0.08953379759940544, 0.10715539364215063, 0.021265025052509386, 0.049460586145570626, 0.07711177446507045, 0.1038808554662707, 0.12740936559561689, 0.04263811717521937, 0.09335881293306196, 0.13877515536776242, 0.1800733620232183, 0.22027316866074084, 0.02309995031314027, 0.05876526126653375, 0.09537409198317504, 0.1270120641134338, 0.15375989444553037, 0.04227810439115921, 0.09878592773483644, 0.15635958530538824, 0.21208065963191045, 0.2646711869828876, 0.023410150813214427, 0.05199662080137292, 0.07528702247320768, 0.09305844305571384, 0.10684780060118265, 0.02428196809855898, 0.04997078440939507, 0.06831792597060292, 0.08039830685454956, 0.0876050957528968, 7.486039570893032, 25.917204379365003, 55.06802219115899, 81.26367953741999, 104.40594177996827, 4.133250333354104, 4.829264696570928, 5.370658827287476, 6.8377929003041835, 8.002284161262672, 0.1469569268435295, 0.6242719505604084, 0.1541969925392551, 0.6121553814204888]}, "loss_hist": [0.38109308735329417, 0.2697431063287302, 0.22873388210807372, 0.17713474421730602, 0.16741761510330086, 0.14939741657885058, 0.14171934244615858, 0.1505641835628591, 0.13307857873383253, 0.14879931582587433], "acc_hist": [0.8785916841601297, 0.9061319191249586, 0.9186682871137628, 0.9349537804294185, 0.9386439804073214, 0.9445291496335579, 0.9487791404264723, 0.9459949176886532, 0.9503627591794646, 0.9464663204802416], "val_acc_hist": [0.8494715308557791, 0.8883395840436413, 0.8986248437322423, 0.9169223775429026, 0.9182009319240823, 0.9258154335719968, 0.9294237981588817, 0.9254176610978521, 0.9312990112512786, 0.9282304807364473], "f1_score_hist": [[0.938340663563773, 0.7925721058870011, 0.6076383476227591, 0.6711743219087589, 0.025982905982905983, 0, 0.3403235470341522, 0.7691187181354698, 0, 0, 0], [0.9466132578912346, 0.8074394138643624, 0.7746478873239437, 0.8000699667657861, 0.6089574708317651, 0.5539177657098526, 0.6338349293205654, 0.8713235294117646, 0, 0.6500470366886172, 0.6123813632441759], [0.9529450622041175, 0.7969680563075258, 0.7811473826540468, 0.8226774991169199, 0.6615004122011542, 0.6973310618966495, 0.7196110210696921, 0.8363636363636364, 0.1142263759086189, 0.7659103486441616, 0.6997319034852547], [0.9620408736568579, 0.8142777467930843, 0.7737692596768132, 0.8529948867786705, 0.7366104181951577, 0.7840755735492578, 0.7480916030534351, 0.863503222026948, 0.876051598429613, 0.7224217547460238, 0.7465975372650681], [0.963950647607602, 0.8137674418604651, 0.7773459189339255, 0.8651031894934333, 0.7744418783679754, 0.7413213885778276, 0.7886597938144331, 0.8486212718064154, 0.8709175738724727, 0.7979683972911965, 0.7559423301727498], [0.9674638390049611, 0.8191151764047041, 0.774110744407774, 0.8766695914984889, 0.8016545203860548, 0.8059332509270705, 0.8212719298245614, 0.8611898016997168, 0.8867825171142706, 0.8199767711962833, 0.7719298245614035], [0.970044836790593, 0.827560098428923, 0.7896427896427897, 0.8818541548897683, 0.8497097398408945, 0.8237572627501614, 0.8083067092651758, 0.8552188552188552, 0.8795969773299749, 0.8629379225568532, 0.7748222280747958], [0.9681723723066827, 0.7931830285815729, 0.7927519818799547, 0.8761020881670533, 0.8429921907110565, 0.7754164273406088, 0.8492016558249558, 0.8485523385300668, 0.8667324777887463, 0.8315911730545877, 0.7908734980423924], [0.9707642123257803, 0.828818660647103, 0.7850398074430661, 0.8964580300824843, 0.8370672097759674, 0.8401486988847584, 0.7968911917098446, 0.8571428571428572, 0.8823234852278418, 0.8739913097454998, 0.7968962700789545], [0.968366377177193, 0.8007142857142857, 0.7932457786116321, 0.8669277711995628, 0.8511426806670784, 0.7847813742191937, 0.8107822410147991, 0.8565072302558399, 0.8813219829744617, 0.8714810281517749, 0.8001088583480745]],