{"name": null, "run_number": 0, "data_file_name": "", "date_iso": "2022-03-28", "author": "Jonas", "description": "ohne nina daten", "architecture": [64, 40, 40, 30, 20, 10, 11], "bias_list": [1, 1, 1, 1, 1, 1], "train_acc": 0.9563289507605053, "loss_function": "categorical_cross_entropy", "activation_functions": ["relu", "relu", "relu", "relu", "relu", "softmax"], "lr": 0.004298, "epochs": 10, "batch_size": 128, "num_samples": 135765, "scaler": {"mean": [1.0152314661363392e-05, 2.4167134386623978e-05, 4.7004912900968665e-05, 5.6104003240894095e-05, 2.9654594335800848e-05, 6.15297904467278e-05, 0.00021792593820204028, 0.00020742369535594596, 7.524451810113066e-05, -3.1962361433359328e-06, -2.6371995727912204e-05, -0.00011976948403491328, -0.00024724914374102327, -0.0003718111221596142, -0.00048215798622619976, 9.048083084742019e-05, 0.00035774788789452375, 0.0005070152763967149, 0.0005804859278901043, 0.0007672428976540344, 1.4916355467167526e-05, 3.619510183036863e-05, 8.709760984053335e-05, 0.00010078042205281187, 9.33132913490221e-05, 4.72446948771775e-05, 0.00019036330423894215, 0.0001564746215887747, 0.00010322195705815199, -5.2269310941700634e-05, -6.570191139100654e-05, -0.00025855694766692454, -0.0005304637424962252, -0.000767861606452326, -0.0009775123411777703, 7.504142452031083e-05, 0.00023858718373660377, 0.00020442309873678794, 0.00017102337863219539, 0.00016218800132582016, 6.64326004493058e-05, 7.360089124590283e-05, 4.516868854270241e-05, 5.896864434869073e-05, 3.5676499834273697e-06, 3.654041174087581e-05, 7.1461466504622e-05, 0.00010054733546937714, 0.00019361955585018228, 0.00015117595109196026, 0.03384847459949177, 0.13819354069163628, 0.29029379947703754, 0.43254732860457407, 0.5758973848488197, -0.014647720472875927, -0.01250496546237985, -0.029602061002467497, -0.012301382101425258, -0.017495228505137548, 0.08305978960704156, -0.7843002002504327, -0.07890319850476928, -0.829329334209848], "std": [0.016630055074737173, 0.035335499834037824, 0.053640125498500425, 0.07035930600825532, 0.08696623573534074, 0.026669310819152584, 0.05059101663324514, 0.06826407519745714, 0.08549032202302646, 0.10126256003269167, 0.013998192969715351, 0.03183771851453885, 0.0487772885269321, 0.06509728448462893, 0.08014619615427836, 0.024709645553988812, 0.04853880820028597, 0.06981822362216267, 0.08953379759940544, 0.10715539364215063, 0.021265025052509386, 0.049460586145570626, 0.07711177446507045, 0.1038808554662707, 0.12740936559561689, 0.04263811717521937, 0.09335881293306196, 0.13877515536776242, 0.1800733620232183, 0.22027316866074084, 0.02309995031314027, 0.05876526126653375, 0.09537409198317504, 0.1270120641134338, 0.15375989444553037, 0.04227810439115921, 0.09878592773483644, 0.15635958530538824, 0.21208065963191045, 0.2646711869828876, 0.023410150813214427, 0.05199662080137292, 0.07528702247320768, 0.09305844305571384, 0.10684780060118265, 0.02428196809855898, 0.04997078440939507, 0.06831792597060292, 0.08039830685454956, 0.0876050957528968, 7.486039570893032, 25.917204379365003, 55.06802219115899, 81.26367953741999, 104.40594177996827, 4.133250333354104, 4.829264696570928, 5.370658827287476, 6.8377929003041835, 8.002284161262672, 0.1469569268435295, 0.6242719505604084, 0.1541969925392551, 0.6121553814204888]}, "loss_hist": [0.16506828334603832, 0.13042031993795505, 0.11337630736767947, 0.11850855505305859, 0.10232706593870296, 0.09487896679453109, 0.10160143654779578, 0.10342595766243605, 0.10795097978339409, 0.11668753261646067], "acc_hist": [0.9425919787868744, 0.9487717747578537, 0.9528302581666851, 0.9555923838986484, 0.9591426361727986, 0.9602106581224911, 0.9606231355651309, 0.9586712333812102, 0.958332412624756, 0.9563289507605053], "val_acc_hist": [0.9236560972837823, 0.9430617115581316, 0.9423798158881691, 0.94672690078418, 0.9484316399590863, 0.9531196726900785, 0.9491419479486305, 0.947834981247869, 0.9441697920218206, 0.946357540629617], "f1_score_hist": [[0.9661529017123063, 0.8227264342372257, 0.7920643833052592, 0.8529438612505704, 0.8371434351608336, 0.765472312703583, 0.6642952423299243, 0.8006166495375129, 0.8972533062054935, 0.8832163369495852, 0.8038105757282893], [0.969810562371116, 0.8471375172142437, 0.8059299191374663, 0.8192482233067901, 0.8989161689891617, 0.8008948545861296, 0.8143783146729524, 0.887218045112782, 0.8681424446583254, 0.8866873065015479, 0.8175806007164508], [0.9722253732515422, 0.8044712562100781, 0.7976878612716762, 0.8575297941495125, 0.9162780368643126, 0.7831715210355987, 0.8650693568726356, 0.8526959421901057, 0.8939771030363366, 0.8650602409638555, 0.8564747149956153], [0.9739433096217016, 0.833145856767904, 0.8214216163583251, 0.8606609325486645, 0.9326107445805845, 0.7766016713091923, 0.8593750000000001, 0.8990384615384615, 0.8954614992350841, 0.8607902735562311, 0.8328147100424328], [0.9759351317527637, 0.8450650344299924, 0.8392092928469533, 0.8779403593258011, 0.9104052573932092, 0.8013318534961155, 0.856198347107438, 0.8377801494130203, 0.9041372351160444, 0.8353552859618718, 0.8758208955223881], [0.9766152404421846, 0.8013527945888217, 0.7941122355105796, 0.9086434337468006, 0.9234513274336282, 0.7562400424853957, 0.8785377358490566, 0.8622222222222222, 0.927061310782241, 0.8588374851720046, 0.902992125984252], [0.9767979121160668, 0.7962151743472928, 0.8175765645805593, 0.874334006981444, 0.9452529452529452, 0.8836633663366338, 0.849438202247191, 0.8842592592592593, 0.8856015779092703, 0.9067850348763474, 0.907427850496767], [0.9756046614853046, 0.8392857142857143, 0.7679370191447487, 0.8834870075440068, 0.9468822170900693, 0.8081494057724957, 0.8636363636363638, 0.8306068601583114, 0.8938492063492064, 0.9022556390977444, 0.8945937783147085], [0.9755541933492451, 0.8348437211022748, 0.7831715210355987, 0.9024460988107899, 0.921237693389592, 0.8448172558418214, 0.8632049134561698, 0.8766344513928368, 0.8479999999999999, 0.8746214415505754, 0.856442778898818], [0.974277817015006, 0.8411005053340821, 0.7927499084584401, 0.888640387661914, 0.9033795493934142, 0.7855213398163154, 0.882903981264637, 0.8901869158878505, 0.9005497251374311, 0.8072768618533257, 0.8547253692815143]],