{"name": null, "run_number": 0, "data_file_name": "", "date_iso": "2022-03-28", "author": "Jonas", "description": "ohne nina daten", "architecture": [64, 40, 40, 30, 20, 10, 11], "bias_list": [1, 1, 1, 1, 1, 1], "train_acc": 0.9545022649431002, "loss_function": "categorical_cross_entropy", "activation_functions": ["relu", "relu", "relu", "relu", "relu", "softmax"], "lr": 0.000883, "epochs": 10, "batch_size": 256, "num_samples": 135765, "scaler": {"mean": [1.0152314661363392e-05, 2.4167134386623978e-05, 4.7004912900968665e-05, 5.6104003240894095e-05, 2.9654594335800848e-05, 6.15297904467278e-05, 0.00021792593820204028, 0.00020742369535594596, 7.524451810113066e-05, -3.1962361433359328e-06, -2.6371995727912204e-05, -0.00011976948403491328, -0.00024724914374102327, -0.0003718111221596142, -0.00048215798622619976, 9.048083084742019e-05, 0.00035774788789452375, 0.0005070152763967149, 0.0005804859278901043, 0.0007672428976540344, 1.4916355467167526e-05, 3.619510183036863e-05, 8.709760984053335e-05, 0.00010078042205281187, 9.33132913490221e-05, 4.72446948771775e-05, 0.00019036330423894215, 0.0001564746215887747, 0.00010322195705815199, -5.2269310941700634e-05, -6.570191139100654e-05, -0.00025855694766692454, -0.0005304637424962252, -0.000767861606452326, -0.0009775123411777703, 7.504142452031083e-05, 0.00023858718373660377, 0.00020442309873678794, 0.00017102337863219539, 0.00016218800132582016, 6.64326004493058e-05, 7.360089124590283e-05, 4.516868854270241e-05, 5.896864434869073e-05, 3.5676499834273697e-06, 3.654041174087581e-05, 7.1461466504622e-05, 0.00010054733546937714, 0.00019361955585018228, 0.00015117595109196026, 0.03384847459949177, 0.13819354069163628, 0.29029379947703754, 0.43254732860457407, 0.5758973848488197, -0.014647720472875927, -0.01250496546237985, -0.029602061002467497, -0.012301382101425258, -0.017495228505137548, 0.08305978960704156, -0.7843002002504327, -0.07890319850476928, -0.829329334209848], "std": [0.016630055074737173, 0.035335499834037824, 0.053640125498500425, 0.07035930600825532, 0.08696623573534074, 0.026669310819152584, 0.05059101663324514, 0.06826407519745714, 0.08549032202302646, 0.10126256003269167, 0.013998192969715351, 0.03183771851453885, 0.0487772885269321, 0.06509728448462893, 0.08014619615427836, 0.024709645553988812, 0.04853880820028597, 0.06981822362216267, 0.08953379759940544, 0.10715539364215063, 0.021265025052509386, 0.049460586145570626, 0.07711177446507045, 0.1038808554662707, 0.12740936559561689, 0.04263811717521937, 0.09335881293306196, 0.13877515536776242, 0.1800733620232183, 0.22027316866074084, 0.02309995031314027, 0.05876526126653375, 0.09537409198317504, 0.1270120641134338, 0.15375989444553037, 0.04227810439115921, 0.09878592773483644, 0.15635958530538824, 0.21208065963191045, 0.2646711869828876, 0.023410150813214427, 0.05199662080137292, 0.07528702247320768, 0.09305844305571384, 0.10684780060118265, 0.02428196809855898, 0.04997078440939507, 0.06831792597060292, 0.08039830685454956, 0.0876050957528968, 7.486039570893032, 25.917204379365003, 55.06802219115899, 81.26367953741999, 104.40594177996827, 4.133250333354104, 4.829264696570928, 5.370658827287476, 6.8377929003041835, 8.002284161262672, 0.1469569268435295, 0.6242719505604084, 0.1541969925392551, 0.6121553814204888]}, "loss_hist": [0.3072296760681754, 0.2142555413825224, 0.21403194711108686, 0.14857929584529564, 0.13374448363544203, 0.1192001720989273, 0.12949294918483675, 0.14435253789391791, 0.10613160363818538, 0.12189848997003833], "acc_hist": [0.9012705778367032, 0.9274776267815711, 0.9263138511398372, 0.9475269767613155, 0.95074577394763, 0.9551062497698228, 0.9533163922955106, 0.9494936102824734, 0.958759621404633, 0.9545022649431002], "val_acc_hist": [0.878224798272531, 0.9091658142970792, 0.9059836345039209, 0.932350267075804, 0.9364700534151608, 0.9416126832594613, 0.9371519490851233, 0.9345380156836004, 0.9478633935674509, 0.9403909535174452], "f1_score_hist": [[0.947372569281764, 0.7701275045537341, 0.7460022313127556, 0.7520661157024794, 0.2579118603963324, 0.051813471502590684, 0.5864168618266979, 0.8347725964306275, 0.1876675603217158, 0.5828361633776962, 0.6667440241355302], [0.9575562193936102, 0.8147451570434456, 0.7572119691811504, 0.8498128366657536, 0.5639296893811703, 0.636317135549872, 0.7426871591472485, 0.8422837761447146, 0.8890103881902678, 0.7314917127071824, 0.7440081591024987], [0.9562614040992754, 0.7936451267404498, 0.7593449626201495, 0.8226434692287716, 0.6571158690176323, 0.7642563198118754, 0.7983682983682985, 0.8160000000000001, 0.8845360824742268, 0.7843784378437842, 0.7765577457335626], [0.9691948199427836, 0.8218208899646249, 0.7914620324896109, 0.8439533018447554, 0.8499683477526905, 0.859448554135844, 0.8316268486916951, 0.8581354950781702, 0.8974093264248705, 0.8392018779342724, 0.8025599128540304], [0.9709169329631375, 0.8135901162790699, 0.793947319260228, 0.8643280182232346, 0.8873179091688089, 0.8250746268656717, 0.8211473565804274, 0.8304721030042919, 0.8933804951995957, 0.900983606557377, 0.8208934322923962], [0.9736316785178419, 0.8411820781696854, 0.7763300760043431, 0.8949850803734719, 0.92524682651622, 0.7761692650334074, 0.8096995255666842, 0.8520971302428255, 0.8992731048805815, 0.8640776699029126, 0.8310335116868487], [0.9724179760964519, 0.8110831234256927, 0.800226586102719, 0.890014064697609, 0.8746599707051684, 0.8421686746987951, 0.8121341138903673, 0.8648648648648648, 0.9122807017543859, 0.854265402843602, 0.8308988764044943], [0.9700719323730683, 0.8051300320627004, 0.7973758200562324, 0.8775793467197187, 0.8841165213693386, 0.76931330472103, 0.8358531317494601, 0.8453159041394335, 0.8940231039678553, 0.8409356725146199, 0.8170563961485557], [0.9757215597584745, 0.8549890894663758, 0.7726135144797999, 0.9146049481245013, 0.9303897274160847, 0.8716676999380036, 0.8503589177250138, 0.8565072302558399, 0.9025380710659899, 0.9022364217252395, 0.814399124007665], [0.9731155373622972, 0.834017157776949, 0.7909625275532697, 0.9058777582503419, 0.9117518567059851, 0.7180507210343113, 0.8509011469142544, 0.8465319497542327, 0.9112365315546433, 0.8866995073891626, 0.8193699270876323]],