{"name": null, "run_number": 0, "data_file_name": "", "date_iso": "2022-03-29", "author": "Jonas", "description": "alle daten", "architecture": [88, 40, 30, 20, 10, 4], "bias_list": [1, 1, 1, 1, 1], "train_acc": 0.018671031766330757, "loss_function": "categorical_cross_entropy", "activation_functions": ["leaky_relu", "leaky_relu", "leaky_relu", "leaky_relu", "softmax"], "lr": 0.000733, "epochs": 80, "batch_size": 512, "num_samples": 175941, "scaler": {"mean": [7.145534014243414e-05, 0.00015188284709078615, 0.000214723731250817, 0.0002780036944202885, 0.0002962366077264539, 0.0002944427677460057, 0.00028962320323290205, 0.00020473225683609845, 0.0003608069239119932, 0.0005377527466593915, 0.0006501765762386252, 0.0007857292899324205, 0.0009012432804178675, 0.0009979586338602145, -9.789758498587594e-05, -0.0001795123876754139, -0.0002813267515814961, -0.00037839284191859774, -0.0005339877061060243, -0.000720110355175883, -0.0009100138910202851, 0.00022351264912669582, 0.0003902637702411603, 0.0005792480376944544, 0.0007153538856775852, 0.0009174120983738869, 0.0011376020597814041, 0.0013180990218311821, 0.00010581294865892545, 0.00021432892276388105, 0.0003001874378342741, 0.00038553436095054597, 0.00042514588981533576, 0.0004550345115692193, 0.0004994684127065322, 0.0003244190438840292, 0.0006064581194832358, 0.0009335439891781904, 0.001123684792060975, 0.001378535736411638, 0.0016633545393057898, 0.0019132967187864113, -0.00013363630421561775, -0.0002591063254159065, -0.0004159266913340268, -0.000583461035233402, -0.0007995690600826413, -0.0010368944987240042, -0.0012652502713977982, 0.000330358193940014, 0.0005855559477324785, 0.0008745539754804167, 0.0010711527841719669, 0.0013460370578773566, 0.001672738179276007, 0.0019443878913954114, 0.00020750479422078995, 0.0003699206779545416, 0.0005117411234447911, 0.0006160933210564905, 0.0007435049874673896, 0.0008991750075309337, 0.0010395394365156504, 0.00016838653866921296, 0.00032844751365514576, 0.0004775128878430838, 0.000594594335601139, 0.0007466974951830443, 0.0009195866341557683, 0.001072848193428479, 0.040515172245241295, 0.09692923119682163, 0.15569370814648098, 0.22847461780937925, 0.3255709493750745, 0.4151091443722612, 0.49476294283879246, -0.014382112441102414, -0.02442647080555414, -0.04076613622180162, -0.05944004211639129, -0.07670976829732694, -0.08517764038512912, -0.0636619687281532, 0.07296218944418868, -0.7827176576750159, -0.06406082311115659, -0.8201569928328246], "std": [0.0451672455401864, 0.0625532377285708, 0.07667305396123224, 0.08790443639159082, 0.09644837322340365, 0.10483777630404302, 0.11577331882617709, 0.04823251839431375, 0.06610009886981674, 0.0810169862297191, 0.09506358411700096, 0.1103593971889606, 0.12333811400700509, 0.1352344690646171, 0.047750888410549926, 0.06318205222643646, 0.07498652186571288, 0.0880514852449283, 0.10533130758708839, 0.11844201066594649, 0.12777795418109966, 0.05057434687973171, 0.06679377659365292, 0.07977739090553518, 0.09287344170556654, 0.11292171302365904, 0.12883317101675004, 0.14317390835328775, 0.05164281292461256, 0.07155984438218285, 0.08697618311692276, 0.1008894062805279, 0.112888519684835, 0.12332182733042706, 0.13685154814636621, 0.07200327557411249, 0.1027839720026151, 0.13061454906830514, 0.1563005628432518, 0.18648873303125896, 0.2135731535669627, 0.23707345272077518, 0.05261773179060906, 0.07167971131077247, 0.08885798723742322, 0.10829081194213518, 0.13082555160128834, 0.14919122791631678, 0.1633833412117642, 0.08191118447906211, 0.11343738438934488, 0.1417805882102565, 0.16959219239735698, 0.20738622077121388, 0.24073929698887536, 0.2703755374723751, 0.037827524758807365, 0.05488302656436688, 0.06878732916150937, 0.080360709945612, 0.0937614933914955, 0.10495889609010804, 0.11443066371580439, 0.03543388578062412, 0.0528215540247205, 0.06536679157984299, 0.07564781477766645, 0.08608064733718998, 0.09442187460550154, 0.10145928453077022, 8.611797742106258, 15.52751756492073, 24.6458371615954, 38.85041412569495, 50.548251966329666, 62.46294043169944, 73.85426862400588, 5.8556762426565525, 7.914665615135746, 9.75107382879198, 10.946751072651137, 12.41373658384884, 14.063673265039137, 15.835755828950415, 0.15067176815151623, 0.5850823722634543, 0.1521215518880569, 0.5779450673972657]}, "loss_hist": [1.3922165252352559, 18.14599937137362, 17.80204091175505, 1.4244221328310465, 1.4343318425300524, 18.10643787957278, 18.2110486136464, 18.559391111676156, 18.675794875438058, 1.4587782913625476, 18.212562270462662, 1.4644024244044036, 1.4657704824291535, 18.214960365404533, 18.564723851736254, 1.4725657785758268, 18.679290769075507, 18.21571685355627, 18.563783699342586, 18.215702356716932, 18.67941997082019, 1.4809236949498694, 18.564092143147583, 18.566152545299975, 18.565931720870086, 1.486814770193066, 1.4877481249600752, 18.56429703766871, 1.4899842969551587, 1.4910735713616103, 1.492894752062966, 1.4930774791315096, 18.68258080243352, 18.21693505446014, 18.218288009219297, 1.4979947246591245, 1.4995258973757968, 18.21749193356154, 1.501998419009684, 18.683217712126567, 1.5036473991433705, 18.56987655885386, 1.5052970149113158, 18.21954094666269, 18.567853105925042, 18.568117434900337, 1.5098951609037057, 1.510951042604994, 1.5120102635215638, 1.512834581258059, 18.218915668911865, 18.22063046420831, 18.220531347122048, 18.22107084724896, 18.566025345593303, 18.569927343631125, 1.5173104151477281, 18.56436259874642, 18.217701837638685, 1.5180171238499505, 18.682358888546407, 1.5186060537935915, 18.216594204185597, 18.684670985162544, 1.5191949996417975, 18.22148011771888, 18.68586609603829, 18.57012368470728, 1.5209617596806773, 1.521550679385167, 1.522021906933657, 1.5224929621271792, 1.5228463215633796, 1.5239063891508595, 1.523906385655244, 18.22076208264136, 1.524141957153001, 18.220453551189955, 18.686050246504983, 18.570997257879377], "acc_hist": [0.8473636048448059, 0.03606322574044708, 0.03673958883944049, 0.8460620321585077, 0.8455902831062686, 0.03640993287522522, 0.035938183822986115, 0.01908025985983938, 0.01348747591522158, 0.844442170955036, 0.03592681637594421, 0.8441693522260303, 0.8440954638202579, 0.03573356977623181, 0.018813124854354584, 0.8437714915795635, 0.013368117721281566, 0.03572788605271085, 0.018938166771815552, 0.03570515115862704, 0.013407903785928238, 0.843367947209576, 0.018938166771815552, 0.018813124854354584, 0.01882449230139649, 0.8430837610335283, 0.8430382912453607, 0.018949534218857457, 0.8429303004984625, 0.8428734632632531, 0.8427882074104387, 0.8427768399633968, 0.013174871121569162, 0.03567104881750132, 0.03561989530581274, 0.8425438072990378, 0.8424699188932654, 0.03566536509398037, 0.8423505606993253, 0.013146452503964397, 0.842270988570032, 0.01867671548985171, 0.8421914164407387, 0.03557442551764512, 0.01872786900154029, 0.01873355272506124, 0.8419697512234214, 0.8419185977117329, 0.8418674442000443, 0.8418276581353976, 0.03559147668820798, 0.03555737434708226, 0.03555737434708226, 0.03555737434708226, 0.01884154347195935, 0.018671031766330757, 0.8416116766416014, 0.018926799324773647, 0.03566536509398037, 0.8415775743004758, 0.013226024633257739, 0.8415491556828709, 0.03573356977623181, 0.01315213622748535, 0.8415207370652662, 0.03554600690004035, 0.013129401333401538, 0.018665348042809806, 0.8414354812124519, 0.8414070625948471, 0.8413843277007633, 0.8413615928066795, 0.8413445416361166, 0.8412933881244281, 0.8412933881244281, 0.03555737434708226, 0.8412820206773862, 0.03556305807060321, 0.013123717609880585, 0.018671031766330757],