{"name": null, "run_number": 0, "data_file_name": "", "date_iso": "2022-03-29", "author": "Jonas", "description": "alle daten", "architecture": [52, 40, 30, 20, 10, 4], "bias_list": [1, 1, 1, 1, 1], "train_acc": 0.1095026173546814, "loss_function": "categorical_cross_entropy", "activation_functions": ["leaky_relu", "leaky_relu", "leaky_relu", "leaky_relu", "softmax"], "lr": 0.002576, "epochs": 80, "batch_size": 512, "num_samples": 175941, "scaler": {"mean": [7.145534014243414e-05, 0.000214723731250817, 0.0002962366077264539, 0.00028962320323290205, 0.00020473225683609845, 0.0005377527466593915, 0.0007857292899324205, 0.0009979586338602145, -9.789758498587594e-05, -0.0002813267515814961, -0.0005339877061060243, -0.0009100138910202851, 0.00022351264912669582, 0.0005792480376944544, 0.0009174120983738869, 0.0013180990218311821, 0.00010581294865892545, 0.0003001874378342741, 0.00042514588981533576, 0.0004994684127065322, 0.0003244190438840292, 0.0009335439891781904, 0.001378535736411638, 0.0019132967187864113, -0.00013363630421561775, -0.0004159266913340268, -0.0007995690600826413, -0.0012652502713977982, 0.000330358193940014, 0.0008745539754804167, 0.0013460370578773566, 0.0019443878913954114, 0.00020750479422078995, 0.0005117411234447911, 0.0007435049874673896, 0.0010395394365156504, 0.00016838653866921296, 0.0004775128878430838, 0.0007466974951830443, 0.001072848193428479, 0.040515172245241295, 0.15569370814648098, 0.3255709493750745, 0.49476294283879246, -0.014382112441102414, -0.04076613622180162, -0.07670976829732694, -0.0636619687281532, 0.07296218944418868, -0.7827176576750159, -0.06406082311115659, -0.8201569928328246], "std": [0.0451672455401864, 0.07667305396123224, 0.09644837322340365, 0.11577331882617709, 0.04823251839431375, 0.0810169862297191, 0.1103593971889606, 0.1352344690646171, 0.047750888410549926, 0.07498652186571288, 0.10533130758708839, 0.12777795418109966, 0.05057434687973171, 0.07977739090553518, 0.11292171302365904, 0.14317390835328775, 0.05164281292461256, 0.08697618311692276, 0.112888519684835, 0.13685154814636621, 0.07200327557411249, 0.13061454906830514, 0.18648873303125896, 0.23707345272077518, 0.05261773179060906, 0.08885798723742322, 0.13082555160128834, 0.1633833412117642, 0.08191118447906211, 0.1417805882102565, 0.20738622077121388, 0.2703755374723751, 0.037827524758807365, 0.06878732916150937, 0.0937614933914955, 0.11443066371580439, 0.03543388578062412, 0.06536679157984299, 0.08608064733718998, 0.10145928453077022, 8.611797742106258, 24.6458371615954, 50.548251966329666, 73.85426862400588, 5.8556762426565525, 9.75107382879198, 12.41373658384884, 15.835755828950415, 0.15067176815151623, 0.5850823722634543, 0.1521215518880569, 0.5779450673972657]}, "loss_hist": [1.9371810121540947, 2.4304486381440222, 18.603261410318165, 2.618461158382805, 18.212280984229302, 2.667269122860495, 2.6902185254078237, 2.7022308362651177, 2.7153427250239908, 18.218610110828887, 18.21703484006507, 2.7407465223694807, 2.747931365541032, 18.218262155350285, 2.7619478160959945, 2.7666592280596007, 18.68623863205759, 18.219491417037588, 2.781853533506064, 18.218653434452197, 2.791040805933735, 2.794574347351616, 18.219739002344145, 18.68628670178248, 2.8032904605752207, 2.8048216696233723, 18.219385643234848, 18.612780586499685, 2.820369331064725, 18.21960952069772, 2.8270830938688984, 18.612553354661813, 2.833090144909471, 2.8353280667536938, 18.22162356419086, 18.219621213861785, 18.18145877229802, 2.8049394550716005, 18.21948020407371, 18.64795173009155, 18.181576557611486, 2.8163646303432723, 18.611789316347277, 18.181812128246946, 2.862183117282486, 2.8646566088653223, 18.609889655019114, 18.220210149031967, 2.8310877945268236, 18.18204769886871, 2.8361525630059656, 2.877612993351305, 18.609999665149445, 18.182165565878655, 2.84251296993326, 18.61125738144029, 18.611375166457734, 18.648477540200286, 18.687132488760994, 18.182636625432703, 18.648320938574788, 16.71838549117358, 16.71594124630885, 18.182417319523655, 17.178045686860596, 2.8681901682693747, 18.182353204550868, 18.182518840119233, 2.873291081997575, 2.8752572870774795, 1.394841964292213, 16.698423890417207, 2.9190216521504735, 1.3946958967795027, 1.3945781114660343, 16.693476907268472, 2.8851512547621447, 1.3945781114660343, 1.3944603261525659, 16.688933452033712], "acc_hist": [0.8183652474409034, 0.797363889030982, 0.0165112168283686, 0.7884688617206904, 0.03573356977623181, 0.7861158001830159, 0.785013157819951, 0.7844334180208138, 0.7837968409864671, 0.03565968137045942, 0.03567673254102227, 0.7825748404294621, 0.782228133294684, 0.03568241626454323, 0.7815517701956906, 0.7813244212548525, 0.013118033886359633, 0.03564831392341751, 0.7805912209206496, 0.03567673254102227, 0.7801478904860152, 0.7799773787803866, 0.0356369464763756, 0.013123717609880585, 0.7795567832398361, 0.7794828948340637, 0.03565399764693846, 0.016670361086955285, 0.7787326433292979, 0.03564263019989656, 0.7784086710886036, 0.016681728533997194, 0.778118801189035, 0.7780108104421368, 0.03554600690004035, 0.03564263019989656, 0.03748415662068534, 0.7794772111105427, 0.03564831392341751, 0.014970927754190325, 0.03747847289716439, 0.7789258899290102, 0.01671583087512291, 0.03746710545012248, 0.7767149214793596, 0.7765955632854196, 0.016766984386811488, 0.03561421158229179, 0.7782154244888911, 0.03745573800308058, 0.7779710243774902, 0.7759703536981147, 0.016801086727937207, 0.03745005427955962, 0.7776641033073587, 0.016744249492727677, 0.016738565769206723, 0.014948192860106513, 0.013078247821712961, 0.03742731938547581, 0.014953876583627465, 0.10808168647444313, 0.10819536094486219, 0.03743300310899677, 0.08590379729568434, 0.7764250515797909, 0.03743868683251772, 0.03743300310899677, 0.776174967744869, 0.7760840281685337, 0.8475170653798717, 0.10904791947300516, 0.7739696830187393, 0.8475284328269136, 0.8475341165504345, 0.10928663586088519, 0.7756065953927738, 0.8475341165504345, 0.8475398002739555, 0.1095026173546814], "val_acc_hist": [0.8143858340367891, 0.7988574569583227, 0.011759162920355719, 0.7923005948291093, 0.034079978012917414, 0.7901018865702114, 0.7891399517069436, 0.7886687999371798, 0.7884921180235184, 0.03404071536543709, 0.03406034668917725, 0.7873731325703293, 0.7871375566854473, 0.03404071536543709, 0.7865289856495024, 0.7862737784408803, 0.012583678517442432, 0.03400145271795677, 0.7854100001963132, 0.03400145271795677, 0.784899585779069, 0.7847425351891478, 0.03402108404169693, 0.012564047193702271, 0.7843106460668643, 0.7841928581244233, 0.03404071536543709, 0.012387365280040833, 0.7837020750309194, 0.03404071536543709, 0.7835253931172579, 0.012387365280040833, 0.7831131353187145, 0.7828971907575728, 0.03421739727909853, 0.03404071536543709, 0.03439407919275997, 0.7826419835489508, 0.03409960933665757, 0.012878148373544828, 0.03439407919275997, 0.7821512004554467, 0.012387365280040833, 0.03439407919275997, 0.7816800486856829, 0.7816015233907222, 0.012406996603780992, 0.03406034668917725, 0.7814248414770608, 0.03435481654527965, 0.7812285282396592, 0.7809733210310371, 0.012230314690119554, 0.03437444786901981, 0.7808947957360765, 0.012406996603780992, 0.012406996603780992, 0.012917411021025147, 0.01274072910736371, 0.03437444786901981, 0.012897779697284988, 0.09904002826910618, 0.0991774475352873, 0.03431555389779933, 0.07797561789591473, 0.7796776536641866, 0.03431555389779933, 0.03431555389779933, 0.7793831838080841, 0.7793439211606039, 0.8448732798052573, 0.09998233180863386, 0.7790101886570211, 0.8448929111289974, 0.8448929111289974, 0.10027680166473625, 0.778754981448399, 0.8448929111289974, 0.8448929111289974, 0.10057127152083865],