{"name": null, "run_number": 0, "data_file_name": "", "date_iso": "2022-03-29", "author": "Jonas", "description": "alle daten", "architecture": [52, 40, 30, 20, 10, 4], "bias_list": [1, 1, 1, 1, 1], "train_acc": 0.8475398002739555, "loss_function": "categorical_cross_entropy", "activation_functions": ["sigmoid", "sigmoid", "sigmoid", "sigmoid", "softmax"], "lr": 0.003564, "epochs": 80, "batch_size": 512, "num_samples": 175941, "scaler": {"mean": [7.145534014243414e-05, 0.000214723731250817, 0.0002962366077264539, 0.00028962320323290205, 0.00020473225683609845, 0.0005377527466593915, 0.0007857292899324205, 0.0009979586338602145, -9.789758498587594e-05, -0.0002813267515814961, -0.0005339877061060243, -0.0009100138910202851, 0.00022351264912669582, 0.0005792480376944544, 0.0009174120983738869, 0.0013180990218311821, 0.00010581294865892545, 0.0003001874378342741, 0.00042514588981533576, 0.0004994684127065322, 0.0003244190438840292, 0.0009335439891781904, 0.001378535736411638, 0.0019132967187864113, -0.00013363630421561775, -0.0004159266913340268, -0.0007995690600826413, -0.0012652502713977982, 0.000330358193940014, 0.0008745539754804167, 0.0013460370578773566, 0.0019443878913954114, 0.00020750479422078995, 0.0005117411234447911, 0.0007435049874673896, 0.0010395394365156504, 0.00016838653866921296, 0.0004775128878430838, 0.0007466974951830443, 0.001072848193428479, 0.040515172245241295, 0.15569370814648098, 0.3255709493750745, 0.49476294283879246, -0.014382112441102414, -0.04076613622180162, -0.07670976829732694, -0.0636619687281532, 0.07296218944418868, -0.7827176576750159, -0.06406082311115659, -0.8201569928328246], "std": [0.0451672455401864, 0.07667305396123224, 0.09644837322340365, 0.11577331882617709, 0.04823251839431375, 0.0810169862297191, 0.1103593971889606, 0.1352344690646171, 0.047750888410549926, 0.07498652186571288, 0.10533130758708839, 0.12777795418109966, 0.05057434687973171, 0.07977739090553518, 0.11292171302365904, 0.14317390835328775, 0.05164281292461256, 0.08697618311692276, 0.112888519684835, 0.13685154814636621, 0.07200327557411249, 0.13061454906830514, 0.18648873303125896, 0.23707345272077518, 0.05261773179060906, 0.08885798723742322, 0.13082555160128834, 0.1633833412117642, 0.08191118447906211, 0.1417805882102565, 0.20738622077121388, 0.2703755374723751, 0.037827524758807365, 0.06878732916150937, 0.0937614933914955, 0.11443066371580439, 0.03543388578062412, 0.06536679157984299, 0.08608064733718998, 0.10145928453077022, 8.611797742106258, 24.6458371615954, 50.548251966329666, 73.85426862400588, 5.8556762426565525, 9.75107382879198, 12.41373658384884, 15.835755828950415, 0.15067176815151623, 0.5850823722634543, 0.1521215518880569, 0.5779450673972657]}, "loss_hist": [0.5448732121933175, 0.5602559906105234, 0.5668151642189724, 0.5587648627925423, 0.5447251884903843, 0.5621853169623418, 0.5475292101512463, 0.5542016196460918, 0.5498840953554115, 0.5420691704483303, 0.5479422949482458, 0.5471522911095392, 0.5588462219607128, 0.5697676471216396, 0.5553068483801789, 0.5621978324921726, 0.555018707416848, 0.5651894863042142, 0.5603378604340762, 0.5612848613138164, 0.5381072541816461, 0.5623124935530334, 0.5663943319306897, 0.5472460586639752, 0.5591788894505123, 0.571463016140494, 0.5437520568735685, 0.5633718885247488, 0.5549489714915385, 0.5418020275340204, 0.5499350761795816, 0.5522707346442383, 0.5625570930486976, 0.5420417545769209, 0.5487760621338466, 0.539241166762278, 0.5682403765674531, 0.57758094074241, 0.5641123457139369, 0.5505671461911059, 0.5549092886448903, 0.560016095164437, 0.5849952752956501, 0.5534605645385509, 0.5542521104882036, 0.5594713157977877, 0.565467762482867, 0.5565189953053723, 0.5654665438090893, 0.559030972888457, 0.5304897356720712, 0.5575405001966003, 0.567312838839629, 0.5547050783763473, 0.5510558905095402, 0.5621682131769332, 0.54441479368103, 0.5566691738225813, 0.5652223957420399, 0.5535050280966421, 0.5440186687548051, 0.5774192164454461, 0.5533129922138208, 0.5482779092713108, 0.5602788173113409, 0.565913631341812, 0.5413616089854475, 0.5508219940008133, 0.5660808875587436, 0.5640382233085527, 0.5736880750335822, 0.5521209403033082, 0.577891744491247, 0.5539418511597538, 0.5587642370116364, 0.5497488607100193, 0.5583049286269254, 0.5563148109940421, 0.5632088976112382, 0.557805168939702], "acc_hist": [0.8475398002739555, 0.8475398002739555, 0.8475398002739555, 0.8475398002739555, 0.8475398002739555, 0.8475398002739555, 0.8475398002739555, 0.8475398002739555, 0.8475398002739555, 0.8475398002739555, 0.8475398002739555, 0.8475398002739555, 0.8475398002739555, 0.8475398002739555, 0.8475398002739555, 0.8475398002739555, 0.8475398002739555, 0.8475398002739555, 0.8475398002739555, 0.8475398002739555, 0.8475398002739555, 0.8475398002739555, 0.8475398002739555, 0.8475398002739555, 0.8475398002739555, 0.8475398002739555, 0.8475398002739555, 0.8475398002739555, 0.8475398002739555, 0.8475398002739555, 0.8475398002739555, 0.8475398002739555, 0.8475398002739555, 0.8475398002739555, 0.8475398002739555, 0.8475398002739555, 0.8475398002739555, 0.8475398002739555, 0.8475398002739555, 0.8475398002739555, 0.8475398002739555, 0.8475398002739555, 0.8475398002739555, 0.8475398002739555, 0.8475398002739555, 0.8475398002739555, 0.8475398002739555, 0.8475398002739555, 0.8475398002739555, 0.8475398002739555, 0.8475398002739555, 0.8475398002739555, 0.8475398002739555, 0.8475398002739555, 0.8475398002739555, 0.8475398002739555, 0.8475398002739555, 0.8475398002739555, 0.8475398002739555, 0.8475398002739555, 0.8475398002739555, 0.8475398002739555, 0.8475398002739555, 0.8475398002739555, 0.8475398002739555, 0.8475398002739555, 0.8475398002739555, 0.8475398002739555, 0.8475398002739555, 0.8475398002739555, 0.8475398002739555, 0.8475398002739555, 0.8475398002739555, 0.8475398002739555, 0.8475398002739555, 0.8475398002739555, 0.8475398002739555, 0.8475398002739555, 0.8475398002739555, 0.8475398002739555], "val_acc_hist": [0.8448929111289974, 0.8448929111289974, 0.8448929111289974, 0.8448929111289974, 0.8448929111289974, 0.8448929111289974, 0.8448929111289974, 0.8448929111289974, 0.8448929111289974, 0.8448929111289974, 0.8448929111289974, 0.8448929111289974, 0.8448929111289974, 0.8448929111289974, 0.8448929111289974, 0.8448929111289974, 0.8448929111289974, 0.8448929111289974, 0.8448929111289974, 0.8448929111289974, 0.8448929111289974, 0.8448929111289974, 0.8448929111289974, 0.8448929111289974, 0.8448929111289974, 0.8448929111289974, 0.8448929111289974, 0.8448929111289974, 0.8448929111289974, 0.8448929111289974, 0.8448929111289974, 0.8448929111289974, 0.8448929111289974, 0.8448929111289974, 0.8448929111289974, 0.8448929111289974, 0.8448929111289974, 0.8448929111289974, 0.8448929111289974, 0.8448929111289974, 0.8448929111289974, 0.8448929111289974, 0.8448929111289974, 0.8448929111289974, 0.8448929111289974, 0.8448929111289974, 0.8448929111289974, 0.8448929111289974, 0.8448929111289974, 0.8448929111289974, 0.8448929111289974, 0.8448929111289974, 0.8448929111289974, 0.8448929111289974, 0.8448929111289974, 0.8448929111289974, 0.8448929111289974, 0.8448929111289974, 0.8448929111289974, 0.8448929111289974, 0.8448929111289974, 0.8448929111289974, 0.8448929111289974, 0.8448929111289974, 0.8448929111289974, 0.8448929111289974, 0.8448929111289974, 0.8448929111289974, 0.8448929111289974, 0.8448929111289974, 0.8448929111289974, 0.8448929111289974, 0.8448929111289974, 0.8448929111289974, 0.8448929111289974, 0.8448929111289974, 0.8448929111289974, 0.8448929111289974, 0.8448929111289974, 0.8448929111289974],