{"name": null, "run_number": 2, "data_file_name": "test", "date_iso": "2022-04-03", "author": "Nina", "description": "test", "architecture": [1, 1], "bias_list": [1], "train_acc": 0.4532669205977146, "loss_function": "cross_entropy", "activation_functions": ["sigmoid"], "lr": 0.1, "epochs": 100, "batch_size": 64, "num_samples": 3413, "scaler": {"mean": [0.02538592130102554], "std": [0.025850688232078332]}, "loss_hist": [0.1813248454036434, 0.15640255342060824, 0.149621402764411, 0.1478931127974881, 0.14738258911943336, 0.14758590026839877, 0.14729910365311608, 0.14698323709249828, 0.14699690806424945, 0.14701127678392817, 0.1474956591134206, 0.1470166220327942, 0.147101299544019, 0.14698773416792607, 0.1472972954525029, 0.14719215291561666, 0.1476718235800514, 0.14703494322861663, 0.14708562822934906, 0.14802093922485202, 0.14702689391939, 0.14709334839073313, 0.14726547384503613, 0.14720977814205846, 0.1471115665427863, 0.1475585640439736, 0.14743142155284764, 0.14712392586588183, 0.15018744056499128, 0.14724522641614265, 0.14760872487967472, 0.1486332477558165, 0.14718631938681728, 0.149222902299956, 0.1472210296085132, 0.14702015077612055, 0.14832345459942148, 0.14700170168001406, 0.14717155976274662, 0.14721082561340462, 0.14727367089180013, 0.14698459471521236, 0.14708233031457912, 0.14770019163027165, 0.14713838696028111, 0.14707597213138496, 0.14937096707940378, 0.14742181008516148, 0.14849186171176815, 0.14813366113204066, 0.14855655559650627, 0.14730175398975037, 0.1471619396664241, 0.1469958945365416, 0.14710382876264283, 0.14725096406310692, 0.14750517703816987, 0.14749102617899504, 0.1475198461931405, 0.14715500660572484, 0.14851902541816464, 0.14699357063577062, 0.1473457186854298, 0.14765687964160326, 0.14935678952965922, 0.147115060677429, 0.14738511950704072, 0.14769201954603162, 0.14708338931544013, 0.14723573257693298, 0.14707872161424881, 0.14700545981009558, 0.1477172658597451, 0.14780411930859852, 0.14747466975568013, 0.14734353281361748, 0.14918904908644623, 0.1474920545972263, 0.14772873394177985, 0.14718134075090772, 0.14916169160709275, 0.14781316272144843, 0.14702460766444636, 0.1470984979563393, 0.14722354801628512, 0.14710006330085848, 0.14714710865002303, 0.147027576261083, 0.14705567648400408, 0.14760402701557634, 0.1469849571128413, 0.14779352202536503, 0.1472716553580087, 0.1470724468440386, 0.14727265605634426, 0.14858253158086188, 0.1470278401276728, 0.14723917787659835, 0.14698745397933463, 0.1478173896832638], "acc_hist": [0.4532669205977146, 0.4532669205977146, 0.4532669205977146, 0.4532669205977146, 0.4532669205977146, 0.4532669205977146, 0.4532669205977146, 0.4532669205977146, 0.4532669205977146, 0.4532669205977146, 0.4532669205977146, 0.4532669205977146, 0.4532669205977146, 0.4532669205977146, 0.4532669205977146, 0.4532669205977146, 0.4532669205977146, 0.4532669205977146, 0.4532669205977146, 0.4532669205977146, 0.4532669205977146, 0.4532669205977146, 0.4532669205977146, 0.4532669205977146, 0.4532669205977146, 0.4532669205977146, 0.4532669205977146, 0.4532669205977146, 0.4532669205977146, 0.4532669205977146, 0.4532669205977146, 0.4532669205977146, 0.4532669205977146, 0.4532669205977146, 0.4532669205977146, 0.4532669205977146, 0.4532669205977146, 0.4532669205977146, 0.4532669205977146, 0.4532669205977146, 0.4532669205977146, 0.4532669205977146, 0.4532669205977146, 0.4532669205977146, 0.4532669205977146, 0.4532669205977146, 0.4532669205977146, 0.4532669205977146, 0.4532669205977146, 0.4532669205977146, 0.4532669205977146, 0.4532669205977146, 0.4532669205977146, 0.4532669205977146, 0.4532669205977146, 0.4532669205977146, 0.4532669205977146, 0.4532669205977146, 0.4532669205977146, 0.4532669205977146, 0.4532669205977146, 0.4532669205977146, 0.4532669205977146, 0.4532669205977146, 0.4532669205977146, 0.4532669205977146, 0.4532669205977146, 0.4532669205977146, 0.4532669205977146, 0.4532669205977146, 0.4532669205977146, 0.4532669205977146, 0.4532669205977146, 0.4532669205977146, 0.4532669205977146, 0.4532669205977146, 0.4532669205977146, 0.4532669205977146, 0.4532669205977146, 0.4532669205977146, 0.4532669205977146, 0.4532669205977146, 0.4532669205977146, 0.4532669205977146, 0.4532669205977146, 0.4532669205977146, 0.4532669205977146, 0.4532669205977146, 0.4532669205977146, 0.4532669205977146, 0.4532669205977146, 0.4532669205977146, 0.4532669205977146, 0.4532669205977146, 0.4532669205977146, 0.4532669205977146, 0.4532669205977146, 0.4532669205977146, 0.4532669205977146, 0.4532669205977146], "val_acc_hist": [0.5408245755860954, 0.5408245755860954, 0.5408245755860954, 0.5408245755860954, 0.5408245755860954, 0.5408245755860954, 0.5408245755860954, 0.5408245755860954, 0.5408245755860954, 0.5408245755860954, 0.5408245755860954, 0.5408245755860954, 0.5408245755860954, 0.5408245755860954, 0.5408245755860954, 0.5408245755860954, 0.5408245755860954, 0.5408245755860954, 0.5408245755860954, 0.5408245755860954, 0.5408245755860954, 0.5408245755860954, 0.5408245755860954, 0.5408245755860954, 0.5408245755860954, 0.5408245755860954, 0.5408245755860954, 0.5408245755860954, 0.5408245755860954, 0.5408245755860954, 0.5408245755860954, 0.5408245755860954, 0.5408245755860954, 0.5408245755860954, 0.5408245755860954, 0.5408245755860954, 0.5408245755860954, 0.5408245755860954, 0.5408245755860954, 0.5408245755860954, 0.5408245755860954, 0.5408245755860954, 0.5408245755860954, 0.5408245755860954, 0.5408245755860954, 0.5408245755860954, 0.5408245755860954, 0.5408245755860954, 0.5408245755860954, 0.5408245755860954, 0.5408245755860954, 0.5408245755860954, 0.5408245755860954, 0.5408245755860954, 0.5408245755860954, 0.5408245755860954, 0.5408245755860954, 0.5408245755860954, 0.5408245755860954, 0.5408245755860954, 0.5408245755860954, 0.5408245755860954, 0.5408245755860954, 0.5408245755860954, 0.5408245755860954, 0.5408245755860954, 0.5408245755860954, 0.5408245755860954, 0.5408245755860954, 0.5408245755860954, 0.5408245755860954, 0.5408245755860954, 0.5408245755860954, 0.5408245755860954, 0.5408245755860954, 0.5408245755860954, 0.5408245755860954, 0.5408245755860954, 0.5408245755860954, 0.5408245755860954, 0.5408245755860954, 0.5408245755860954, 0.5408245755860954, 0.5408245755860954, 0.5408245755860954, 0.5408245755860954, 0.5408245755860954, 0.5408245755860954, 0.5408245755860954, 0.5408245755860954, 0.5408245755860954, 0.5408245755860954, 0.5408245755860954, 0.5408245755860954, 0.5408245755860954, 0.5408245755860954, 0.5408245755860954, 0.5408245755860954, 0.5408245755860954, 0.5408245755860954], "f1_score_hist": [[1.0], [1.0], [1.0], [1.0], [1.0], [1.0], [1.0], [1.0], [1.0], [1.0], [1.0], [1.0], [1.0], [1.0], [1.0], [1.0], [1.0], [1.0], [1.0], [1.0], [1.0], [1.0], [1.0], [1.0], [1.0], [1.0], [1.0], [1.0], [1.0], [1.0], [1.0], [1.0], [1.0], [1.0], [1.0], [1.0], [1.0], [1.0], [1.0], [1.0], [1.0], [1.0], [1.0], [1.0], [1.0], [1.0], [1.0], [1.0], [1.0], [1.0], [1.0], [1.0], [1.0], [1.0], [1.0], [1.0], [1.0], [1.0], [1.0], [1.0], [1.0], [1.0], [1.0], [1.0], [1.0], [1.0], [1.0], [1.0], [1.0], [1.0], [1.0], [1.0], [1.0], [1.0], [1.0], [1.0], [1.0], [1.0], [1.0], [1.0], [1.0], [1.0], [1.0], [1.0], [1.0], [1.0], [1.0], [1.0], [1.0], [1.0], [1.0], [1.0], [1.0], [1.0], [1.0], [1.0], [1.0], [1.0], [1.0], [1.0]], "f1_score_val_hist": [[1.0], [1.0], [1.0], [1.0], [1.0], [1.0], [1.0], [1.0], [1.0], [1.0], [1.0], [1.0], [1.0], [1.0], [1.0], [1.0], [1.0], [1.0], [1.0], [1.0], [1.0], [1.0], [1.0], [1.0], [1.0], [1.0], [1.0], [1.0], [1.0], [1.0], [1.0], [1.0], [1.0], [1.0], [1.0], [1.0], [1.0], [1.0], [1.0], [1.0], [1.0], [1.0], [1.0], [1.0], [1.0], [1.0], [1.0], [1.0], [1.0], [1.0], [1.0], [1.0], [1.0], [1.0], [1.0], [1.0], [1.0], [1.0], [1.0], [1.0], [1.0], [1.0], [1.0], [1.0], [1.0], [1.0], [1.0], [1.0], [1.0], [1.0], [1.0], [1.0], [1.0], [1.0], [1.0], [1.0], [1.0], [1.0], [1.0], [1.0], [1.0], [1.0], [1.0], [1.0], [1.0], [1.0], [1.0], [1.0], [1.0], [1.0], [1.0], [1.0], [1.0], [1.0], [1.0], [1.0], [1.0], [1.0], [1.0], [1.0]]}