{"name": null, "run_number": 0, "data_file_name": "", "date_iso": "2022-03-28", "author": "Jonas", "description": "ohne nina daten", "architecture": [64, 40, 40, 30, 20, 10, 11], "bias_list": [1, 1, 1, 1, 1, 1], "train_acc": 0.8504474643685781, "loss_function": "categorical_cross_entropy", "activation_functions": ["sigmoid", "sigmoid", "sigmoid", "sigmoid", "sigmoid", "softmax"], "lr": 0.001502, "epochs": 10, "batch_size": 256, "num_samples": 135765, "scaler": {"mean": [1.0152314661363392e-05, 2.4167134386623978e-05, 4.7004912900968665e-05, 5.6104003240894095e-05, 2.9654594335800848e-05, 6.15297904467278e-05, 0.00021792593820204028, 0.00020742369535594596, 7.524451810113066e-05, -3.1962361433359328e-06, -2.6371995727912204e-05, -0.00011976948403491328, -0.00024724914374102327, -0.0003718111221596142, -0.00048215798622619976, 9.048083084742019e-05, 0.00035774788789452375, 0.0005070152763967149, 0.0005804859278901043, 0.0007672428976540344, 1.4916355467167526e-05, 3.619510183036863e-05, 8.709760984053335e-05, 0.00010078042205281187, 9.33132913490221e-05, 4.72446948771775e-05, 0.00019036330423894215, 0.0001564746215887747, 0.00010322195705815199, -5.2269310941700634e-05, -6.570191139100654e-05, -0.00025855694766692454, -0.0005304637424962252, -0.000767861606452326, -0.0009775123411777703, 7.504142452031083e-05, 0.00023858718373660377, 0.00020442309873678794, 0.00017102337863219539, 0.00016218800132582016, 6.64326004493058e-05, 7.360089124590283e-05, 4.516868854270241e-05, 5.896864434869073e-05, 3.5676499834273697e-06, 3.654041174087581e-05, 7.1461466504622e-05, 0.00010054733546937714, 0.00019361955585018228, 0.00015117595109196026, 0.03384847459949177, 0.13819354069163628, 0.29029379947703754, 0.43254732860457407, 0.5758973848488197, -0.014647720472875927, -0.01250496546237985, -0.029602061002467497, -0.012301382101425258, -0.017495228505137548, 0.08305978960704156, -0.7843002002504327, -0.07890319850476928, -0.829329334209848], "std": [0.016630055074737173, 0.035335499834037824, 0.053640125498500425, 0.07035930600825532, 0.08696623573534074, 0.026669310819152584, 0.05059101663324514, 0.06826407519745714, 0.08549032202302646, 0.10126256003269167, 0.013998192969715351, 0.03183771851453885, 0.0487772885269321, 0.06509728448462893, 0.08014619615427836, 0.024709645553988812, 0.04853880820028597, 0.06981822362216267, 0.08953379759940544, 0.10715539364215063, 0.021265025052509386, 0.049460586145570626, 0.07711177446507045, 0.1038808554662707, 0.12740936559561689, 0.04263811717521937, 0.09335881293306196, 0.13877515536776242, 0.1800733620232183, 0.22027316866074084, 0.02309995031314027, 0.05876526126653375, 0.09537409198317504, 0.1270120641134338, 0.15375989444553037, 0.04227810439115921, 0.09878592773483644, 0.15635958530538824, 0.21208065963191045, 0.2646711869828876, 0.023410150813214427, 0.05199662080137292, 0.07528702247320768, 0.09305844305571384, 0.10684780060118265, 0.02428196809855898, 0.04997078440939507, 0.06831792597060292, 0.08039830685454956, 0.0876050957528968, 7.486039570893032, 25.917204379365003, 55.06802219115899, 81.26367953741999, 104.40594177996827, 4.133250333354104, 4.829264696570928, 5.370658827287476, 6.8377929003041835, 8.002284161262672, 0.1469569268435295, 0.6242719505604084, 0.1541969925392551, 0.6121553814204888]}, "loss_hist": [0.8392131166000176, 0.8263082270882462, 0.6190330597242232, 0.5131453975648022, 0.4926283830955304, 0.4693219634690254, 0.4497962922461597, 0.42535834563283587, 0.44123988039092377, 0.4045078034518946], "acc_hist": [0.856067469524546, 0.8513460759400434, 0.8545722387949766, 0.8232386844915848, 0.8175155599749567, 0.8249769822855669, 0.8321290465141973, 0.8453135933414355, 0.838728685596435, 0.8504474643685781], "val_acc_hist": [0.8563757245141493, 0.8366291624048188, 0.8416013183316285, 0.7902318445277873, 0.7806568928287305, 0.7879020343220821, 0.7977895215365383, 0.8120809182861689, 0.8033583361745653, 0.8193544720991022], "f1_score_hist": [[0.9337504435534854, 0, 0, 0, 0.3484126984126984, 0, 0, 0, 0, 0, 0], [0.9333174477315772, 0, 0.333947104117844, 0, 0, 0, 0, 0, 0, 0, 0], [0.9341678142829037, 0, 0.3623252132618064, 0, 0, 0, 0, 0, 0, 0, 0], [0.9394176145768501, 0, 0.3877206158467893, 0.2863735306922072, 0, 0, 0, 0, 0, 0, 0], [0.9372419451007115, 0, 0.37279372437154573, 0.33732427004480153, 0, 0, 0, 0, 0, 0, 0], [0.9432029336569072, 0, 0.3688791208791209, 0.35963706351388514, 0, 0, 0, 0, 0, 0, 0], [0.9479677114702686, 0, 0.3983196486538094, 0.3560242635689648, 0, 0, 0, 0, 0, 0, 0], [0.9508796944173069, 0, 0.4122107336287543, 0.4067603160667252, 0, 0, 0, 0, 0, 0, 0], [0.9477995580961828, 0, 0.39840939216057564, 0.39882204459402604, 0, 0, 0, 0, 0, 0, 0], [0.9525626876893382, 0.07569254779555208, 0.43176895306859203, 0.4350013978194017, 0, 0, 0, 0.254639175257732, 0.059534883720930236, 0, 0]], "f1_score_val_hist": [[0.933149267704416, 0, 0, 0, 0.42222858779719286, 0, 0, 0, 0, 0, 0], [0.9307561733337603, 0, 0.21442495126705655, 0, 0, 0, 0, 0, 0, 0, 0], [0.9324358810769425, 0, 0.2340616581861718, 0, 0, 0, 0, 0, 0, 0, 0], [0.9277569171670329, 0, 0.2500803600128576, 0.20488940628637953, 0, 0, 0, 0, 0, 0, 0], [0.9236255050061478, 0, 0.2336810730253353, 0.23921568627450981, 0, 0, 0, 0, 0, 0, 0], [0.9290704393045365, 0, 0.23292935264558082, 0.2511294594173547, 0, 0, 0, 0, 0, 0, 0], [0.9357392681271641, 0, 0.25627649168568634, 0.25019595547891516, 0, 0, 0, 0, 0, 0, 0], [0.9415043699676553, 0, 0.26536124240378123, 0.28375364556527705, 0, 0, 0, 0, 0, 0, 0], [0.9368632614872825, 0, 0.25410099710517847, 0.27717569786535307, 0, 0, 0, 0, 0, 0, 0], [0.9438665864351413, 0.08102345415778252, 0.27530647985989487, 0.31081332588870275, 0, 0, 0, 0.3646408839779005, 0.05660377358490566, 0, 0]]}