{"name": null, "run_number": 0, "data_file_name": "", "date_iso": "2022-03-26", "author": "Jonas", "description": "erster Grid Search vamos", "architecture": [76, 40, 40, 30, 20, 10, 11], "bias_list": [1, 1, 1, 1, 1, 1], "train_acc": 0.9805, "loss_function": "categorical_cross_entropy", "activation_functions": ["leaky_relu", "leaky_relu", "leaky_relu", "leaky_relu", "leaky_relu", "softmax"], "lr": 0.001, "epochs": 10, "batch_size": 300, "num_samples": 10000, "scaler": {"mean": [-1.326130000000004e-05, -2.4643900000000064e-05, -2.9884399999999856e-05, -3.617369999999992e-05, -4.233119999999973e-05, -4.73265e-05, 3.8515399999999994e-05, 8.362819999999994e-05, 0.00012546729999999995, 0.00016942930000000004, 0.00021386779999999997, 0.0002557695, -1.2125800000000008e-05, -2.687330000000004e-05, -4.113190000000005e-05, -6.128579999999994e-05, -8.684400000000012e-05, -0.00011475910000000005, -6.653689999999998e-05, -0.00013789839999999996, -0.00019883660000000005, -0.00025365609999999987, -0.0003014082000000001, -0.00035251410000000004, -2.326010000000004e-05, -4.514430000000016e-05, -6.193680000000007e-05, -7.541730000000003e-05, -8.618629999999962e-05, -9.442189999999964e-05, 2.9982799999999994e-05, 6.673120000000006e-05, 9.694980000000008e-05, 0.00013272550000000002, 0.0001706484, 0.00020878770000000007, -5.4019499999999987e-05, -0.0001296239999999999, -0.00021136570000000025, -0.0003111980999999998, -0.00042000990000000014, -0.0005314732999999999, -0.0001907050000000001, -0.00040058599999999965, -0.0006166841999999999, -0.0008293044999999997, -0.0010332491999999998, -0.0012311346999999994, -4.562719999999998e-05, -9.865200000000004e-05, -0.00016131180000000006, -0.0002214166, -0.000278791, -0.00033084, -1.2670600000000012e-05, -2.47774e-05, -4.0891e-05, -5.3439599999999935e-05, -6.383619999999999e-05, -7.116580000000002e-05, -0.033601117099999994, -0.0667739144, -0.0996333202, -0.1328677325, -0.1660532509, -0.199591919, 0.0007124044999999999, 0.0014941078999999994, 0.002254744100000001, 0.0029381737999999995, 0.0035526917000000004, 0.004277700999999999, 0.1037418801, -0.7726710877, -0.0480369992, -1.0525890033], "std": [0.014115068889517413, 0.02187288730780856, 0.028799079280883905, 0.034852050974789536, 0.04104239217945156, 0.047370871901565186, 0.011479478345533077, 0.017647229067390857, 0.02164794204959748, 0.02391123248696314, 0.025724279719877934, 0.027288479912431357, 0.014760782696787265, 0.024097681084354304, 0.03296731024936221, 0.041215489415945536, 0.04951994263873358, 0.05780754861159628, 0.015255702889386592, 0.027252098334496693, 0.03845470169771052, 0.0490213478641299, 0.05937037724959791, 0.06941083166071417, 0.015397134899196278, 0.02296456880369578, 0.029839493353916145, 0.03630803602299305, 0.04229031348409222, 0.048340656985840606, 0.03037835954688311, 0.04266041687351574, 0.049780906379449145, 0.05403408194842353, 0.05637520349748263, 0.05728886346301372, 0.025477053156605842, 0.045962003757917515, 0.06582713816427663, 0.08489178224030791, 0.10351660844223502, 0.12144581287290596, 0.05166942208765621, 0.08985406655705462, 0.12689466056104753, 0.16286651308607603, 0.19867775153151473, 0.23366337477576918, 0.02372954317484473, 0.038168363202192676, 0.051323706261354324, 0.06264799229836536, 0.07220606559725658, 0.08009098921943966, 0.01230134268486557, 0.01513305036411527, 0.017907409544094283, 0.019756776551789815, 0.02144121134162829, 0.022808043857729457, 0.13083990342100757, 0.2218012356970467, 0.3135871318822312, 0.39405551767045915, 0.4749338689403917, 0.544023768030371, 0.11936209790723971, 0.16811585169530227, 0.20625501643058095, 0.2388560556486529, 0.2637149147483222, 0.28444446171276316, 0.17252773570218766, 0.4140172759786758, 0.02955255816170572, 0.051551993513547945]}, "loss_hist": [1.0672308039381198, 0.1851335737039725, 0.10696775222573449, 0.09868994139037242, 0.07267301390186368, 0.06459233678846157, 0.0659100555573457, 0.059271999181402836, 0.062075881252983904, 0.05261660182413224], "acc_hist": [0.8396, 0.9553, 0.9687, 0.9668, 0.9737, 0.9756, 0.9746, 0.9761, 0.9755, 0.9805], "val_acc_hist": [0.2788, 0.7336, 0.7413, 0.7562, 0.7865, 0.8189, 0.8109, 0.8249, 0.8409, 0.8599], "f1_score_hist": [[0.8924050632911392, NaN, 0.710239651416122, 0.6877944325481797, NaN, NaN, NaN, NaN, NaN, NaN, NaN], [0.972140853848551, NaN, 0.8261851015801355, 0.8946469248291572, NaN, NaN, NaN, NaN, NaN, NaN, NaN], [0.980639574441764, NaN, 0.8401826484018264, 0.9284241531664211, NaN, NaN, NaN, NaN, NaN, NaN, NaN], [0.9793583685650336, NaN, 0.8473118279569892, 0.9243697478991597, NaN, NaN, NaN, NaN, NaN, NaN, NaN], [0.9837282682670295, NaN, 0.8535031847133757, 0.9423648247177658, NaN, NaN, NaN, NaN, NaN, NaN, NaN], [0.9849289684990735, NaN, 0.8559498956158664, 0.9474632242569798, NaN, NaN, NaN, NaN, NaN, NaN, NaN], [0.9842821782178217, NaN, 0.8523908523908524, 0.9455194998511463, NaN, NaN, NaN, NaN, NaN, NaN, NaN], [0.9852131411247912, NaN, 0.8991228070175439, 0.942916296953564, NaN, NaN, NaN, NaN, NaN, NaN, NaN], [0.9848287819679238, NaN, 0.8723404255319149, 0.9452824608104111, NaN, NaN, NaN, NaN, NaN, NaN, NaN], [0.98798447224105, NaN, 0.8779443254817988, 0.9582324455205812, NaN, NaN, NaN, NaN, NaN, NaN, NaN]], "f1_score_val_hist": [[0.3908766431618351, NaN, 0.19576470588235292, 0.12439658373561084, NaN, NaN, NaN, NaN, NaN, NaN, NaN], [0.8380905511811024, NaN, 0.4050387596899224, 0.2521008403361344, NaN, NaN, NaN, NaN, NaN, NaN, NaN], [0.8450067228945116, NaN, 0.4965706447187929, 0.23664688427299702, NaN, NaN, NaN, NaN, NaN, NaN, NaN], [0.8549109846191111, NaN, 0.4463208685162846, 0.2602291325695581, NaN, NaN, NaN, NaN, NaN, NaN, NaN], [0.8754232757084299, NaN, 0.4761904761904761, 0.2866329811667433, NaN, NaN, NaN, NaN, NaN, NaN, NaN], [0.8959888059701492, NaN, 0.5295774647887324, 0.32935064935064934, NaN, NaN, NaN, NaN, NaN, NaN, NaN], [0.8910230134098496, NaN, 0.5487804878048781, 0.3125608568646543, NaN, NaN, NaN, NaN, NaN, NaN, NaN], [0.9001682232148036, NaN, 0.6150943396226415, 0.3240832507433102, NaN, NaN, NaN, NaN, NaN, NaN, NaN], [0.9098337073479488, NaN, 0.5996592844974447, 0.3591433278418451, NaN, NaN, NaN, NaN, NaN, NaN, NaN], [0.9215987264767753, NaN, 0.6166666666666667, 0.3867334167709637, NaN, NaN, NaN, NaN, NaN, NaN, NaN]]}