{"name": null, "run_number": 0, "data_file_name": "", "date_iso": "2022-03-28", "author": "Jonas", "description": "ohne nina daten", "architecture": [64, 40, 40, 30, 20, 10, 11], "bias_list": [1, 1, 1, 1, 1, 1], "train_acc": 0.9223584870916658, "loss_function": "categorical_cross_entropy", "activation_functions": ["sigmoid", "sigmoid", "sigmoid", "sigmoid", "sigmoid", "softmax"], "lr": 0.002161, "epochs": 10, "batch_size": 64, "num_samples": 135765, "scaler": {"mean": [1.0152314661363392e-05, 2.4167134386623978e-05, 4.7004912900968665e-05, 5.6104003240894095e-05, 2.9654594335800848e-05, 6.15297904467278e-05, 0.00021792593820204028, 0.00020742369535594596, 7.524451810113066e-05, -3.1962361433359328e-06, -2.6371995727912204e-05, -0.00011976948403491328, -0.00024724914374102327, -0.0003718111221596142, -0.00048215798622619976, 9.048083084742019e-05, 0.00035774788789452375, 0.0005070152763967149, 0.0005804859278901043, 0.0007672428976540344, 1.4916355467167526e-05, 3.619510183036863e-05, 8.709760984053335e-05, 0.00010078042205281187, 9.33132913490221e-05, 4.72446948771775e-05, 0.00019036330423894215, 0.0001564746215887747, 0.00010322195705815199, -5.2269310941700634e-05, -6.570191139100654e-05, -0.00025855694766692454, -0.0005304637424962252, -0.000767861606452326, -0.0009775123411777703, 7.504142452031083e-05, 0.00023858718373660377, 0.00020442309873678794, 0.00017102337863219539, 0.00016218800132582016, 6.64326004493058e-05, 7.360089124590283e-05, 4.516868854270241e-05, 5.896864434869073e-05, 3.5676499834273697e-06, 3.654041174087581e-05, 7.1461466504622e-05, 0.00010054733546937714, 0.00019361955585018228, 0.00015117595109196026, 0.03384847459949177, 0.13819354069163628, 0.29029379947703754, 0.43254732860457407, 0.5758973848488197, -0.014647720472875927, -0.01250496546237985, -0.029602061002467497, -0.012301382101425258, -0.017495228505137548, 0.08305978960704156, -0.7843002002504327, -0.07890319850476928, -0.829329334209848], "std": [0.016630055074737173, 0.035335499834037824, 0.053640125498500425, 0.07035930600825532, 0.08696623573534074, 0.026669310819152584, 0.05059101663324514, 0.06826407519745714, 0.08549032202302646, 0.10126256003269167, 0.013998192969715351, 0.03183771851453885, 0.0487772885269321, 0.06509728448462893, 0.08014619615427836, 0.024709645553988812, 0.04853880820028597, 0.06981822362216267, 0.08953379759940544, 0.10715539364215063, 0.021265025052509386, 0.049460586145570626, 0.07711177446507045, 0.1038808554662707, 0.12740936559561689, 0.04263811717521937, 0.09335881293306196, 0.13877515536776242, 0.1800733620232183, 0.22027316866074084, 0.02309995031314027, 0.05876526126653375, 0.09537409198317504, 0.1270120641134338, 0.15375989444553037, 0.04227810439115921, 0.09878592773483644, 0.15635958530538824, 0.21208065963191045, 0.2646711869828876, 0.023410150813214427, 0.05199662080137292, 0.07528702247320768, 0.09305844305571384, 0.10684780060118265, 0.02428196809855898, 0.04997078440939507, 0.06831792597060292, 0.08039830685454956, 0.0876050957528968, 7.486039570893032, 25.917204379365003, 55.06802219115899, 81.26367953741999, 104.40594177996827, 4.133250333354104, 4.829264696570928, 5.370658827287476, 6.8377929003041835, 8.002284161262672, 0.1469569268435295, 0.6242719505604084, 0.1541969925392551, 0.6121553814204888]}, "loss_hist": [0.7876443030410476, 0.5003441448698731, 0.45572246296181795, 0.41537173623278034, 0.3977845195461186, 0.35715873412246546, 0.32363024085637687, 0.2738767082129989, 0.2464738890538675, 0.20748940706290378], "acc_hist": [0.852259418848746, 0.8267005487423121, 0.8452693993297241, 0.8497108975067211, 0.8516922623651162, 0.8611203181968843, 0.872095164438552, 0.8992744816410709, 0.9089235075313962, 0.9223584870916658], "val_acc_hist": [0.8396408682804865, 0.784066371178543, 0.8085862029776111, 0.8090692124105012, 0.810092055915445, 0.8212865098306625, 0.8328219115808615, 0.8683657233776566, 0.8891067166723491, 0.9058699852255938], "f1_score_hist": [[0.9329077676674022, 0, 0.3460046547711404, 0, 0, 0, 0, 0, 0, 0, 0], [0.9398544406285034, 0, 0.4066738218362767, 0.35956397199236156, 0, 0, 0, 0, 0, 0, 0], [0.9410633181939622, 0, 0.4179164167166567, 0.5051468198071297, 0, 0, 0, 0, 0, 0, 0.46126482213438735], [0.9401865723494578, 0.32435154872828004, 0.4405840349568368, 0.561968626511795, 0, 0, 0, 0, 0.3437094682230869, 0, 0.4836914647718517], [0.936452677717852, 0.5134210052242839, 0.4494012679032637, 0.6426238432226457, 0.044701348747591525, 0, 0, 0, 0.36136265631737813, 0, 0.5310776708103561], [0.9396181823900219, 0.5671002799275482, 0.4633901705115346, 0.6988931556358706, 0.04236252545824847, 0, 0, 0.16286243059839606, 0.3824737562756732, 0, 0.5819870759289176], [0.945540541145803, 0.5929102344196684, 0.4714527981910684, 0.7143939393939392, 0.019555555555555555, 0.18853255587949463, 0, 0.2886866059817945, 0.42139959432048674, 0, 0.6273104066315672], [0.9583401433865917, 0.6611285266457679, 0.48471976401179945, 0.7979423174228368, 0.02800875273522976, 0.4169184290030212, 0, 0.569128787878788, 0.585709493458571, 0, 0.7168292682926829], [0.9618879564886403, 0.7217566208514918, 0.1940555146155736, 0.8002358093313121, 0.5615606012152222, 0.5187319884726225, 0.2329192546583851, 0.6604605585497305, 0.6427795874049946, 0.06939281288723669, 0.7538009454452537], [0.967332465471823, 0.8127340823970038, 0.1551145038167939, 0.8504304160688665, 0.5494058786741713, 0.6055461233729486, 0.6143628061436281, 0.6797323135755258, 0.6958250497017893, 0.3187855787476281, 0.7923608289313288]], "f1_score_val_hist": [[0.9313069714723583, 0, 0.22555948174322732, 0, 0, 0, 0, 0, 0, 0, 0], [0.9232680630654277, 0, 0.26540284360189575, 0.24156149104784264, 0, 0, 0, 0, 0, 0, 0], [0.9258172673931266, 0, 0.2719449225473322, 0.3641948222904782, 0, 0, 0, 0, 0, 0, 0.4671814671814672], [0.9227195945945946, 0.24285714285714285, 0.2825063382832307, 0.4139303482587064, 0, 0, 0, 0, 0.39534883720930236, 0, 0.4683972911963883], [0.9181959895132148, 0.39648281374900074, 0.295055169595423, 0.5141294439380127, 0.04775549188156638, 0, 0, 0, 0.3266623628147192, 0, 0.5140131186642815], [0.9233696897080331, 0.44287729196050774, 0.3080550098231827, 0.56884561891516, 0.07414634146341463, 0, 0, 0.13996316758747698, 0.345679012345679, 0, 0.5525291828793774], [0.9300220982847521, 0.42183058555997727, 0.31792376317923765, 0.6025688073394495, 0.0273109243697479, 0.15873015873015872, 0, 0.26455026455026454, 0.3636363636363636, 0, 0.6183399782529903], [0.9470907680372382, 0.5184192900200938, 0.3228247162673393, 0.7238095238095239, 0.03350785340314136, 0.36500000000000005, 0, 0.5981308411214954, 0.5365853658536586, 0, 0.6913094769956745], [0.9501278991914024, 0.5854765506807866, 0.1492842535787321, 0.7104377104377104, 0.6711529834006281, 0.45382585751978893, 0.2519280205655527, 0.6690909090909092, 0.58980044345898, 0.05517241379310345, 0.7207501019160211], [0.9570539595942374, 0.7027522935779816, 0.10148514851485149, 0.804005722460658, 0.658070253445976, 0.5627240143369175, 0.5811001410437237, 0.7019704433497537, 0.6466165413533834, 0.2964959568733153, 0.75456570155902]]}